<!--

    Copyright (C) 2009-2014 SAP SE or an SAP affiliate company. All rights reserved

-->
<ViewSettingsDialog xmlns="sap.m" id="SortDialog" confirm="onConfirmSortDialog">
	<sortItems>
		<ViewSettingsItem id="DateSort" key="1" text="{i18n>QT_DV_DUE_DATE}" selected="false">
			<customData>
				<CustomData xmlns="sap.ui.core" value="{sorter: {path:'DueDate', descending:false}}"/>
			</customData>
		</ViewSettingsItem>
		<ViewSettingsItem id="StatusSort" key="2" text="{i18n>QT_STATUS_TEXT}" selected="false">
			<customData>
				<CustomData xmlns="sap.ui.core" value="{sorter: {path:'Status', descending:false}}"/>
			</customData>
		</ViewSettingsItem>		
	</sortItems>
</ViewSettingsDialog>