<edmx:Edmx
    xmlns:edmx="http://schemas.microsoft.com/ado/2007/06/edmx"
    xmlns:m="http://schemas.microsoft.com/ado/2007/08/dataservices/metadata"
    xmlns:sap="http://www.sap.com/Protocols/SAPData" Version="1.0">
    <edmx:DataServices m:DataServiceVersion="2.0">
        <Schema
            xmlns="http://schemas.microsoft.com/ado/2008/09/edm" Namespace="ZHAP_APPRAISAL_SRV" xml:lang="en" sap:schema-version="1">
            <EntityType Name="EmployeeImage" sap:content-version="1">
                <Key>
                    <PropertyRef Name="EmpId"/>
                </Key>
                <Property Name="EmpId" Type="Edm.String" Nullable="false" MaxLength="12" sap:unicode="false"/>
                <Property Name="EMP_CODE" Type="Edm.String" MaxLength="8" sap:unicode="false"/>
                <Property Name="CONTENT" Type="Edm.String" sap:unicode="false"/>
                <Property Name="MIME_TYPE" Type="Edm.String" sap:unicode="false"/>
            </EntityType>
            <EntityType Name="ET_AppraisalHeader" sap:content-version="1">
                <Key>
                    <PropertyRef Name="EmpId"/>
                </Key>
                <Property Name="EmpId" Type="Edm.String" Nullable="false" MaxLength="255" sap:unicode="false" sap:label="Empoyee ID"/>
                <Property Name="EmpName" Type="Edm.String" MaxLength="40" sap:unicode="false" sap:label="Empl./Appl.Name"/>
                <Property Name="DesignText" Type="Edm.String" MaxLength="40" sap:unicode="false" sap:label="Name"/>
                <Property Name="UnitText" Type="Edm.String" MaxLength="40" sap:unicode="false" sap:label="Name"/>
                <Property Name="DepartText" Type="Edm.String" MaxLength="30" sap:unicode="false" sap:label="PA text"/>
                <Property Name="BandText" Type="Edm.String" MaxLength="20" sap:unicode="false" sap:label="Name of EE SG"/>
                <Property Name="EmpImage" Type="Edm.String" MaxLength="4096" sap:unicode="false" sap:label="URI"/>
                <Property Name="AppeName" Type="Edm.String" MaxLength="40" sap:unicode="false" sap:label="Appraisee Name"/>
                <Property Name="ApprName" Type="Edm.String" MaxLength="40" sap:unicode="false" sap:label="Appraiser Name"/>
                <Property Name="PartApprName" Type="Edm.String" MaxLength="40" sap:unicode="false" sap:label="Part Appraiser Name"/>
                <Property Name="OtherName" Type="Edm.String" MaxLength="40" sap:unicode="false" sap:label="Further Participants"/>
                <NavigationProperty Name="AppraisalGoals" Relationship="ZHAP_APPRAISAL_SRV.AS_HeaderGoals" FromRole="FromRole_AS_HeaderGoals" ToRole="ToRole_AS_HeaderGoals"/>
            </EntityType>
            <EntityType Name="ET_AppraisalGoals" sap:content-version="1">
                <Key>
                    <PropertyRef Name="EmpId"/>
                    <PropertyRef Name="GoalId"/>
                    <PropertyRef Name="GoalItemId"/>
                </Key>
                <Property Name="EmpId" Type="Edm.String" Nullable="false" MaxLength="12" sap:unicode="false" sap:label="Empoyee ID"/>
                <Property Name="GoalSdate" Type="Edm.DateTime" Precision="7" sap:unicode="false" sap:label="Date"/>
                <Property Name="GoalId" Type="Edm.String" Nullable="false" MaxLength="4" sap:unicode="false" sap:label="Internal Row ID"/>
                <Property Name="GoalItemId" Type="Edm.String" Nullable="false" MaxLength="4" sap:unicode="false" sap:label="Internal Row ID"/>
                <Property Name="GoalName" Type="Edm.String" MaxLength="80" sap:unicode="false" sap:label="Element Name"/>
                <Property Name="KraText" Type="Edm.String" MaxLength="4010" sap:unicode="false" sap:label="Objective LongTxt"/>
                <Property Name="KpiText" Type="Edm.String" MaxLength="4010" sap:unicode="false" sap:label="Measurement LongText"/>
                <Property Name="GoalDate" Type="Edm.DateTime" Precision="0" sap:unicode="false" sap:label="Date"/>
                <Property Name="StatusField" Type="Edm.String" MaxLength="1" sap:unicode="false"/>
            </EntityType>
            <EntityType Name="GoalLibarary" sap:content-version="1">
                <Key>
                    <PropertyRef Name="EmpId"/>
                </Key>
                <Property Name="EmpId" Type="Edm.String" Nullable="false" MaxLength="12" sap:unicode="false"/>
                <Property Name="EmpCode" Type="Edm.String" MaxLength="8" sap:unicode="false"/>
                <Property Name="KpiText" Type="Edm.String" sap:unicode="false"/>
                <Property Name="KraText" Type="Edm.String" sap:unicode="false"/>
                <Property Name="Weightage" Type="Edm.String" MaxLength="5" sap:unicode="false"/>
            </EntityType>
            <EntityType Name="ScoreCardTree" sap:content-version="1">
                <Key>
                    <PropertyRef Name="NODE_ID"/>
                </Key>
                <Property Name="NODE_ID" Type="Edm.String" Nullable="false" MaxLength="8" sap:unicode="false"/>
                <Property Name="NODE_TEXT" Type="Edm.String" MaxLength="40" sap:unicode="false"/>
                <Property Name="HIER_LEVEL" Type="Edm.String" MaxLength="1" sap:unicode="false"/>
                <Property Name="PARENT_NODE_ID" Type="Edm.String" MaxLength="8" sap:unicode="false"/>
                <Property Name="PARENT_NODE_TEXT" Type="Edm.String" MaxLength="40" sap:unicode="false"/>
                <Property Name="DRILL_STATE" Type="Edm.String" MaxLength="30" sap:unicode="false"/>
            </EntityType>
            <EntityType Name="ScoreCardGoal" sap:content-version="1">
                <Key>
                    <PropertyRef Name="NODE_ID"/>
                </Key>
                <Property Name="NODE_ID" Type="Edm.String" Nullable="false" MaxLength="8" sap:unicode="false"/>
                <Property Name="KPI_TEXT" Type="Edm.String" MaxLength="4010" sap:unicode="false"/>
                <Property Name="KPA_TEXT" Type="Edm.String" MaxLength="4010" sap:unicode="false"/>
                <Property Name="WEIGHTAGE" Type="Edm.String" MaxLength="5" sap:unicode="false"/>
                <Property Name="PARENT_NODE_ID" Type="Edm.String" MaxLength="8" sap:unicode="false"/>
            </EntityType>
            <EntityType Name="Apprisaleheader" sap:content-version="1">
                <Key>
                    <PropertyRef Name="FiscalYear"/>
                    <PropertyRef Name="EmpId"/>
                </Key>
                <Property Name="EmpCode" Type="Edm.String" MaxLength="8" sap:unicode="false" sap:label="Personnel no."/>
                <Property Name="FiscalYear" Type="Edm.String" Nullable="false" MaxLength="7" sap:unicode="false"/>
                <Property Name="EmpId" Type="Edm.String" Nullable="false" MaxLength="12" sap:unicode="false" sap:label="User Name"/>
                <Property Name="EmpName" Type="Edm.String" MaxLength="40" sap:unicode="false" sap:label="Empl./Appl.Name"/>
                <Property Name="DesignText" Type="Edm.String" MaxLength="40" sap:unicode="false" sap:label="Name"/>
                <Property Name="UnitText" Type="Edm.String" MaxLength="40" sap:unicode="false" sap:label="Name"/>
                <Property Name="DepartText" Type="Edm.String" MaxLength="30" sap:unicode="false" sap:label="PA text"/>
                <Property Name="BandText" Type="Edm.String" MaxLength="20" sap:unicode="false" sap:label="Name of EE SG"/>
                <Property Name="AppeId" Type="Edm.String" MaxLength="45" sap:unicode="false" sap:label="Extended obj.ID"/>
                <Property Name="AppeName" Type="Edm.String" MaxLength="40" sap:unicode="false" sap:label="Appraisee Name"/>
                <Property Name="ApprId" Type="Edm.String" MaxLength="45" sap:unicode="false" sap:label="Extended obj.ID"/>
                <Property Name="ApprName" Type="Edm.String" MaxLength="40" sap:unicode="false" sap:label="Appraiser Name"/>
                <Property Name="PartApprId" Type="Edm.String" MaxLength="45" sap:unicode="false" sap:label="Extended obj.ID"/>
                <Property Name="PartApprName" Type="Edm.String" MaxLength="40" sap:unicode="false" sap:label="Part Appraiser Name"/>
                <Property Name="OtherId" Type="Edm.String" MaxLength="45" sap:unicode="false" sap:label="Extended obj.ID"/>
                <Property Name="OtherName" Type="Edm.String" MaxLength="40" sap:unicode="false" sap:label="Further Participants"/>
                <Property Name="ApStatus" Type="Edm.String" MaxLength="1" sap:unicode="false" sap:label="Appraisal Status"/>
                <Property Name="ApStatusSub" Type="Edm.String" MaxLength="1" sap:unicode="false" sap:label="Substatus"/>
                <Property Name="ActionFlag" Type="Edm.Boolean" sap:unicode="false" sap:label="Action Flg(Appr/Rej)"/>
                <Property Name="ActionComments" Type="Edm.String" MaxLength="255" sap:unicode="false" sap:label="Action Comments"/>
                <Property Name="EmpImage" Type="Edm.String" MaxLength="4096" sap:unicode="false"/>
            </EntityType>
            <EntityType Name="AppraisalGoals" sap:content-version="1">
                <Key>
                    <PropertyRef Name="FiscalYear"/>
                    <PropertyRef Name="EmpId"/>
                    <PropertyRef Name="GoalId"/>
                    <PropertyRef Name="GoalItemId"/>
                </Key>
                <Property Name="FiscalYear" Type="Edm.String" Nullable="false" MaxLength="7" sap:unicode="false"/>
                <Property Name="EmpId" Type="Edm.String" Nullable="false" MaxLength="12" sap:unicode="false" sap:label="User Name"/>
                <Property Name="EmpCode" Type="Edm.String" MaxLength="8" sap:unicode="false" sap:label="Personnel no."/>
                <Property Name="GoalId" Type="Edm.String" Nullable="false" MaxLength="4" sap:unicode="false" sap:label="Internal Row ID"/>
                <Property Name="GoalItemId" Type="Edm.String" Nullable="false" MaxLength="4" sap:unicode="false" sap:label="Internal Row ID"/>
                <Property Name="GoalName" Type="Edm.String" MaxLength="80" sap:unicode="false" sap:label="Element Name"/>
                <Property Name="Weightage" Type="Edm.String" MaxLength="5" sap:unicode="false" sap:label="Weightage"/>
                <Property Name="KraText" Type="Edm.String" MaxLength="4010" sap:unicode="false" sap:label="Objective LongTxt"/>
                <Property Name="KpiText" Type="Edm.String" MaxLength="4010" sap:unicode="false" sap:label="Measurement LongText"/>
                <Property Name="GoalSdate" Type="Edm.DateTime" Precision="0" sap:unicode="false" sap:label="Date"/>
                <Property Name="GoalDate" Type="Edm.DateTime" Precision="0" sap:unicode="false" sap:label="Date"/>
            </EntityType>
            <EntityType Name="ReporteesList" sap:content-version="1">
                <Key>
                    <PropertyRef Name="PernrM"/>
                    <PropertyRef Name="PernrE"/>
                </Key>
                <Property Name="EmpId" Type="Edm.String" MaxLength="12" sap:unicode="false" sap:label="User Name" sap:sortable="false" sap:filterable="false"/>
                <Property Name="PernrM" Type="Edm.String" Nullable="false" MaxLength="8" sap:unicode="false" sap:label="Personnel No."/>
                <Property Name="NchmcM" Type="Edm.String" MaxLength="25" sap:unicode="false" sap:label="Last name"/>
                <Property Name="VnamcM" Type="Edm.String" MaxLength="25" sap:unicode="false" sap:label="First name"/>
                <Property Name="PernrE" Type="Edm.String" Nullable="false" MaxLength="8" sap:unicode="false" sap:label="Personnel No."/>
                <Property Name="NchmcE" Type="Edm.String" MaxLength="25" sap:unicode="false" sap:label="Last name"/>
                <Property Name="VnamcE" Type="Edm.String" MaxLength="25" sap:unicode="false" sap:label="First name"/>
                <Property Name="TemplateId" Type="Edm.String" MaxLength="8" sap:unicode="false" sap:label="Element ID"/>
                <Property Name="ApStatus" Type="Edm.String" MaxLength="1" sap:unicode="false" sap:label="Appraisal Status"/>
                <Property Name="ApStatusSub" Type="Edm.String" MaxLength="1" sap:unicode="false" sap:label="Substatus"/>
                <Property Name="Stat1" Type="Edm.String" MaxLength="40" sap:unicode="false" sap:label="Appraisal Status"/>
                <Property Name="Stat2" Type="Edm.String" MaxLength="40" sap:unicode="false" sap:label="Appraisal Status"/>
                <Property Name="Stat3" Type="Edm.String" MaxLength="40" sap:unicode="false" sap:label="Appraisal Status"/>
                <Property Name="Stat4" Type="Edm.String" MaxLength="40" sap:unicode="false" sap:label="Appraisal Status"/>
                <Property Name="Stat5" Type="Edm.String" MaxLength="40" sap:unicode="false" sap:label="Appraisal Status"/>
                <Property Name="Stat6" Type="Edm.String" MaxLength="40" sap:unicode="false" sap:label="Appraisal Status"/>
                <Property Name="Stat7" Type="Edm.String" MaxLength="40" sap:unicode="false" sap:label="Appraisal Status"/>
                <Property Name="Stat8" Type="Edm.String" MaxLength="40" sap:unicode="false" sap:label="Appraisal Status"/>
                <Property Name="Stat9" Type="Edm.String" MaxLength="40" sap:unicode="false" sap:label="Appraisal Status"/>
            </EntityType>
            <Association Name="AS_HeaderGoals" sap:content-version="1">
                <End Type="ZHAP_APPRAISAL_SRV.ET_AppraisalHeader" Multiplicity="1" Role="FromRole_AS_HeaderGoals"/>
                <End Type="ZHAP_APPRAISAL_SRV.ET_AppraisalGoals" Multiplicity="*" Role="ToRole_AS_HeaderGoals"/>
                <ReferentialConstraint>
                    <Principal Role="FromRole_AS_HeaderGoals">
                        <PropertyRef Name="EmpId"/>
                    </Principal>
                    <Dependent Role="ToRole_AS_HeaderGoals">
                        <PropertyRef Name="EmpId"/>
                    </Dependent>
                </ReferentialConstraint>
            </Association>
            <EntityContainer Name="ZHAP_APPRAISAL_SRV_Entities" m:IsDefaultEntityContainer="true" sap:supported-formats="atom json">
                <EntitySet Name="EmployeeImageSet" EntityType="ZHAP_APPRAISAL_SRV.EmployeeImage" sap:creatable="false" sap:updatable="false" sap:deletable="false" sap:pageable="false" sap:addressable="false" sap:content-version="1"/>
                <EntitySet Name="ET_AppraisalHeaderSet" EntityType="ZHAP_APPRAISAL_SRV.ET_AppraisalHeader" sap:label="Appraisal Document Header" sap:creatable="false" sap:updatable="false" sap:deletable="false" sap:searchable="true" sap:content-version="1"/>
                <EntitySet Name="ET_AppraisalGoalsSet" EntityType="ZHAP_APPRAISAL_SRV.ET_AppraisalGoals" sap:label="Appraisal Document Goals" sap:creatable="false" sap:updatable="false" sap:deletable="false" sap:searchable="true" sap:content-version="1"/>
                <EntitySet Name="GoalLibararySet" EntityType="ZHAP_APPRAISAL_SRV.GoalLibarary" sap:creatable="false" sap:updatable="false" sap:deletable="false" sap:pageable="false" sap:addressable="false" sap:content-version="1"/>
                <EntitySet Name="ScoreCardTreeSet" EntityType="ZHAP_APPRAISAL_SRV.ScoreCardTree" sap:creatable="false" sap:updatable="false" sap:deletable="false" sap:pageable="false" sap:addressable="false" sap:content-version="1"/>
                <EntitySet Name="ScoreCardGoalSet" EntityType="ZHAP_APPRAISAL_SRV.ScoreCardGoal" sap:creatable="false" sap:updatable="false" sap:deletable="false" sap:pageable="false" sap:addressable="false" sap:content-version="1"/>
                <EntitySet Name="ApprisaleheaderSet" EntityType="ZHAP_APPRAISAL_SRV.Apprisaleheader" sap:creatable="false" sap:updatable="false" sap:deletable="false" sap:pageable="false" sap:content-version="1"/>
                <EntitySet Name="AppraisalGoalsSet" EntityType="ZHAP_APPRAISAL_SRV.AppraisalGoals" sap:creatable="false" sap:updatable="false" sap:deletable="false" sap:pageable="false" sap:content-version="1"/>
                <EntitySet Name="ReporteesListSet" EntityType="ZHAP_APPRAISAL_SRV.ReporteesList" sap:creatable="false" sap:updatable="false" sap:deletable="false" sap:pageable="false" sap:content-version="1"/>
                <AssociationSet Name="AppraisalHeaderAppraisalGoals" Association="ZHAP_APPRAISAL_SRV.AS_HeaderGoals" sap:creatable="false" sap:updatable="false" sap:deletable="false" sap:content-version="1">
                    <End EntitySet="ET_AppraisalHeaderSet" Role="FromRole_AS_HeaderGoals"/>
                    <End EntitySet="ET_AppraisalGoalsSet" Role="ToRole_AS_HeaderGoals"/>
                </AssociationSet>
            </EntityContainer>
            <atom:link
                xmlns:atom="http://www.w3.org/2005/Atom" rel="self" href="./sap/ZHAP_APPRAISAL_SRV/$metadata"/>
                <atom:link
                    xmlns:atom="http://www.w3.org/2005/Atom" rel="latest-version" href="./sap/ZHAP_APPRAISAL_SRV/$metadata"/>
                </Schema>
            </edmx:DataServices>
        </edmx:Edmx>