<edmx:Edmx

    xmlns:edmx="http://schemas.microsoft.com/ado/2007/06/edmx"

    xmlns:m="http://schemas.microsoft.com/ado/2007/08/dataservices/metadata"

    xmlns:sap="http://www.sap.com/Protocols/SAPData" Version="1.0">

    <edmx:DataServices m:DataServiceVersion="2.0">

        <Schema

            xmlns="http://schemas.microsoft.com/ado/2008/09/edm" Namespace="ZHAP_APPRAISAL_SRV" xml:lang="en" sap:schema-version="1">

            <EntityType Name="EmployeeImage" sap:content-version="1">

                <Key>

                    <PropertyRef Name="EmpId"/>

                </Key>

                <Property Name="EmpId" Type="Edm.String" Nullable="false" MaxLength="12" sap:unicode="false"/>

                <Property Name="EMP_CODE" Type="Edm.String" MaxLength="8" sap:unicode="false"/>

                <Property Name="CONTENT" Type="Edm.String" sap:unicode="false"/>

                <Property Name="MIME_TYPE" Type="Edm.String" sap:unicode="false"/>

            </EntityType>

            <EntityType Name="EmployeeStatus" sap:content-version="1">

                <Key>

                    <PropertyRef Name="EmpId"/>

                    <PropertyRef Name="FiscalYear"/>

                </Key>

                <Property Name="EmpCode" Type="Edm.String" MaxLength="8" sap:unicode="false" sap:label="Personnel No."/>

                <Property Name="EmpId" Type="Edm.String" Nullable="false" MaxLength="12" sap:unicode="false" sap:label="User Name"/>

                <Property Name="FiscalYear" Type="Edm.String" Nullable="false" MaxLength="10" sap:unicode="false" sap:label="Fiscal Year (YYYY-YY"/>

                <Property Name="ActionFlag" Type="Edm.String" MaxLength="1" sap:unicode="false" sap:label="Action Flg(Appr/Rej)"/>

                <Property Name="ActionComments" Type="Edm.String" MaxLength="4010" sap:unicode="false" sap:label="Action Comments"/>

            </EntityType>

            <EntityType Name="ApprisalGoalsNew" sap:content-version="1">

                <Key>

                    <PropertyRef Name="EmpId"/>

                    <PropertyRef Name="FiscalYear"/>

                    <PropertyRef Name="GoalId"/>

                    <PropertyRef Name="GoalItemId"/>

                </Key>

                <Property Name="EmpId" Type="Edm.String" Nullable="false" MaxLength="12" sap:unicode="false" sap:label="User Name"/>

                <Property Name="EmpCode" Type="Edm.String" MaxLength="8" sap:unicode="false" sap:label="Personnel no."/>

                <Property Name="FiscalYear" Type="Edm.String" Nullable="false" MaxLength="10" sap:unicode="false" sap:label="Fiscal Year (YYYY-YY"/>

                <Property Name="GoalId" Type="Edm.String" Nullable="false" MaxLength="4" sap:unicode="false" sap:label="Internal Row ID"/>

                <Property Name="GoalItemId" Type="Edm.String" Nullable="false" MaxLength="4" sap:unicode="false" sap:label="Internal Row ID"/>

                <Property Name="GoalName" Type="Edm.String" MaxLength="80" sap:unicode="false" sap:label="Element Name"/>

                <Property Name="GoalSdate" Type="Edm.DateTime" Precision="0" sap:unicode="false" sap:label="Date"/>

                <Property Name="GoalDate" Type="Edm.DateTime" Precision="0" sap:unicode="false" sap:label="Date"/>

                <Property Name="KraText" Type="Edm.String" MaxLength="4010" sap:unicode="false" sap:label="Objective LongTxt"/>

                <Property Name="Weightage" Type="Edm.String" MaxLength="5" sap:unicode="false" sap:label="Weightage"/>

                <Property Name="KpiText" Type="Edm.String" MaxLength="4010" sap:unicode="false" sap:label="Measurement LongText"/>

                <Property Name="HyrEmpTxt" Type="Edm.String" MaxLength="4010" sap:unicode="false" sap:label="Half Yly App by Emp"/>

                <Property Name="HyrFbkTxt" Type="Edm.String" MaxLength="4010" sap:unicode="false" sap:label="Half Yearly Feedback"/>

                <Property Name="AnnSlfTxt" Type="Edm.String" MaxLength="4010" sap:unicode="false" sap:label="Annual self appraisa"/>

                <Property Name="OvrAchTxt" Type="Edm.String" MaxLength="4010" sap:unicode="false" sap:label="Overall Achv &amp; Contr"/>

                <Property Name="PrtAppTxt" Type="Edm.String" MaxLength="4010" sap:unicode="false" sap:label="Part Appraisal"/>

                <Property Name="SthFbkTxt" Type="Edm.String" MaxLength="4010" sap:unicode="false" sap:label="Feedback - Stkholder"/>

                <Property Name="AnnLp1Txt" Type="Edm.String" MaxLength="4010" sap:unicode="false" sap:label="Annual App by L+1"/>

                <Property Name="PftLp1Txt" Type="Edm.String" MaxLength="4010" sap:unicode="false" sap:label="Point Factor L+1"/>

                <Property Name="RvwRevTxt" Type="Edm.String" MaxLength="4010" sap:unicode="false" sap:label="Reviewer Comm &amp; Rvew"/>

                <Property Name="PftLp2Txt" Type="Edm.String" MaxLength="4010" sap:unicode="false" sap:label="Point Factor L+2"/>

                <Property Name="FinAppTxt" Type="Edm.String" MaxLength="4010" sap:unicode="false" sap:label="Final Appraisal"/>

                <Property Name="PntFctTxt" Type="Edm.String" MaxLength="4010" sap:unicode="false" sap:label="Point Factor"/>

                <Property Name="ArcFbkTxt" Type="Edm.String" MaxLength="4010" sap:unicode="false" sap:label="ARC Feedback"/>

                <Property Name="KraVal" Type="Edm.String" MaxLength="5" sap:unicode="false" sap:label="Objective Value"/>

                <Property Name="WeightVal" Type="Edm.String" MaxLength="5" sap:unicode="false" sap:label="Weightage Value"/>

                <Property Name="KpiVal" Type="Edm.String" MaxLength="5" sap:unicode="false" sap:label="Measurement Value"/>

                <Property Name="HyrEmpVal" Type="Edm.String" MaxLength="5" sap:unicode="false" sap:label="HY App Val by Emp"/>

                <Property Name="HyrFbkVal" Type="Edm.String" MaxLength="5" sap:unicode="false" sap:label="Half Yearly Fbk Val"/>

                <Property Name="AnnSlfVal" Type="Edm.String" MaxLength="5" sap:unicode="false" sap:label="Annual self app Val"/>

                <Property Name="OvrAchVal" Type="Edm.String" MaxLength="5" sap:unicode="false" sap:label="Ovr Achv &amp; Contr Val"/>

                <Property Name="PrtAppVal" Type="Edm.String" MaxLength="5" sap:unicode="false" sap:label="Part Appraisal Val"/>

                <Property Name="SthFbkVal" Type="Edm.String" MaxLength="5" sap:unicode="false" sap:label="Feedback - STH Val"/>

                <Property Name="AnnLp1Val" Type="Edm.String" MaxLength="5" sap:unicode="false" sap:label="AnnApp by L+1 Val"/>

                <Property Name="PftLp1Val" Type="Edm.String" MaxLength="5" sap:unicode="false" sap:label="Point Factor L+1 Val"/>

                <Property Name="RvwRevVal" Type="Edm.String" MaxLength="5" sap:unicode="false" sap:label="RwvwComm &amp; Rvew Val"/>

                <Property Name="PftLp2Val" Type="Edm.String" MaxLength="5" sap:unicode="false" sap:label="Point Factor L+2 Val"/>

                <Property Name="FinAppVal" Type="Edm.String" MaxLength="5" sap:unicode="false" sap:label="Final Appraisal Val"/>

                <Property Name="PntFctVal" Type="Edm.String" MaxLength="5" sap:unicode="false" sap:label="Point Factor Val"/>

                <Property Name="ArcFbkVal" Type="Edm.String" MaxLength="5" sap:unicode="false" sap:label="ARC Feedback Val"/>

                <Property Name="WEIGHT_DAT" Type="Edm.String" MaxLength="20" sap:unicode="false"/>

                <Property Name="KPI_DAT" Type="Edm.String" MaxLength="20" sap:unicode="false"/>

                <Property Name="HYR_EMP_DAT" Type="Edm.String" MaxLength="20" sap:unicode="false"/>

                <Property Name="KRA_DAT" Type="Edm.String" MaxLength="20" sap:unicode="false"/>

                <Property Name="HYR_FBK_DAT" Type="Edm.String" MaxLength="20" sap:unicode="false"/>

                <Property Name="ANN_SLF_DAT" Type="Edm.String" MaxLength="20" sap:unicode="false"/>

                <Property Name="OVR_ACH_DAT" Type="Edm.String" MaxLength="20" sap:unicode="false"/>

                <Property Name="PRT_APP_DAT" Type="Edm.String" MaxLength="20" sap:unicode="false"/>

                <Property Name="STH_FBK_DAT" Type="Edm.String" MaxLength="20" sap:unicode="false"/>

                <Property Name="ANN_LP1_DAT" Type="Edm.String" MaxLength="20" sap:unicode="false"/>

                <Property Name="PFT_LP1_DAT" Type="Edm.String" MaxLength="20" sap:unicode="false"/>

                <Property Name="RVW_REV_DAT" Type="Edm.String" MaxLength="20" sap:unicode="false"/>

                <Property Name="PFT_LP2_DAT" Type="Edm.String" MaxLength="20" sap:unicode="false"/>

                <Property Name="FIN_APP_DAT" Type="Edm.String" MaxLength="20" sap:unicode="false"/>

                <Property Name="PNT_FCT_DAT" Type="Edm.String" MaxLength="20" sap:unicode="false"/>

                <Property Name="ARC_FBK_DAT" Type="Edm.String" MaxLength="20" sap:unicode="false"/>

            </EntityType>

            <EntityType Name="ApprisalHeaderNew" sap:content-version="1">

                <Key>

                    <PropertyRef Name="EmpId"/>

                    <PropertyRef Name="FiscalYear"/>

                </Key>

                <Property Name="EmpCode" Type="Edm.String" MaxLength="8" sap:unicode="false" sap:label="Personnel no."/>

                <Property Name="EmpId" Type="Edm.String" Nullable="false" MaxLength="12" sap:unicode="false" sap:label="User Name"/>

                <Property Name="FiscalYear" Type="Edm.String" Nullable="false" MaxLength="10" sap:unicode="false" sap:label="Fiscal Year (YYYY-YY"/>

                <Property Name="EmpName" Type="Edm.String" MaxLength="40" sap:unicode="false" sap:label="Empl./Appl.Name"/>

                <Property Name="EndDate" Type="Edm.DateTime" Precision="0" sap:unicode="false" sap:label="End Date"/>

                <Property Name="BegDate" Type="Edm.DateTime" Precision="0" sap:unicode="false" sap:label="Start Date"/>

                <Property Name="UnitCode" Type="Edm.String" MaxLength="8" sap:unicode="false" sap:label="Org. Unit"/>

                <Property Name="DesignCode" Type="Edm.String" MaxLength="8" sap:unicode="false" sap:label="Position"/>

                <Property Name="DepartCode" Type="Edm.String" MaxLength="4" sap:unicode="false" sap:label="Personnel area"/>

                <Property Name="BandCode" Type="Edm.String" MaxLength="2" sap:unicode="false" sap:label="EE subgroup"/>

                <Property Name="DesignText" Type="Edm.String" MaxLength="40" sap:unicode="false" sap:label="Name"/>

                <Property Name="UnitText" Type="Edm.String" MaxLength="40" sap:unicode="false" sap:label="Name"/>

                <Property Name="DepartText" Type="Edm.String" MaxLength="30" sap:unicode="false" sap:label="PA text"/>

                <Property Name="BandText" Type="Edm.String" MaxLength="20" sap:unicode="false" sap:label="Name of EE SG"/>

                <Property Name="JoinDate" Type="Edm.DateTime" Precision="0" sap:unicode="false" sap:label="date of joining"/>

                <Property Name="Plvar" Type="Edm.String" MaxLength="2" sap:unicode="false" sap:label="Plan Version"/>

                <Property Name="EmpImage" Type="Edm.String" MaxLength="4096" sap:unicode="false" sap:label="URI"/>

                <Property Name="OtherImage" Type="Edm.String" MaxLength="4096" sap:unicode="false" sap:label="URI"/>

                <Property Name="ApproverImage" Type="Edm.String" MaxLength="4096" sap:unicode="false" sap:label="URI"/>

                <Property Name="parrtApproverImage" Type="Edm.String" MaxLength="4096" sap:unicode="false" sap:label="URI"/>

                <Property Name="AppeId" Type="Edm.String" MaxLength="45" sap:unicode="false" sap:label="Extended obj.ID"/>

                <Property Name="AppeName" Type="Edm.String" MaxLength="40" sap:unicode="false" sap:label="Appraisee Name"/>

                <Property Name="ApprId" Type="Edm.String" MaxLength="45" sap:unicode="false" sap:label="Extended obj.ID"/>

                <Property Name="ApprName" Type="Edm.String" MaxLength="40" sap:unicode="false" sap:label="Appraiser Name"/>

                <Property Name="ApprDesigCode" Type="Edm.String" MaxLength="8" sap:unicode="false" sap:label="Org. Unit"/>

                <Property Name="ApprDesigText" Type="Edm.String" MaxLength="40" sap:unicode="false" sap:label="Name"/>

                <Property Name="PartApprId" Type="Edm.String" MaxLength="45" sap:unicode="false" sap:label="Extended obj.ID"/>

                <Property Name="PartApprName" Type="Edm.String" MaxLength="40" sap:unicode="false" sap:label="Part Appraiser Name"/>

                <Property Name="PapprDesigCode" Type="Edm.String" MaxLength="8" sap:unicode="false" sap:label="Org. Unit"/>

                <Property Name="PapprDesigText" Type="Edm.String" MaxLength="40" sap:unicode="false" sap:label="Name"/>

                <Property Name="OtherId" Type="Edm.String" MaxLength="45" sap:unicode="false" sap:label="Extended obj.ID"/>

                <Property Name="OtherName" Type="Edm.String" MaxLength="40" sap:unicode="false" sap:label="Further Participants"/>

                <Property Name="OtherDesigCode" Type="Edm.String" MaxLength="8" sap:unicode="false" sap:label="Org. Unit"/>

                <Property Name="OtherDesigText" Type="Edm.String" MaxLength="40" sap:unicode="false" sap:label="Name"/>

                <Property Name="TemplateId" Type="Edm.String" MaxLength="8" sap:unicode="false" sap:label="Element ID"/>

                <Property Name="ApStatus" Type="Edm.String" MaxLength="1" sap:unicode="false" sap:label="Appraisal Status"/>

                <Property Name="ApStatusName" Type="Edm.String" MaxLength="40" sap:unicode="false" sap:label="Appraisal Status"/>

                <Property Name="ApStatusSub" Type="Edm.String" MaxLength="1" sap:unicode="false" sap:label="Substatus"/>

                <Property Name="ApStatusSubName" Type="Edm.String" MaxLength="40" sap:unicode="false" sap:label="Substatus"/>

                <Property Name="ActionFlag" Type="Edm.Boolean" sap:unicode="false" sap:label="Action Flg(Appr/Rej)"/>

                <Property Name="ActionComments" Type="Edm.String" MaxLength="4010" sap:unicode="false" sap:label="Action Comments"/>

                <Property Name="PlRejTxt" Type="Edm.String" MaxLength="4010" sap:unicode="false" sap:label="Pl Rejc Comm by Appr"/>

                <Property Name="RvRejTxt" Type="Edm.String" MaxLength="4010" sap:unicode="false" sap:label="Rv Rejc Comm by Appr"/>

                <Property Name="KraText" Type="Edm.String" MaxLength="4010" sap:unicode="false" sap:label="Objective LongTxt"/>

                <Property Name="Weightage" Type="Edm.String" MaxLength="5" sap:unicode="false" sap:label="Weightage"/>

                <Property Name="KpiText" Type="Edm.String" MaxLength="4010" sap:unicode="false" sap:label="Measurement LongText"/>

                <Property Name="HyrEmpTxt" Type="Edm.String" MaxLength="4010" sap:unicode="false" sap:label="Half Yly App by Emp"/>

                <Property Name="HyrFbkTxt" Type="Edm.String" MaxLength="4010" sap:unicode="false" sap:label="Half Yearly Feedback"/>

                <Property Name="AnnSlfTxt" Type="Edm.String" MaxLength="4010" sap:unicode="false" sap:label="Annual self appraisa"/>

                <Property Name="OvrAchTxt" Type="Edm.String" MaxLength="4010" sap:unicode="false" sap:label="Overall Achv &amp; Contr"/>

                <Property Name="PrtAppTxt" Type="Edm.String" MaxLength="4010" sap:unicode="false" sap:label="Part Appraisal"/>

                <Property Name="SthFbkTxt" Type="Edm.String" MaxLength="4010" sap:unicode="false" sap:label="Feedback - Stkholder"/>

                <Property Name="AnnLp1Txt" Type="Edm.String" MaxLength="4010" sap:unicode="false" sap:label="Annual App by L+1"/>

                <Property Name="PftLp1Txt" Type="Edm.String" MaxLength="4010" sap:unicode="false" sap:label="Point Factor L+1"/>

                <Property Name="RvwRevTxt" Type="Edm.String" MaxLength="4010" sap:unicode="false" sap:label="Reviewer Comm &amp; Rvew"/>

                <Property Name="PftLp2Txt" Type="Edm.String" MaxLength="4010" sap:unicode="false" sap:label="Point Factor L+2"/>

                <Property Name="FinAppTxt" Type="Edm.String" MaxLength="4010" sap:unicode="false" sap:label="Final Appraisal"/>

                <Property Name="PntFctTxt" Type="Edm.String" MaxLength="4010" sap:unicode="false" sap:label="Point Factor"/>

                <Property Name="ArcFbkTxt" Type="Edm.String" MaxLength="4010" sap:unicode="false" sap:label="ARC Feedback"/>

                <Property Name="KraVal" Type="Edm.String" MaxLength="5" sap:unicode="false" sap:label="Objective Value"/>

                <Property Name="WeightVal" Type="Edm.String" MaxLength="5" sap:unicode="false" sap:label="Weightage Value"/>

                <Property Name="KpiVal" Type="Edm.String" MaxLength="5" sap:unicode="false" sap:label="Measurement Value"/>

                <Property Name="HyrEmpVal" Type="Edm.String" MaxLength="5" sap:unicode="false" sap:label="HY App Val by Emp"/>

                <Property Name="HyrFbkVal" Type="Edm.String" MaxLength="5" sap:unicode="false" sap:label="Half Yearly Fbk Val"/>

                <Property Name="AnnSlfVal" Type="Edm.String" MaxLength="5" sap:unicode="false" sap:label="Annual self app Val"/>

                <Property Name="OvrAchVal" Type="Edm.String" MaxLength="5" sap:unicode="false" sap:label="Ovr Achv &amp; Contr Val"/>

                <Property Name="PrtAppVal" Type="Edm.String" MaxLength="5" sap:unicode="false" sap:label="Part Appraisal Val"/>

                <Property Name="SthFbkVal" Type="Edm.String" MaxLength="5" sap:unicode="false" sap:label="Feedback - STH Val"/>

                <Property Name="AnnLp1Val" Type="Edm.String" MaxLength="5" sap:unicode="false" sap:label="AnnApp by L+1 Val"/>

                <Property Name="PftLp1Val" Type="Edm.String" MaxLength="5" sap:unicode="false" sap:label="Point Factor L+1 Val"/>

                <Property Name="RvwRevVal" Type="Edm.String" MaxLength="5" sap:unicode="false" sap:label="RwvwComm &amp; Rvew Val"/>

                <Property Name="PftLp2Val" Type="Edm.String" MaxLength="5" sap:unicode="false" sap:label="Point Factor L+2 Val"/>

                <Property Name="FinAppVal" Type="Edm.String" MaxLength="5" sap:unicode="false" sap:label="Final Appraisal Val"/>

                <Property Name="PntFctVal" Type="Edm.String" MaxLength="5" sap:unicode="false" sap:label="Point Factor Val"/>

                <Property Name="ArcFbkVal" Type="Edm.String" MaxLength="5" sap:unicode="false" sap:label="ARC Feedback Val"/>

                <Property Name="WEIGHT_DAT" Type="Edm.String" MaxLength="20" sap:unicode="false"/>

                <Property Name="KPI_DAT" Type="Edm.String" MaxLength="20" sap:unicode="false"/>

                <Property Name="HYR_EMP_DAT" Type="Edm.String" MaxLength="20" sap:unicode="false"/>

                <Property Name="KRA_DAT" Type="Edm.String" MaxLength="20" sap:unicode="false"/>

                <Property Name="HYR_FBK_DAT" Type="Edm.String" MaxLength="20" sap:unicode="false"/>

                <Property Name="ANN_SLF_DAT" Type="Edm.String" MaxLength="20" sap:unicode="false"/>

                <Property Name="OVR_ACH_DAT" Type="Edm.String" MaxLength="20" sap:unicode="false"/>

                <Property Name="PRT_APP_DAT" Type="Edm.String" MaxLength="20" sap:unicode="false"/>

                <Property Name="STH_FBK_DAT" Type="Edm.String" MaxLength="20" sap:unicode="false"/>

                <Property Name="ANN_LP1_DAT" Type="Edm.String" MaxLength="20" sap:unicode="false"/>

                <Property Name="PFT_LP1_DAT" Type="Edm.String" MaxLength="20" sap:unicode="false"/>

                <Property Name="RVW_REV_DAT" Type="Edm.String" MaxLength="20" sap:unicode="false"/>

                <Property Name="PFT_LP2_DAT" Type="Edm.String" MaxLength="20" sap:unicode="false"/>

                <Property Name="FIN_APP_DAT" Type="Edm.String" MaxLength="20" sap:unicode="false"/>

                <Property Name="PNT_FCT_DAT" Type="Edm.String" MaxLength="20" sap:unicode="false"/>

                <Property Name="ARC_FBK_DAT" Type="Edm.String" MaxLength="20" sap:unicode="false"/>

            </EntityType>

            <EntityType Name="ReporteeslistNewMM" sap:content-version="1">

                <Key>

                    <PropertyRef Name="EmpIdM"/>

                    <PropertyRef Name="FiscalYearM"/>

                </Key>

                <Property Name="EmpId" Type="Edm.String" MaxLength="12" sap:unicode="false" sap:label="User Name" sap:creatable="false" sap:updatable="false" sap:sortable="false" sap:filterable="false"/>

                <Property Name="FiscalYear" Type="Edm.String" MaxLength="10" sap:unicode="false" sap:label="Fiscal Year (YYYY-YY" sap:creatable="false" sap:updatable="false" sap:sortable="false" sap:filterable="false"/>

                <Property Name="EmpIdM" Type="Edm.String" Nullable="false" MaxLength="12" sap:unicode="false" sap:label="User Name" sap:creatable="false" sap:updatable="false" sap:sortable="false" sap:filterable="false"/>

                <Property Name="EmpCodeM" Type="Edm.String" MaxLength="8" sap:unicode="false" sap:label="Personnel No." sap:creatable="false" sap:updatable="false" sap:sortable="false" sap:filterable="false"/>

                <Property Name="EmpFnameM" Type="Edm.String" MaxLength="25" sap:unicode="false" sap:label="Last name" sap:creatable="false" sap:updatable="false" sap:sortable="false" sap:filterable="false"/>

                <Property Name="EmpLnameM" Type="Edm.String" MaxLength="25" sap:unicode="false" sap:label="First name" sap:creatable="false" sap:updatable="false" sap:sortable="false" sap:filterable="false"/>

                <Property Name="FiscalYearM" Type="Edm.String" Nullable="false" MaxLength="10" sap:unicode="false" sap:label="Fiscal Year (YYYY-YY" sap:creatable="false" sap:updatable="false" sap:sortable="false" sap:filterable="false"/>

                <Property Name="EmpImage" Type="Edm.String" MaxLength="4096" sap:unicode="false" sap:creatable="false" sap:updatable="false" sap:sortable="false" sap:filterable="false"/>

                <Property Name="EmpIdE" Type="Edm.String" MaxLength="12" sap:unicode="false" sap:label="User Name" sap:creatable="false" sap:updatable="false" sap:sortable="false" sap:filterable="false"/>

                <Property Name="EmpCodeE" Type="Edm.String" MaxLength="8" sap:unicode="false" sap:label="Personnel No." sap:creatable="false" sap:updatable="false" sap:sortable="false" sap:filterable="false"/>

                <Property Name="EmpFnameE" Type="Edm.String" MaxLength="25" sap:unicode="false" sap:label="Last name" sap:creatable="false" sap:updatable="false" sap:sortable="false" sap:filterable="false"/>

                <Property Name="EmpLnameE" Type="Edm.String" MaxLength="25" sap:unicode="false" sap:label="First name" sap:creatable="false" sap:updatable="false" sap:sortable="false" sap:filterable="false"/>

                <Property Name="AppraisalId" Type="Edm.String" MaxLength="32" sap:unicode="false" sap:label="Appraisal Doc. ID" sap:creatable="false" sap:updatable="false" sap:sortable="false" sap:filterable="false"/>

                <Property Name="TemplateId" Type="Edm.String" MaxLength="8" sap:unicode="false" sap:label="Element ID" sap:creatable="false" sap:updatable="false" sap:sortable="false" sap:filterable="false"/>

                <Property Name="ApStatus" Type="Edm.String" MaxLength="1" sap:unicode="false" sap:label="Appraisal Status" sap:creatable="false" sap:updatable="false" sap:sortable="false" sap:filterable="false"/>

                <Property Name="ApStatusSub" Type="Edm.String" MaxLength="1" sap:unicode="false" sap:label="Substatus" sap:creatable="false" sap:updatable="false" sap:sortable="false" sap:filterable="false"/>

                <Property Name="WorkLevel" Type="Edm.String" MaxLength="20" sap:unicode="false" sap:label="Name of EE SG" sap:creatable="false" sap:updatable="false" sap:sortable="false" sap:filterable="false"/>

                <Property Name="Stat1" Type="Edm.String" MaxLength="40" sap:unicode="false" sap:label="Appraisal Status" sap:creatable="false" sap:updatable="false" sap:sortable="false" sap:filterable="false"/>

                <Property Name="Stat2" Type="Edm.String" MaxLength="40" sap:unicode="false" sap:label="Appraisal Status" sap:creatable="false" sap:updatable="false" sap:sortable="false" sap:filterable="false"/>

                <Property Name="Stat3" Type="Edm.String" MaxLength="40" sap:unicode="false" sap:label="Appraisal Status" sap:creatable="false" sap:updatable="false" sap:sortable="false" sap:filterable="false"/>

                <Property Name="Stat4" Type="Edm.String" MaxLength="40" sap:unicode="false" sap:label="Appraisal Status" sap:creatable="false" sap:updatable="false" sap:sortable="false" sap:filterable="false"/>

                <Property Name="Stat5" Type="Edm.String" MaxLength="40" sap:unicode="false" sap:label="Appraisal Status" sap:creatable="false" sap:updatable="false" sap:sortable="false" sap:filterable="false"/>

                <Property Name="Stat6" Type="Edm.String" MaxLength="40" sap:unicode="false" sap:label="Appraisal Status" sap:creatable="false" sap:updatable="false" sap:sortable="false" sap:filterable="false"/>

                <Property Name="Stat7" Type="Edm.String" MaxLength="40" sap:unicode="false" sap:label="Appraisal Status" sap:creatable="false" sap:updatable="false" sap:sortable="false" sap:filterable="false"/>

                <Property Name="Stat8" Type="Edm.String" MaxLength="40" sap:unicode="false" sap:label="Appraisal Status" sap:creatable="false" sap:updatable="false" sap:sortable="false" sap:filterable="false"/>

                <Property Name="Stat9" Type="Edm.String" MaxLength="40" sap:unicode="false" sap:label="Appraisal Status" sap:creatable="false" sap:updatable="false" sap:sortable="false" sap:filterable="false"/>

            </EntityType>

            <EntityType Name="GoalLibarary" sap:content-version="1">

                <Key>

                    <PropertyRef Name="EmpId"/>

                </Key>

                <Property Name="EmpId" Type="Edm.String" Nullable="false" MaxLength="12" sap:unicode="false"/>

                <Property Name="EmpCode" Type="Edm.String" MaxLength="8" sap:unicode="false"/>

                <Property Name="KpiText" Type="Edm.String" sap:unicode="false"/>

                <Property Name="KraText" Type="Edm.String" sap:unicode="false"/>

                <Property Name="Weightage" Type="Edm.String" MaxLength="5" sap:unicode="false"/>

            </EntityType>

            <EntityType Name="ScoreCardTree" sap:content-version="1">

                <Key>

                    <PropertyRef Name="NODE_ID"/>

                </Key>

                <Property Name="NODE_ID" Type="Edm.String" Nullable="false" MaxLength="8" sap:unicode="false"/>

                <Property Name="NODE_TEXT" Type="Edm.String" MaxLength="40" sap:unicode="false"/>

                <Property Name="HIER_LEVEL" Type="Edm.String" MaxLength="1" sap:unicode="false"/>

                <Property Name="PARENT_NODE_ID" Type="Edm.String" MaxLength="8" sap:unicode="false"/>

                <Property Name="PARENT_NODE_TEXT" Type="Edm.String" MaxLength="40" sap:unicode="false"/>

                <Property Name="DRILL_STATE" Type="Edm.String" MaxLength="30" sap:unicode="false"/>

            </EntityType>

            <EntityType Name="ScoreCardGoal" sap:content-version="1">

                <Key>

                    <PropertyRef Name="NODE_ID"/>

                </Key>

                <Property Name="NODE_ID" Type="Edm.String" Nullable="false" MaxLength="8" sap:unicode="false"/>

                <Property Name="KPI_TEXT" Type="Edm.String" MaxLength="4010" sap:unicode="false"/>

                <Property Name="KPA_TEXT" Type="Edm.String" MaxLength="4010" sap:unicode="false"/>

                <Property Name="WEIGHTAGE" Type="Edm.String" MaxLength="5" sap:unicode="false"/>

                <Property Name="PARENT_NODE_ID" Type="Edm.String" MaxLength="8" sap:unicode="false"/>

            </EntityType>

            <EntityType Name="Apprisaleheader" sap:content-version="1">

                <Key>

                    <PropertyRef Name="FiscalYear"/>

                    <PropertyRef Name="EmpId"/>

                </Key>

                <Property Name="DepartCode" Type="Edm.String" MaxLength="4" sap:unicode="false" sap:label="Personnel area"/>

                <Property Name="EmpCode" Type="Edm.String" MaxLength="8" sap:unicode="false" sap:label="Personnel no."/>

                <Property Name="FiscalYear" Type="Edm.String" Nullable="false" MaxLength="10" sap:unicode="false" sap:label="Fiscal Year"/>

                <Property Name="EmpId" Type="Edm.String" Nullable="false" MaxLength="12" sap:unicode="false" sap:label="User Name"/>

                <Property Name="EmpName" Type="Edm.String" MaxLength="40" sap:unicode="false" sap:label="Empl./Appl.Name"/>

                <Property Name="DesignText" Type="Edm.String" MaxLength="40" sap:unicode="false" sap:label="Name"/>

                <Property Name="UnitText" Type="Edm.String" MaxLength="40" sap:unicode="false" sap:label="Name"/>

                <Property Name="DepartText" Type="Edm.String" MaxLength="30" sap:unicode="false" sap:label="PA text"/>

                <Property Name="BandText" Type="Edm.String" MaxLength="20" sap:unicode="false" sap:label="Name of EE SG"/>

                <Property Name="AppeId" Type="Edm.String" MaxLength="45" sap:unicode="false" sap:label="Extended obj.ID"/>

                <Property Name="AppeName" Type="Edm.String" MaxLength="40" sap:unicode="false" sap:label="Appraisee Name"/>

                <Property Name="ApprId" Type="Edm.String" MaxLength="45" sap:unicode="false" sap:label="Extended obj.ID"/>

                <Property Name="ApprName" Type="Edm.String" MaxLength="40" sap:unicode="false" sap:label="Appraiser Name"/>

                <Property Name="ApprDesignation" Type="Edm.String" MaxLength="40" sap:unicode="false"/>

                <Property Name="PartApprId" Type="Edm.String" MaxLength="45" sap:unicode="false" sap:label="Extended obj.ID"/>

                <Property Name="PartApprName" Type="Edm.String" MaxLength="40" sap:unicode="false" sap:label="Part Appraiser Name"/>

                <Property Name="PartDesignation" Type="Edm.String" MaxLength="40" sap:unicode="false"/>

                <Property Name="OtherId" Type="Edm.String" MaxLength="45" sap:unicode="false" sap:label="Extended obj.ID"/>

                <Property Name="OtherName" Type="Edm.String" MaxLength="40" sap:unicode="false" sap:label="Further Participants"/>

                <Property Name="OtherDesignation" Type="Edm.String" MaxLength="40" sap:unicode="false"/>

                <Property Name="ApStatus" Type="Edm.String" MaxLength="1" sap:unicode="false" sap:label="Appraisal Status"/>

                <Property Name="ApStatusSub" Type="Edm.String" MaxLength="1" sap:unicode="false" sap:label="Substatus"/>

                <Property Name="ActionFlag" Type="Edm.String" MaxLength="1" sap:unicode="false" sap:label="Action Flg(Appr/Rej)"/>

                <Property Name="ActionComments" Type="Edm.String" MaxLength="4010" sap:unicode="false" sap:label="Action Comments"/>

                <Property Name="EmpImage" Type="Edm.String" MaxLength="4096" sap:unicode="false"/>

            </EntityType>

            <EntityType Name="AppraisalGoals" sap:content-version="1">

                <Key>

                    <PropertyRef Name="FiscalYear"/>

                    <PropertyRef Name="EmpId"/>

                    <PropertyRef Name="GoalId"/>

                    <PropertyRef Name="GoalItemId"/>

                </Key>

                <Property Name="FiscalYear" Type="Edm.String" Nullable="false" MaxLength="10" sap:unicode="false" sap:label="Fiscal Year (YYYY-YY"/>

                <Property Name="EmpId" Type="Edm.String" Nullable="false" MaxLength="12" sap:unicode="false" sap:label="User Name"/>

                <Property Name="EmpCode" Type="Edm.String" MaxLength="8" sap:unicode="false" sap:label="Personnel no."/>

                <Property Name="GoalId" Type="Edm.String" Nullable="false" MaxLength="4" sap:unicode="false" sap:label="Internal Row ID"/>

                <Property Name="GoalItemId" Type="Edm.String" Nullable="false" MaxLength="4" sap:unicode="false" sap:label="Internal Row ID"/>

                <Property Name="GoalName" Type="Edm.String" MaxLength="80" sap:unicode="false" sap:label="Element Name"/>

                <Property Name="Weightage" Type="Edm.String" MaxLength="5" sap:unicode="false" sap:label="Weightage"/>

                <Property Name="KraText" Type="Edm.String" MaxLength="4010" sap:unicode="false" sap:label="Objective LongTxt"/>

                <Property Name="KpiText" Type="Edm.String" MaxLength="4010" sap:unicode="false" sap:label="Measurement LongText"/>

                <Property Name="GoalSdate" Type="Edm.DateTime" Precision="0" sap:unicode="false" sap:label="Date"/>

                <Property Name="GoalDate" Type="Edm.DateTime" Precision="0" sap:unicode="false" sap:label="Date"/>

            </EntityType>

            <EntityType Name="ReporteesList" sap:content-version="1">

                <Key>

                    <PropertyRef Name="EmpIdM"/>

                    <PropertyRef Name="FiscalYear"/>

                </Key>

                <Property Name="EmpIdM" Type="Edm.String" Nullable="false" MaxLength="12" sap:unicode="false" sap:label="User Name" sap:creatable="false" sap:updatable="false" sap:sortable="false" sap:filterable="false"/>

                <Property Name="WorkLevel" Type="Edm.String" MaxLength="20" sap:unicode="false" sap:label="Name of EE SG" sap:creatable="false" sap:updatable="false" sap:sortable="false" sap:filterable="false"/>

                <Property Name="EmpCodeM" Type="Edm.String" MaxLength="8" sap:unicode="false" sap:label="Personnel No." sap:creatable="false" sap:updatable="false" sap:sortable="false" sap:filterable="false"/>

                <Property Name="EmpFnameM" Type="Edm.String" MaxLength="25" sap:unicode="false" sap:label="Last name" sap:creatable="false" sap:updatable="false" sap:sortable="false" sap:filterable="false"/>

                <Property Name="EmpLnameM" Type="Edm.String" MaxLength="25" sap:unicode="false" sap:label="First name" sap:creatable="false" sap:updatable="false" sap:sortable="false" sap:filterable="false"/>

                <Property Name="FiscalYear" Type="Edm.String" Nullable="false" MaxLength="10" sap:unicode="false" sap:label="Fiscal Year (YYYY-YY" sap:creatable="false" sap:updatable="false" sap:sortable="false" sap:filterable="false"/>

                <Property Name="EmpIdE" Type="Edm.String" MaxLength="12" sap:unicode="false" sap:label="User Name" sap:creatable="false" sap:updatable="false" sap:sortable="false" sap:filterable="false"/>

                <Property Name="EmpCodeE" Type="Edm.String" MaxLength="8" sap:unicode="false" sap:label="Personnel No." sap:creatable="false" sap:updatable="false" sap:sortable="false" sap:filterable="false"/>

                <Property Name="EmpImage" Type="Edm.String" MaxLength="4096" sap:unicode="false" sap:creatable="false" sap:updatable="false" sap:sortable="false" sap:filterable="false"/>

                <Property Name="EmpFnameE" Type="Edm.String" MaxLength="25" sap:unicode="false" sap:label="Last name" sap:creatable="false" sap:updatable="false" sap:sortable="false" sap:filterable="false"/>

                <Property Name="EmpLnameE" Type="Edm.String" MaxLength="25" sap:unicode="false" sap:label="First name" sap:creatable="false" sap:updatable="false" sap:sortable="false" sap:filterable="false"/>

                <Property Name="TemplateId" Type="Edm.String" MaxLength="8" sap:unicode="false" sap:label="Element ID" sap:creatable="false" sap:updatable="false" sap:sortable="false" sap:filterable="false"/>

                <Property Name="ApStatus" Type="Edm.String" MaxLength="1" sap:unicode="false" sap:label="Appraisal Status" sap:creatable="false" sap:updatable="false" sap:sortable="false" sap:filterable="false"/>

                <Property Name="ApStatusSub" Type="Edm.String" MaxLength="1" sap:unicode="false" sap:label="Substatus" sap:creatable="false" sap:updatable="false" sap:sortable="false" sap:filterable="false"/>

                <Property Name="Stat1" Type="Edm.String" MaxLength="40" sap:unicode="false" sap:label="Appraisal Status" sap:creatable="false" sap:updatable="false" sap:sortable="false" sap:filterable="false"/>

                <Property Name="Stat2" Type="Edm.String" MaxLength="40" sap:unicode="false" sap:label="Appraisal Status" sap:creatable="false" sap:updatable="false" sap:sortable="false" sap:filterable="false"/>

                <Property Name="Stat3" Type="Edm.String" MaxLength="40" sap:unicode="false" sap:label="Appraisal Status" sap:creatable="false" sap:updatable="false" sap:sortable="false" sap:filterable="false"/>

                <Property Name="Stat4" Type="Edm.String" MaxLength="40" sap:unicode="false" sap:label="Appraisal Status" sap:creatable="false" sap:updatable="false" sap:sortable="false" sap:filterable="false"/>

                <Property Name="Stat5" Type="Edm.String" MaxLength="40" sap:unicode="false" sap:label="Appraisal Status" sap:creatable="false" sap:updatable="false" sap:sortable="false" sap:filterable="false"/>

                <Property Name="Stat6" Type="Edm.String" MaxLength="40" sap:unicode="false" sap:label="Appraisal Status" sap:creatable="false" sap:updatable="false" sap:sortable="false" sap:filterable="false"/>

                <Property Name="Stat7" Type="Edm.String" MaxLength="40" sap:unicode="false" sap:label="Appraisal Status" sap:creatable="false" sap:updatable="false" sap:sortable="false" sap:filterable="false"/>

                <Property Name="Stat8" Type="Edm.String" MaxLength="40" sap:unicode="false" sap:label="Appraisal Status" sap:creatable="false" sap:updatable="false" sap:sortable="false" sap:filterable="false"/>

                <Property Name="Stat9" Type="Edm.String" MaxLength="40" sap:unicode="false" sap:label="Appraisal Status" sap:creatable="false" sap:updatable="false" sap:sortable="false" sap:filterable="false"/>

            </EntityType>

            <EntityType Name="HireTree" sap:content-version="1">

                <Key>

                    <PropertyRef Name="EmpId"/>

                    <PropertyRef Name="NodeId"/>

                </Key>

                <Property Name="IEmpId" Type="Edm.String" MaxLength="12" sap:unicode="false" sap:label="User Name"/>

                <Property Name="IFiscalYear" Type="Edm.String" MaxLength="10" sap:unicode="false" sap:label="Fiscal Year (YYYY-YY"/>

                <Property Name="EmpId" Type="Edm.String" Nullable="false" MaxLength="12" sap:unicode="false" sap:label="User Name"/>

                <Property Name="FiscalYear" Type="Edm.String" MaxLength="10" sap:unicode="false" sap:label="Fiscal Year (YYYY-YY"/>

                <Property Name="NodeId" Type="Edm.String" Nullable="false" MaxLength="8" sap:unicode="false" sap:label="Object ID"/>

                <Property Name="EmpImage" Type="Edm.String" MaxLength="4096" sap:unicode="false"/>

                <Property Name="HierLevel" Type="Edm.String" MaxLength="1" sap:unicode="false" sap:label="Hierarchy level"/>

                <Property Name="ParentNodeId" Type="Edm.String" MaxLength="8" sap:unicode="false" sap:label="Object ID"/>

                <Property Name="EmpCode" Type="Edm.String" MaxLength="8" sap:unicode="false" sap:label="Personnel No."/>

                <Property Name="EmpFname" Type="Edm.String" MaxLength="25" sap:unicode="false" sap:label="Last name"/>

                <Property Name="EmpLname" Type="Edm.String" MaxLength="25" sap:unicode="false" sap:label="First name"/>

                <Property Name="AppraisalId" Type="Edm.Guid" sap:unicode="false" sap:label="Appraisal Doc. ID"/>

                <Property Name="TemplateId" Type="Edm.String" MaxLength="8" sap:unicode="false" sap:label="Element ID"/>

                <Property Name="ApStatus" Type="Edm.String" MaxLength="1" sap:unicode="false" sap:label="Appraisal Status"/>

                <Property Name="ApStatusSub" Type="Edm.String" MaxLength="1" sap:unicode="false" sap:label="Substatus"/>

                <Property Name="WorkLevel" Type="Edm.String" MaxLength="20" sap:unicode="false" sap:label="Name of EE SG"/>

            </EntityType>

            <EntityType Name="HireList" sap:content-version="1">

                <Key>

                    <PropertyRef Name="EmpId"/>

                    <PropertyRef Name="NodeId"/>

                </Key>

                <Property Name="IEmpId" Type="Edm.String" MaxLength="12" sap:unicode="false" sap:label="User Name"/>

                <Property Name="IFiscalYear" Type="Edm.String" MaxLength="10" sap:unicode="false" sap:label="Fiscal Year (YYYY-YY"/>

                <Property Name="EmpId" Type="Edm.String" Nullable="false" MaxLength="12" sap:unicode="false" sap:label="User Name"/>

                <Property Name="FiscalYear" Type="Edm.String" MaxLength="10" sap:unicode="false" sap:label="Fiscal Year (YYYY-YY"/>

                <Property Name="NodeId" Type="Edm.String" Nullable="false" MaxLength="8" sap:unicode="false" sap:label="Object ID"/>

                <Property Name="NodeText" Type="Edm.String" MaxLength="40" sap:unicode="false" sap:label="Name"/>

                <Property Name="HierLevel" Type="Edm.String" MaxLength="1" sap:unicode="false" sap:label="Hierarchy level"/>

                <Property Name="ParentNodeId" Type="Edm.String" MaxLength="8" sap:unicode="false" sap:label="Object ID"/>

                <Property Name="ParentNodeText" Type="Edm.String" MaxLength="40" sap:unicode="false" sap:label="Name"/>

                <Property Name="ChildHierLevel" Type="Edm.String" MaxLength="1" sap:unicode="false" sap:label="Hierarchy level"/>

                <Property Name="DrillState" Type="Edm.String" MaxLength="30" sap:unicode="false" sap:label="Object"/>

            </EntityType>

            <EntityContainer Name="ZHAP_APPRAISAL_SRV_Entities" m:IsDefaultEntityContainer="true" sap:supported-formats="atom json">

                <EntitySet Name="EmployeeImageCollection" EntityType="ZHAP_APPRAISAL_SRV.EmployeeImage" sap:content-version="1"/>

                <EntitySet Name="EmployeeStatusSet" EntityType="ZHAP_APPRAISAL_SRV.EmployeeStatus" sap:creatable="false" sap:updatable="false" sap:deletable="false" sap:pageable="false" sap:content-version="1"/>

                <EntitySet Name="ApprisalGoalsNewSet" EntityType="ZHAP_APPRAISAL_SRV.ApprisalGoalsNew" sap:creatable="false" sap:updatable="false" sap:deletable="false" sap:pageable="false" sap:content-version="1"/>

                <EntitySet Name="ApprisalHeaderNewSet" EntityType="ZHAP_APPRAISAL_SRV.ApprisalHeaderNew" sap:creatable="false" sap:updatable="false" sap:deletable="false" sap:pageable="false" sap:content-version="1"/>

                <EntitySet Name="ReporteeslistNewMMSet" EntityType="ZHAP_APPRAISAL_SRV.ReporteeslistNewMM" sap:creatable="false" sap:updatable="false" sap:deletable="false" sap:pageable="false" sap:content-version="1"/>

                <EntitySet Name="GoalLibararySet" EntityType="ZHAP_APPRAISAL_SRV.GoalLibarary" sap:creatable="false" sap:updatable="false" sap:deletable="false" sap:pageable="false" sap:addressable="false" sap:content-version="1"/>

                <EntitySet Name="ScoreCardTreeSet" EntityType="ZHAP_APPRAISAL_SRV.ScoreCardTree" sap:creatable="false" sap:updatable="false" sap:deletable="false" sap:pageable="false" sap:addressable="false" sap:content-version="1"/>

                <EntitySet Name="ScoreCardGoalSet" EntityType="ZHAP_APPRAISAL_SRV.ScoreCardGoal" sap:creatable="false" sap:updatable="false" sap:deletable="false" sap:pageable="false" sap:addressable="false" sap:content-version="1"/>

                <EntitySet Name="ApprisaleheaderSet" EntityType="ZHAP_APPRAISAL_SRV.Apprisaleheader" sap:creatable="false" sap:updatable="false" sap:deletable="false" sap:pageable="false" sap:content-version="1"/>

                <EntitySet Name="AppraisalGoalsSet" EntityType="ZHAP_APPRAISAL_SRV.AppraisalGoals" sap:creatable="false" sap:updatable="false" sap:deletable="false" sap:pageable="false" sap:content-version="1"/>

                <EntitySet Name="ReporteesListSet" EntityType="ZHAP_APPRAISAL_SRV.ReporteesList" sap:creatable="false" sap:updatable="false" sap:deletable="false" sap:pageable="false" sap:content-version="1"/>

                <EntitySet Name="HireTreeSet" EntityType="ZHAP_APPRAISAL_SRV.HireTree" sap:creatable="false" sap:updatable="false" sap:deletable="false" sap:pageable="false" sap:content-version="1"/>

                <EntitySet Name="HireListSet" EntityType="ZHAP_APPRAISAL_SRV.HireList" sap:creatable="false" sap:updatable="false" sap:deletable="false" sap:pageable="false" sap:content-version="1"/>

            </EntityContainer>

            <atom:link

                xmlns:atom="http://www.w3.org/2005/Atom" rel="self" href="./sap/ZHAP_APPRAISAL_SRV/$metadata"/>

                <atom:link

                    xmlns:atom="http://www.w3.org/2005/Atom" rel="latest-version" href="./sap/ZHAP_APPRAISAL_SRV/$metadata"/>

                </Schema>

            </edmx:DataServices>

        </edmx:Edmx>