[{
	"id": "hcp://testwidget/customContentWidget/manifest.json",
	"path": "customContentWidget",
	"scope": "ADMIN",
	"_entityType": "PORTAL_SITE_V2_TEMPLATE_APP_CONFIG",
	"snippetContent": [{
		"path": "/snippets/testCard.html",
		"contentUnit": "/contentUnits/testCard.json",
		"name": "testCard",
		"description": "",
		"categories": [
			"custom"
		],
		"rendererType": "card",
		"icon": "sap-icon://grid",
		"rendererDefaultValues": {
			"card": {
				"width": "18.75rem",
				"height": "160px"
			},
			"carousel": {
				"width": "18.75rem",
				"height": "200px"
			},
			"default": {
				"height": "160px",
				"allowAutoHeight": false
			},
			"grid": {
				"lg": "3",
				"md": "3",
				"sm": "6",
				"xs": "12",
				"margin": "0",
				"height": "160px"
			}
		}
	}]
}]