{
  "webapp/view/Master.view.js": "1464780071000",
  "webapp/view/asn.view.js": "1464780626000",
  "webapp/i18n/i18n.properties": "1464773271000",
  "webapp/model/models.js": "1464773271000",
  "webapp/model/data.json": "1464778421000",
  "webapp/Component.js": "1464779941000",
  "webapp/css/style.css": "1464773271000",
  "webapp/css/custom.css": "1464778386000",
  "webapp/manifest.json": "1464781031000",
  "webapp/index.html": "1464781089000",
  "webapp/serviceAccess.js": "1464777375000",
  "webapp/WidgetID.js": "1464777410000",
  "webapp/fonts/custom-fonts.css": "1464778457000",
  "webapp/fonts/iconFont.json": "1464778477000",
  "webapp/controller/Master.controller.js": "1464780592000",
  "webapp/view/Detail.view.js": "1464780646000",
  "webapp/images/Warning.png": "1464778762000",
  "webapp/images/twitter.png": "1464778762000",
  "webapp/images/top-patch.jpg": "1464778762000",
  "webapp/images/stocks.png": "1464778762000",
  "webapp/images/rss.png": "1464778762000",
  "webapp/images/right-arrow-2.png": "1464778762000",
  "webapp/images/right-arrow-1.png": "1464778762000",
  "webapp/images/radio.png": "1464778762000",
  "webapp/images/PO-icon.png": "1464778762000",
  "webapp/images/pattern.png": "1464778762000",
  "webapp/images/logo.png": "1464778762000",
  "webapp/images/loader.gif": "1464778762000",
  "webapp/images/left-arrow-2.png": "1464778762000",
  "webapp/images/left-arrow-1.png": "1464778762000",
  "webapp/images/l-bar-1.jpg": "1464778762000",
  "webapp/images/invoice-icon.png": "1464778762000",
  "webapp/images/Information.png": "1464778762000",
  "webapp/images/Headericonsprite2.png": "1464778762000",
  "webapp/images/Headericonsprite1.png": "1464778762000",
  "webapp/images/header-border.png": "1464778762000",
  "webapp/images/header-bg-selected.png": "1464778762000",
  "webapp/images/header-bg.png": "1464778762000",
  "webapp/images/graph-4.png": "1464778762000",
  "webapp/images/graph-3.png": "1464778762000",
  "webapp/images/graph-2.png": "1464778762000",
  "webapp/images/graph-1.png": "1464778762000",
  "webapp/images/fb.png": "1464778762000",
  "webapp/images/favicon/favicon-touch-72x72.png": "1464778762000",
  "webapp/images/favicon/favicon-touch-57x57.png": "1464778762000",
  "webapp/images/favicon/favicon-touch-114x114.png": "1464778762000",
  "webapp/images/favicon/favicon-touch.png": "1464778762000",
  "webapp/images/favicon/favicon.png": "1464778762000",
  "webapp/images/favicon/apple-touch-icon-72x72.png": "1464778762000",
  "webapp/images/favicon/apple-touch-icon-57x57.png": "1464778762000",
  "webapp/images/favicon/apple-touch-icon-114x114.png": "1464778762000",
  "webapp/images/favicon/apple-touch-icon.png": "1464778762000",
  "webapp/images/Error.png": "1464778762000",
  "webapp/images/dr_arrows.png": "1464778762000",
  "webapp/images/divider.png": "1464778762000",
  "webapp/images/cross.png": "1464778762000",
  "webapp/images/Confirmation.png": "1464778762000",
  "webapp/images/close.png": "1464778762000",
  "webapp/images/chosen-sprite.png": "1464778762000",
  "webapp/images/checkbox5.png": "1464778762000",
  "webapp/images/checkbox4.png": "1464778762000",
  "webapp/images/checkbox3.png": "1464778762000",
  "webapp/images/checkbox2.png": "1464778762000",
  "webapp/images/checkbox1.png": "1464778762000",
  "webapp/images/checkbox.png": "1464778762000",
  "webapp/images/calendar.png": "1464778762000",
  "webapp/images/business-icon.png": "1464778762000",
  "webapp/view/alerts.view.js": "1464780611000",
  "webapp/view/App.view.js": "1464781173000",
  "webapp/controller/App.controller.js": "1464781144000",
  "webapp/view/grn.view.js": "1464780665000",
  "webapp/view/Hub.view.js": "1464780675000",
  "webapp/view/invoice.view.js": "1464780706000",
  "webapp/view/PO.view.js": "1464780720000",
  "webapp/view/Rfx.view.js": "1464780733000",
  "webapp/controller/alerts.controller.js": "1464780758000",
  "webapp/controller/asn.controller.js": "1464780769000",
  "webapp/controller/Detail.controller.js": "1464780835000",
  "webapp/controller/grn.controller.js": "1464780848000",
  "webapp/controller/Hub.controller.js": "1464780863000",
  "webapp/controller/invoice.controller.js": "1464780880000",
  "webapp/controller/PO.controller.js": "1464780894000",
  "webapp/controller/Rfx.controller.js": "1464780910000"
}