<?xml version="1.0" encoding="utf-8"?>
<!--

    Copyright (C) 2009-2014 SAP SE or an SAP affiliate company. All rights reserved

-->
<edmx:Edmx Version="1.0"
    xmlns:edmx="http://schemas.microsoft.com/ado/2007/06/edmx">
    <edmx:DataServices m:DataServiceVersion="1.0"
        xmlns:m="http://schemas.microsoft.com/ado/2007/08/dataservices/metadata">
        <Schema Namespace="EPMDemo"
            xmlns="http://schemas.microsoft.com/ado/2008/09/edm">
            <EntityType Name="Product" m:HasStream="false">
                <Key>
                    <PropertyRef Name="ProductID" />
                </Key>
                <Property Name="ProductID" Type="Edm.String" Nullable="false"
					MaxLength="10" FixedLength="true" />
                <Property Name="ImageUrl" Type="Edm.String" Nullable="true"
					MaxLength="255" FixedLength="true" />
                <Property Name="MimeType" Type="Edm.String" Nullable="true"
					FixedLength="false" />
                <Property Name="Price" Type="EPMDemo.Price" Nullable="false" />
                <Property Name="Name" Type="Edm.String" Nullable="false"
					MaxLength="255" FixedLength="true" m:FC_TargetPath="SyndicationTitle" />
                <Property Name="Description" Type="Edm.String" Nullable="true"
					MaxLength="255" FixedLength="true" />
                <Property Name="CreatedAt" Type="Edm.DateTime" Nullable="true" />
                <Property Name="ChangedAt" Type="Edm.DateTime" Nullable="true"
					ConcurrencyMode="Fixed" m:FC_TargetPath="SyndicationUpdated" />
                <Property Name="CreatedByName" Type="Edm.String" Nullable="true"
					MaxLength="81" FixedLength="true" />
                <Property Name="ChangedByName" Type="Edm.String" Nullable="true"
					MaxLength="81" FixedLength="true" />
                <Property Name="Category" Type="Edm.String" Nullable="false"
					MaxLength="40" FixedLength="true" />
                <Property Name="SupplierID" Type="Edm.String" Nullable="false"
					MaxLength="10" FixedLength="true" Unicode="false" />
                <Property Name="SupplierName" Type="Edm.String" Nullable="true"
					MaxLength="80" FixedLength="true" Unicode="false" />
                <NavigationProperty Name="Supplier"
					Relationship="EPMDemo.Product_Supplier" FromRole="ProductAR"
					ToRole="SupplierAR" />
            </EntityType>
            <EntityType Name="Supplier" m:HasStream="false">
                <Key>
                    <PropertyRef Name="SupplierID" />
                </Key>
                <Property Name="SupplierID" Type="Edm.String" Nullable="false"
					MaxLength="10" FixedLength="true" Unicode="false" />
                <Property Name="Name" Type="Edm.String" Nullable="false"
					MaxLength="80" FixedLength="true" Unicode="false" m:FC_TargetPath="SyndicationTitle" />
                <Property Name="Address" Type="EPMDemo.Address" Nullable="false"
					Unicode="false" />
                <Property Name="CreatedAt" Type="Edm.DateTime" Nullable="true" />
                <Property Name="ChangedAt" Type="Edm.DateTime" Nullable="true"
					m:FC_TargetPath="SyndicationUpdated" />
                <Property Name="CreatedByName" Type="Edm.String" Nullable="true"
					MaxLength="81" FixedLength="true" />
                <Property Name="ChangedByName" Type="Edm.String" Nullable="true"
					MaxLength="81" FixedLength="true" />
                <NavigationProperty Name="Products"
					Relationship="EPMDemo.Product_Supplier" FromRole="SupplierAR"
					ToRole="ProductAR" />
            </EntityType>
            <EntityType Name="PurchaseOrder" m:HasStream="false">
                <Key>
                    <PropertyRef Name="PurchaseOrderID" />
                </Key>
                <Property Name="PurchaseOrderID" Type="Edm.String"
					Nullable="false" MaxLength="10" FixedLength="true" />
                <Property Name="ApprovalStatus" Type="Edm.String" Nullable="true"
					MaxLength="1" FixedLength="true" />
                <Property Name="ApprovalStatusDesc" Type="Edm.String"
					Nullable="true" FixedLength="false" />
                <Property Name="ConfirmationStatus" Type="Edm.String"
					Nullable="true" MaxLength="1" FixedLength="true" />
                <Property Name="ConfirmationStatusDesc" Type="Edm.String"
					Nullable="true" FixedLength="false" />
                <Property Name="OrderingStatus" Type="Edm.String" Nullable="true"
					MaxLength="1" FixedLength="true" />
                <Property Name="OrderingStatusDesc" Type="Edm.String"
					Nullable="true" FixedLength="false" />
                <Property Name="LifecycleStatus" Type="Edm.String"
					Nullable="true" MaxLength="1" FixedLength="true" />
                <Property Name="LifecycleStatusDesc" Type="Edm.String"
					Nullable="true" FixedLength="false" />
                <Property Name="GrossAmount" Type="Edm.Decimal" Nullable="true" />
                <Property Name="NetAmount" Type="Edm.Decimal" Nullable="true" />
                <Property Name="TaxAmount" Type="Edm.Decimal" Nullable="true" />
                <Property Name="CurrencyCode" Type="Edm.String" Nullable="false"
					MaxLength="5" FixedLength="true" />
                <Property Name="CreatedAt" Type="Edm.DateTime" Nullable="true" />
                <Property Name="ChangedAt" Type="Edm.DateTime" Nullable="true"
					m:FC_TargetPath="SyndicationUpdated" />
                <Property Name="CreatedByName" Type="Edm.String" Nullable="true"
					MaxLength="81" FixedLength="false" />
                <Property Name="ChangedByName" Type="Edm.String" Nullable="true"
					MaxLength="81" FixedLength="false" />
                <Property Name="SupplierID" Type="Edm.String" Nullable="false"
					MaxLength="10" FixedLength="true" Unicode="false" />
                <Property Name="SupplierName" Type="Edm.String" Nullable="true"
					MaxLength="80" FixedLength="true" Unicode="false" />
                <NavigationProperty Name="PurchaseOrder_Items"
					Relationship="EPMDemo.PurchaseOrder_Items" FromRole="PurchaseOrderAR"
					ToRole="PurchaseOrderItemAR" />
            </EntityType>
            <EntityType Name="PurchaseOrderItem" m:HasStream="false">
                <Key>
                    <PropertyRef Name="PurchaseOrderID" />
                    <PropertyRef Name="ItemPos" />
                </Key>
                <Property Name="PurchaseOrderID" Type="Edm.String"
					Nullable="false" MaxLength="10" FixedLength="true" />
                <Property Name="ItemPos" Type="Edm.String" Nullable="false"
					MaxLength="10" FixedLength="true" />
                <Property Name="GrossAmount" Type="Edm.Decimal" Nullable="true" />
                <Property Name="NetAmount" Type="Edm.Decimal" Nullable="true" />
                <Property Name="TaxAmount" Type="Edm.Decimal" Nullable="true" />
                <Property Name="CurrencyCode" Type="Edm.String" Nullable="false"
					MaxLength="5" FixedLength="true" />
                <Property Name="ProductID" Type="Edm.String" Nullable="false"
					MaxLength="10" FixedLength="true" />
                <Property Name="ProductName" Type="Edm.String" Nullable="true"
					MaxLength="255" FixedLength="true" />
                <Property Name="Quantity" Type="Edm.Decimal" Nullable="false" />
                <Property Name="QuantityUnit" Type="Edm.String" Nullable="false"
					MaxLength="3" FixedLength="true" />
                <Property Name="DeliveryDate" Type="Edm.DateTime" Nullable="true" />
                <NavigationProperty Name="Product"
					Relationship="EPMDemo.PurchaseOrderItem_Product" FromRole="PurchaseOrderItemAR"
					ToRole="ProductAR" />
            </EntityType>
            <ComplexType Name="Price">
                <Property Name="Amount" Type="Edm.Decimal" Nullable="false" />
                <Property Name="CurrencyCode" Type="Edm.String" Nullable="false"
					MaxLength="5" FixedLength="true" />
            </ComplexType>
            <ComplexType Name="Address">
                <Property Name="Street" Type="Edm.String" Nullable="false"
					MaxLength="60" FixedLength="true" />
                <Property Name="Building" Type="Edm.String" Nullable="false"
					MaxLength="10" FixedLength="true" />
                <Property Name="Zip" Type="Edm.String" Nullable="true"
					MaxLength="10" FixedLength="true" />
                <Property Name="City" Type="Edm.String" Nullable="true"
					MaxLength="40" FixedLength="true" />
                <Property Name="Country" Type="Edm.String" Nullable="false"
					MaxLength="3" FixedLength="true" />
            </ComplexType>
            <Association Name="Product_Supplier">
                <End Type="EPMDemo.Product" Multiplicity="*" Role="ProductAR" />
                <End Type="EPMDemo.Supplier" Multiplicity="1" Role="SupplierAR" />
            </Association>
            <Association Name="Supplier_PurchaseOrders">
                <End Type="EPMDemo.Supplier" Multiplicity="1" Role="SupplierAR" />
                <End Type="EPMDemo.PurchaseOrder" Multiplicity="*" Role="PurchaseOrderAR" />
                <ReferentialConstraint>
                    <Principal Role="SupplierAR">
                        <PropertyRef Name="SupplierID" />
                    </Principal>
                    <Dependent Role="PurchaseOrderAR">
                        <PropertyRef Name="PurchaseOrderID" />
                    </Dependent>
                </ReferentialConstraint>
            </Association>
            <Association Name="PurchaseOrder_Items">
                <End Type="EPMDemo.PurchaseOrder" Multiplicity="1" Role="PurchaseOrderAR" />
                <End Type="EPMDemo.PurchaseOrderItem" Multiplicity="*"
					Role="PurchaseOrderItemAR" />
                <ReferentialConstraint>
                    <Principal Role="PurchaseOrderAR">
                        <PropertyRef Name="PurchaseOrderID" />
                    </Principal>
                    <Dependent Role="PurchaseOrderItemAR">
                        <PropertyRef Name="PurchaseOrderID" />
                        <PropertyRef Name="ItemPos" />
                    </Dependent>
                </ReferentialConstraint>
            </Association>
            <Association Name="PurchaseOrderItem_Product">
                <End Type="EPMDemo.PurchaseOrderItem" Multiplicity="1"
					Role="PurchaseOrderItemAR" />
                <End Type="EPMDemo.Product" Multiplicity="0..1" Role="ProductAR" />
                <ReferentialConstraint>
                    <Principal Role="SupplierAR">
                        <PropertyRef Name="PurchaseOrderID" />
                        <PropertyRef Name="ItemPos" />
                    </Principal>
                    <Dependent Role="PurchaseOrderAR">
                        <PropertyRef Name="ProductID" />
                    </Dependent>
                </ReferentialConstraint>
            </Association>
            <Association Name="PurchaseOrder_Supplier">
                <End Type="EPMDemo.PurchaseOrder" Multiplicity="*" Role="PurchaseOrderAR" />
                <End Type="EPMDemo.Supplier" Multiplicity="1" Role="SupplierAR" />
                <ReferentialConstraint>
                    <Principal Role="SupplierAR">
                        <PropertyRef Name="PurchaseOrderID" />
                    </Principal>
                    <Dependent Role="PurchaseOrderAR">
                        <PropertyRef Name="SupplierID" />
                    </Dependent>
                </ReferentialConstraint>
            </Association>
            <EntityContainer Name="EPMDemo"
				m:IsDefaultEntityContainer="true">
                <EntitySet Name="ProductCollection" EntityType="EPMDemo.Product" />
                <EntitySet Name="SupplierCollection" EntityType="EPMDemo.Supplier" />
                <EntitySet Name="PurchaseOrderCollection" EntityType="EPMDemo.PurchaseOrder" />
                <EntitySet Name="PurchaseOrderItemCollection" EntityType="EPMDemo.PurchaseOrderItem" />
                <AssociationSet Name="PurchaseOrder_Supplier"
					Association="EPMDemo.PurchaseOrder_Supplier">
                    <End EntitySet="PurchaseOrderCollection" Role="PurchaseOrderAR" />
                    <End EntitySet="SupplierCollection" Role="SupplierAR" />
                </AssociationSet>
                <AssociationSet Name="Suppliers_Products"
					Association="EPMDemo.Product_Supplier">
                    <End EntitySet="ProductCollection" Role="ProductAR" />
                    <End EntitySet="SupplierCollection" Role="SupplierAR" />
                </AssociationSet>
                <AssociationSet Name="PurchaseOrderItem_Product"
					Association="EPMDemo.PurchaseOrderItem_Product">
                    <End EntitySet="PurchaseOrderItemCollection" Role="PurchaseOrderItemAR" />
                    <End EntitySet="ProductCollection" Role="ProductAR" />
                </AssociationSet>
                <AssociationSet Name="PurchaseOrder_Items"
					Association="EPMDemo.PurchaseOrder_Items">
                    <End EntitySet="PurchaseOrderCollection" Role="PurchaseOrderAR" />
                    <End EntitySet="PurchaseOrderItemCollection" Role="PurchaseOrderItemAR" />
                </AssociationSet>
                <FunctionImport Name="ApprovePurchaseOrder"
					ReturnType="EPMDemo.PurchaseOrder" EntitySet="PurchaseOrderCollection">
                    <Parameter Name="PurchaseOrderID" Type="Edm.String" Mode="In" />
                    <Parameter Name="ApprovalStatus" Type="Edm.String" Mode="In" />
                </FunctionImport>
            </EntityContainer>
        </Schema>
    </edmx:DataServices>
</edmx:Edmx>