{
	"welcomeFile": "/SalesConnectUINew/test/flpSandbox.html",
	"authenticationMethod": "route",
	"logout": {
		"logoutEndpoint": "/do/logout"
	},
	"routes": [{
		"source": "^/OdataSCDeep/(.*)$",
		"target": "$1",
		"authenticationType": "none",
		"destination": "OdataSCDeep",
		"csrfProtection": false
	}, {
		"source": "^/SalesConnectUINew/(.*)$",
		"target": "$1",
		"localDir": "webapp"
	}, {
		"source": "(.*)(.xsjs)",
		"destination": "SalesConnectNDjs-backend",
		"csrfProtection": false,
		"authenticationType": "xsuaa"
	}, {
		"source": "(.*)(.xsodata)",
		"destination": "SalesConnectNDjs-backend",
		"authenticationType": "xsuaa"

	}]
}