<edmx:Edmx xmlns:edmx="http://docs.oasis-open.org/odata/ns/edmx" Version="4.0">
	<edmx:Reference Uri="http://docs.oasis-open.org/odata/odata-data-aggregation-ext/v4.0/cs02/vocabularies/Org.OData.Aggregation.V1.xml">
		<edmx:Include Alias="Aggregation" Namespace="Org.OData.Aggregation.V1"/>
	</edmx:Reference>
	<edmx:Reference Uri="http://docs.oasis-open.org/odata/odata/v4.0/errata03/os/complete/vocabularies/Org.OData.Capabilities.V1.xml">
		<edmx:Include Alias="Capabilities" Namespace="Org.OData.Capabilities.V1"/>
	</edmx:Reference>
	<edmx:Reference Uri="https://wiki.scn.sap.com/wiki/download/attachments/448470974/Common.xml?api=v2">
		<edmx:Include Alias="Common" Namespace="com.sap.vocabularies.Common.v1"/>
	</edmx:Reference>
	<edmx:Reference Uri="https://wiki.scn.sap.com/wiki/download/attachments/448470971/Communication.xml?api=v2">
		<edmx:Include Alias="vCard" Namespace="com.sap.vocabularies.Communication.v1"/>
	</edmx:Reference>
	<edmx:Reference Uri="http://docs.oasis-open.org/odata/odata/v4.0/errata03/os/complete/vocabularies/Org.OData.Core.V1.xml">
		<edmx:Include Alias="Core" Namespace="Org.OData.Core.V1"/>
	</edmx:Reference>
	<edmx:Reference Uri="http://docs.oasis-open.org/odata/odata/v4.0/errata03/os/complete/vocabularies/Org.OData.Measures.V1.xml">
		<edmx:Include Alias="CQP" Namespace="Org.OData.Measures.V1"/>
	</edmx:Reference>
	<edmx:Reference Uri="https://wiki.scn.sap.com/wiki/download/attachments/448470968/UI.xml?api=v2">
		<edmx:Include Alias="UI" Namespace="com.sap.vocabularies.UI.v1"/>
	</edmx:Reference>
	<edmx:DataServices>
		<Schema xmlns="http://docs.oasis-open.org/odata/ns/edm">
			<Annotations Target="default.AssignmentType">
				<Annotation Term="UI.Facets">
					<Collection>
						<Record Type="UI.ReferenceFacet">
							<PropertyValue Property="Target" AnnotationPath="assExp/@UI.LineItem"/>
							<PropertyValue Property="Label" String="Expense"/>
						</Record>
						<Record Type="UI.ReferenceFacet">
							<PropertyValue Property="Target" AnnotationPath="assWork/@UI.LineItem"/>
							<PropertyValue Property="Label" String="Worklog"/>
						</Record>
					</Collection>
				</Annotation>
				<Annotation Term="Common.SemanticKey">
					<Collection>
						<PropertyPath>AllocationID</PropertyPath>
					</Collection>
				</Annotation>
				<Annotation Term="UI.DataPoint">
					<Record Type="UI.DataPointType">
						<PropertyValue Property="Title" String="Sales Target"/>
						<PropertyValue Property="Value" Path="SalesTarget"/>
						<PropertyValue Property="TargetValue" Path="SalesTarget"/>
					</Record>
				</Annotation>
				<Annotation Term="UI.DataPoint" Qualifier="AllocatedExp">
					<Record Type="UI.DataPointType">
						<PropertyValue Property="Title" String="Allocated Expense"/>
						<PropertyValue Property="Value" Path="AllocatedExp"/>
						<PropertyValue Property="TargetValue" Path="AllocatedExp"/>
					</Record>
				</Annotation>
				<Annotation Term="UI.DataPoint" Qualifier="TargetAch">
					<Record Type="UI.DataPointType">
						<PropertyValue Property="Title" String="Target Achieved"/>
						<PropertyValue Property="Value" Path="TargetAchieved"/>
						<PropertyValue Property="TargetValue" Path="TargetAchieved"/>
					</Record>
				</Annotation>
				<Annotation Term="UI.Identification">
					<Collection>
						<Record Type="UI.DataField">
							<PropertyValue Property="Value" Path="AllocationID"/>
						</Record>
					</Collection>
				</Annotation>
				<Annotation Term="UI.HeaderInfo">
					<Record Type="UI.HeaderInfoType">
						<PropertyValue Property="TypeName" String="Allocation ID"/>
						<PropertyValue Property="TypeNamePlural" String="Allocation ID"/>
						<PropertyValue Property="Title">
							<Record Type="UI.DataField">
								<PropertyValue Property="Value" Path="AllocationID"/>
							</Record>
						</PropertyValue>
						<PropertyValue Property="Description">
							<Record Type="UI.DataField">
								<PropertyValue Property="Value" Path="AllocationID"/>
							</Record>
						</PropertyValue>
					</Record>
				</Annotation>
				<Annotation Term="UI.SelectionFields">
					<Collection>
						<PropertyPath>StartDate</PropertyPath>
						<PropertyPath>EndDate</PropertyPath>
						<PropertyPath>StatusText</PropertyPath>
					</Collection>
				</Annotation>
				<Annotation Term="UI.LineItem">
					<Collection>
						<Record Type="UI.DataField">
							<PropertyValue Property="Value" Path="AllocationID"/>
							<Annotation Term="UI.Importance" EnumMember="UI.ImportanceType/High"/>
						</Record>
						<Record Type="UI.DataField">
							<PropertyValue Property="Value" Path="Region"/>
							<Annotation Term="UI.Importance" EnumMember="UI.ImportanceType/High"/>
						</Record>
						<Record Type="UI.DataField">
							<PropertyValue Property="Value" Path="StartDate"/>
							<Annotation Term="UI.Importance"/>
						</Record>
						<Record Type="UI.DataField">
							<PropertyValue Property="Value" Path="EndDate"/>
							<Annotation Term="UI.Importance" EnumMember="UI.ImportanceType/High"/>
						</Record>
						<Record Type="UI.DataField">
							<PropertyValue Property="Value" Path="SalesTarget"/>
							<Annotation Term="UI.Importance" EnumMember="UI.ImportanceType/High"/>
						</Record>
						<Record Type="UI.DataField">
							<PropertyValue Property="Value" Path="CustomerVTarget"/>
							<Annotation Term="UI.Importance" EnumMember="UI.ImportanceType/High"/>
						</Record>
						<Record Type="UI.DataField">
							<PropertyValue Property="Value" Path="StatusText"/>
							<Annotation Term="UI.Importance" EnumMember="UI.ImportanceType/High"/>
						</Record>
					</Collection>
				</Annotation>
			</Annotations>
			<Annotations Target="default.ExpenseType">
				<Annotation Term="UI.HeaderInfo">
					<Record Type="UI.HeaderInfoType">
						<PropertyValue Property="TypeName" String="Allocation ID"/>
						<PropertyValue Property="TypeNamePlural" String="Allocation ID"/>
						<PropertyValue Property="Title">
							<Record Type="UI.DataField">
								<PropertyValue Property="Value" Path="AllocationID"/>
							</Record>
						</PropertyValue>
					</Record>
				</Annotation>
				<Annotation Term="UI.LineItem">
					<Collection>
						<Record Type="UI.DataField">
							<PropertyValue Property="Value" Path="AllocationID"/>
						</Record>
						<Record Type="UI.DataField">
							<PropertyValue Property="Value" Path="Category"/>
						</Record>
						<Record Type="UI.DataField">
							<PropertyValue Property="Value" Path="Region"/>
						</Record>
						<Record Type="UI.DataField">
							<PropertyValue Property="Value" Path="FromDate"/>
						</Record>
						<Record Type="UI.DataField">
							<PropertyValue Property="Value" Path="ToDate"/>
						</Record>
						<Record Type="UI.DataField">
							<PropertyValue Property="Value" Path="Expense"/>
						</Record>
						<Record Type="UI.DataField">
							<PropertyValue Property="Value" Path="Status"/>
						</Record>
					</Collection>
				</Annotation>
			</Annotations>
			<Annotations Target="default.WorkType">
				<Annotation Term="UI.HeaderInfo">
					<Record Type="UI.HeaderInfoType">
						<PropertyValue Property="TypeName" String="Allocation ID"/>
						<PropertyValue Property="TypeNamePlural" String="Allocation ID"/>
						<PropertyValue Property="Title">
							<Record Type="UI.DataField">
								<PropertyValue Property="Value" Path="AllocationID"/>
							</Record>
						</PropertyValue>
					</Record>
				</Annotation>
				<Annotation Term="UI.LineItem">
					<Collection>
						<Record Type="UI.DataField">
							<PropertyValue Property="Value" Path="AllocationID"/>
						</Record>
						<Record Type="UI.DataField">
							<PropertyValue Property="Value" Path="Region"/>
						</Record>
						<Record Type="UI.DataField">
							<PropertyValue Property="Value" Path="CustonerName"/>
						</Record>
						<Record Type="UI.DataField">
							<PropertyValue Property="Value" Path="Date"/>
						</Record>
						<Record Type="UI.DataField">
							<PropertyValue Property="Value" Path="CustomerAddress"/>
						</Record>
						<Record Type="UI.DataField">
							<PropertyValue Property="Value" Path="Feedback"/>
						</Record>
						<Record Type="UI.DataField">
							<PropertyValue Property="Value" Path="Status"/>
						</Record>
						<Record Type="UI.DataField">
							<PropertyValue Property="Value" Path="Price"/>
						</Record>
					</Collection>
				</Annotation>
			</Annotations>
		</Schema>
	</edmx:DataServices>
</edmx:Edmx>