{

  "run": [

    {

      "filePath": "/index.html",

      "previewMode": 1,

      "dataMode": 1,

      "workspace": "withoutWorkspace",

      "ui5ActiveVersion": null,

      "ui5VerSource": null,

      "isDefaultVersion": 0,

      "urlParameters": [],

      "urlParametersNotNeeded": false,

      "hashParameter": "",

      "backendSystem": [],

      "_metadata": {

        "runnerId": "webapprunner",

        "id": 7244478,

        "displayName": "Run index.html 1",

        "lastRunTimeStamp": 1501158581510

      }

    },

    {

      "filePath": "/index.html",

      "previewMode": 1,

      "dataMode": 1,

      "workspace": "withoutWorkspace",

      "ui5ActiveVersion": null,

      "ui5VerSource": null,

      "isDefaultVersion": 0,

      "urlParameters": [],

      "hashParameter": "",

      "backendSystem": [],

      "urlParametersNotNeeded": false,

      "_metadata": {

        "runnerId": "webapprunner",

        "id": 7733951,

        "displayName": "Run index.html",

        "lastRunTimeStamp": 1487142995577

      }

    }

  ],

  "hybrid": {

    "dirty": true

  }

}