{

    "application": {

        "id": "",

        "title": "PMS employee",

        "description": "performance managment system",

        "type": "SAP_UI5_Component",

        "componentUrl": "/",

        "appUrl": "#DRL_HR_15_02-Display",

        "navigationComponentName": "hr",

        "intentSemanticObject": "DRL_HR_15_02",

        "intentAction": "Display",

        "html5ApplicationName": "drlpms",

        "HCPParentApplicationName": ""

    },

    "assignment": {

        "groups": [

            "c3ab8276-7f4c-4af4-a91e-6d8591c12a5f"

        ],

        "contentPackages": [

            "8f866121-ddf2-4a5c-825f-2d689b9bc9e2"

        ],

        "categories": []

    },

    "tile": {

        "type": "StaticTile",

        "title": "PMS",

        "subtitle": "EMployee",

        "searchKeywords": "PMS,EMployee",

        "displayIconUrl": "sap-icon://performance",

        "displayInfoText": "",

        "size": "1x1",

        "serviceURL": "",

        "refreshInterval": ""

    }

}