<edmx:Edmx xmlns:edmx="http://schemas.microsoft.com/ado/2007/06/edmx" Version="1.0">
	<edmx:DataServices xmlns:m="http://schemas.microsoft.com/ado/2007/08/dataservices/metadata" m:DataServiceVersion="2.0">
		<Schema xmlns:d="http://schemas.microsoft.com/ado/2007/08/dataservices"
			xmlns:m="http://schemas.microsoft.com/ado/2007/08/dataservices/metadata" xmlns="http://schemas.microsoft.com/ado/2008/09/edm"
			Namespace="default">
			<EntityType Name="AssignmentType">
				<Key>
					<PropertyRef Name="AllocationID"/>
				</Key>
				<Property Name="AllocationID" Type="Edm.Int32" Nullable="false"/>
				<Property Name="Region" Type="Edm.String" MaxLength="100"/>
				<Property Name="StartDate" Type="Edm.DateTime"/>
				<Property Name="EndDate" Type="Edm.DateTime"/>
				<Property Name="SalesTarget" Type="Edm.Decimal" Precision="10" Scale="2"/>
				<Property Name="CustomerVTarget" Type="Edm.Int32"/>
				<Property Name="StatusText" Type="Edm.String" MaxLength="100"/>
				<Property Name="AssignedBy" Type="Edm.String" MaxLength="100"/>
				<Property Name="AllocatedExp" Type="Edm.Decimal" Precision="10" Scale="2"/>
				<Property Name="TargetAchieved" Type="Edm.Decimal" Precision="10" Scale="2"/>
				<Property Name="AssExpense.AllocationID" Type="Edm.Int32"/>
				<NavigationProperty Name="assExp" Relationship="default.AssExpenseType" FromRole="AssignmentPrincipal" ToRole="ExpenseDependent"/>
			</EntityType>
			<EntityType Name="ExpenseType">
				<Key>
					<PropertyRef Name="AllocationID"/>
				</Key>
				<Property Name="AllocationID" Type="Edm.Int32" Nullable="false"/>
				<Property Name="Category" Type="Edm.String" MaxLength="200"/>
				<Property Name="Region" Type="Edm.String" MaxLength="100"/>
				<Property Name="FromDate" Type="Edm.DateTime"/>
				<Property Name="ToDate" Type="Edm.DateTime"/>
				<Property Name="Expense" Type="Edm.Decimal" Precision="10" Scale="2"/>
				<Property Name="Status" Type="Edm.String" MaxLength="100"/>
			</EntityType>
			<Association Name="AssExpenseType">
				<End Type="default.AssignmentType" Role="AssignmentPrincipal" Multiplicity="1"/>
				<End Type="default.ExpenseType" Role="ExpenseDependent" Multiplicity="1"/>
			</Association>
			<EntityContainer Name="v2" m:IsDefaultEntityContainer="true">
				<EntitySet Name="Assignment" EntityType="default.AssignmentType"/>
				<EntitySet Name="Expense" EntityType="default.ExpenseType"/>
				<AssociationSet Name="AssExpense" Association="default.AssExpenseType">
					<End Role="AssignmentPrincipal" EntitySet="Assignment"/>
					<End Role="ExpenseDependent" EntitySet="Expense"/>
				</AssociationSet>
			</EntityContainer>
		</Schema>
	</edmx:DataServices>
</edmx:Edmx>