{
  "Component.js": "1490683625135",
  "fragments/Acknowledge.fragment.xml": "1493116183656",
  "i18n/i18n.properties": "1491461702888",
  "i18n/i18n_en.properties": "1491461718557",
  "i18n/i18n_en_US_sappsd.properties": "1490599841045",
  "i18n/i18n_en_US_saptrc.properties": "1490599841048",
  "index.html": "1490599840932",
  "localIndex.html": "1490599840940",
  "model/metadata.xml": "1490599840991",
  "model/PurchaseOrder.json": "1490599840983",
  "model/PurchaseOrderItem.json": "1490599840962",
  "model/Supplier.json": "1490599840959",
  "util/Formatter.js": "1491221388789",
  "view/ItemDetailCustom.controller.js": "1493122277892",
  "view/ItemDetailCustom.view.xml": "1493123243943",
  "view/S2Custom.controller.js": "1491372388279",
  "view/S2Custom.view.xml": "1491221421169",
  "view/S3Custom.controller.js": "1493121859546",
  "view/S3Custom.view.xml": "1493121839581"
}