{
  "run": [
    {
      "filePath": "/SMPActivity/index.html",
      "previewMode": 0,
      "dataMode": 1,
      "workspace": "withoutWorkspace",
      "ui5ActiveVersion": null,
      "isDefaultVersion": 0,
      "urlParameters": [
        {
          "paramName": "",
          "paramValue": "",
          "paramActive": false
        },
        {
          "paramName": "",
          "paramValue": "",
          "paramActive": false
        }
      ],
      "ui5VerSource": null,
      "_metadata": {
        "id": 123158,
        "runnerId": "webapprunner",
        "displayName": "New Web Application 20"
      }
    },
    {
      "filePath": "/SMPActivity/index.html",
      "previewMode": 0,
      "dataMode": 1,
      "workspace": "withoutWorkspace",
      "ui5ActiveVersion": null,
      "isDefaultVersion": 0,
      "urlParameters": [],
      "_metadata": {
        "id": 9569218,
        "runnerId": "webapprunner",
        "displayName": "New Web Application 19"
      }
    },
    {
      "filePath": "/SMPActivity/index.html",
      "previewMode": 0,
      "dataMode": 1,
      "workspace": "withoutWorkspace",
      "ui5ActiveVersion": null,
      "isDefaultVersion": 0,
      "urlParameters": [],
      "_metadata": {
        "id": 4158129,
        "runnerId": "webapprunner",
        "displayName": "New Web Application 18"
      }
    }
  ]
}