{
  "run": [
    {
      "filePath": "/BarCode/webapp/index.html",
      "previewMode": 0,
      "dataMode": 1,
      "workspace": "withoutWorkspace",
      "ui5ActiveVersion": null,
      "ui5VerSource": null,
      "isDefaultVersion": 0,
      "urlParameters": [],
      "_metadata": {
        "runnerId": "webapprunner",
        "id": 5649780,
        "displayName": "New Web Application 40",
        "lastRunTimeStamp": 1508134900582
      }
    },
    {
      "filePath": "/webapp/index.html",
      "previewMode": 1,
      "dataMode": 1,
      "workspace": "withoutWorkspace",
      "ui5ActiveVersion": null,
      "ui5VerSource": null,
      "isDefaultVersion": 0,
      "urlParameters": [],
      "hashParameter": "",
      "backendSystem": [],
      "_metadata": {
        "runnerId": "webapprunner",
        "id": 9263417,
        "displayName": "Run index.html",
        "lastRunTimeStamp": 1503315256252
      }
    }
  ]
}