<core:FragmentDefinition xmlns:core="sap.ui.core" xmlns:f="sap.ui.layout.form" xmlns:u="sap.ui.unified" xmlns="sap.m">
	<Dialog contentWidth="50%" id="idDialogBillAddrDetails" title="Add Billing Address Details">
		<content>
			<f:SimpleForm columnsL="1" columnsM="1" editable="true" emptySpanL="4" emptySpanM="4" labelSpanL="3" labelSpanM="3" maxContainerCols="2"
				minWidth="1024">
				<f:content>
					<Label text="{i18n>CustDes}"></Label>
					<Input id="idVenDesc" placeholder="Mandatory field, please fill" value=""></Input>
					<Label text="{i18n>GSTNTable}"></Label>
					<Input id="idGSTNo" placeholder="Mandatory field, please fill" value=""></Input>
					<Label text="{i18n>street1}"></Label>
					<Input id="idSt1" placeholder="Mandatory field, please fill" value=""></Input>
					<Label text="{i18n>street2}"></Label>
					<Input id="idSt2" placeholder="Mandatory field, please fill" value=""></Input>
					<Label text="{i18n>street3}"></Label>
					<Input id="idSt3" placeholder="Mandatory field, please fill" value=""></Input>
					<Label text="{i18n>pin}"></Label>
					<Input id="idPIN" placeholder="Mandatory field, please fill" type="Number" value=""></Input>
					<Label text="{i18n>city}"></Label>
					<Input id="idCity" maxLength="40" placeholder="Mandatory field, please fill" value=""></Input>
					<Label text="{i18n>country}"></Label>
					<Input filterSuggests="false" id="idCountry" placeholder="Mandatory field, please fill"></Input>
					<Label text="{i18n>state}"></Label>
					<Input filterSuggests="false" id="idState" placeholder="Mandatory field, please fill"></Input>
				</f:content>
			</f:SimpleForm>
			<u:FileUploader id="fileUploaderGoods" sameFilenameAllowed="false" change="handleValueChange"
				fileType="pdf,jpg,jpeg,doc,docx,gif,txt,tiff,xml,mpp,xls,xlsx" multiple="false" name="myFileUpload" placeholder="Choose a file for Upload..." tooltip="Upload the attachement"
				typeMissmatch="handleTypeMissmatch" uploadComplete="handleUploadComplete" uploadUrl="upload/" width="400px"/>
			<Button id="idBtnUploadGoods" press="UploadGoodsAttch" text="Upload File"/>
			<Table id="idFileTableDiaGoods" includeItemInSelection="true" items="{ path: '/myFilesGoods' }" mode="SingleSelectMaster">
				<columns>
					<Column demandPopin="true" hAlign="Center" minScreenWidth="Tablet" visible="true">
						<Label text="File Name"/>
					</Column>
					<Column demandPopin="true" hAlign="Center" minScreenWidth="Tablet">
						<Label text="Delete"/>
					</Column>
					<Column demandPopin="true" hAlign="Center" minScreenWidth="Tablet" visible="false">
						<Label text="Delete Flag"/>
					</Column>
				</columns>
				<items>
					<ColumnListItem>
						<cells>
							<Text text="{fileName}"/>
							<Button icon="sap-icon://delete" press="onDeleteFileGoods"/>
							<Input value="{Updkz}" visible="false"/>
						</cells>
					</ColumnListItem>
				</items>
			</Table>
		</content>
		<buttons>
			<Button press="onAddTable" text="Add to Table" type="Emphasized"></Button>
			<Button press="onBillAddrClose" text="Cancel" type="Emphasized"></Button>
		</buttons>
	</Dialog>
</core:FragmentDefinition>