<core:View xmlns:core="sap.ui.core"
           xmlns="sap.uxap"
           xmlns:layout="sap.ui.layout"
           xmlns:m="sap.m"
           xmlns:sample="sap.uxap.sample.ObjectPageOnJSON"
           xmlns:goals="sap.uxap.sample.ObjectPageOnJSON.block.goals"
           xmlns:personal="sap.uxap.sample.ObjectPageOnJSON.block.personal"
           xmlns:employment="sap.uxap.sample.ObjectPageOnJSON.block.employment"
           controllerName="sap.uxap.sample.ObjectPageOnJSON.ObjectPageOnJSON"
           height="100%" >
    <ObjectPageLayout id="ObjectPageLayout" enableLazyLoading="false" showTitleInHeaderContent="true">
        
        <sections>
            <ObjectPageSection title="2014 Goals Plan">
                <subSections>
                    <ObjectPageSubSection title=" ">
                        <blocks>
                            <goals:GoalsBlock id="goalsblock"/>
                        </blocks>
                    </ObjectPageSubSection>
                </subSections>
            </ObjectPageSection>

            <ObjectPageSection title="Personal" importance="Medium">
                <subSections>
                    <ObjectPageSubSection title="Connect">
                        <blocks>
                            <personal:BlockPhoneNumber id="phone"/>
                            <personal:BlockSocial id="social"/>
                            <personal:BlockAdresses id="adresses"/>
                            <personal:BlockMailing id="mailing" columnLayout="1"/>
                        </blocks>
                    </ObjectPageSubSection>

                    <ObjectPageSubSection title="Payment information">
                        <blocks>
                            <personal:PersonalBlockPart1 id="part1" columnLayout="1"/>
                        </blocks>
                        <moreBlocks>
                            <personal:PersonalBlockPart2 id="part2" columnLayout="1"/>
                        </moreBlocks>
                    </ObjectPageSubSection>
                </subSections>
            </ObjectPageSection>

            <ObjectPageSection title="Employment">
                <subSections>
                    <ObjectPageSubSection title="Job information">
                        <blocks>
                            <employment:BlockJobInfoPart1 id="jobinfopart1"/>
                            <employment:BlockJobInfoPart2 id="jobinfopart2"/>
                            <employment:BlockJobInfoPart3 id="jobinfopart3"/>
                        </blocks>
                    </ObjectPageSubSection>

                    <ObjectPageSubSection title="Employee Details" mode="Collapsed" importance="Medium">
                        <blocks>
                            <employment:BlockEmpDetailPart1 id="empdetailpart1" columnLayout="1"/>
                        </blocks>
                        <moreBlocks>
                            <employment:BlockEmpDetailPart2 id="empdetailpart2" columnLayout="1"/>
                            <employment:BlockEmpDetailPart3 id="empdetailpart3" columnLayout="1"/>
                        </moreBlocks>
                    </ObjectPageSubSection>

                    
                </subSections>
            </ObjectPageSection>
        </sections>
    </ObjectPageLayout>
</core:View>