{
  "index.html": "1448009990000",
  "Component.js": "1448009940000",
  "block/personal/PersonalBlockPart2.view.xml": "1448009149000",
  "block/personal/PersonalBlockPart2.js": "1448009149000",
  "block/personal/PersonalBlockPart1.view.xml": "1448009149000",
  "block/personal/PersonalBlockPart1.js": "1448009149000",
  "block/personal/BlockSocial.view.xml": "1448009149000",
  "block/personal/BlockSocial.js": "1448009149000",
  "block/personal/BlockPhoneNumber.view.xml": "1448009149000",
  "block/personal/BlockPhoneNumber.js": "1448009149000",
  "block/personal/BlockMailing.view.xml": "1448009149000",
  "block/personal/BlockMailing.js": "1448009149000",
  "block/personal/BlockAdresses.view.xml": "1448009149000",
  "block/personal/BlockAdresses.js": "1448009149000",
  "block/goals/GoalsBlock.view.xml": "1448009149000",
  "block/goals/GoalsBlock.js": "1448009149000",
  "block/employment/EmploymentBlockJobExpanded.view.xml": "1448009149000",
  "block/employment/EmploymentBlockJobCollapsed.view.xml": "1448009149000",
  "block/employment/EmploymentBlockJob.js": "1448009149000",
  "block/employment/BlockJobInfoPart3.view.xml": "1448009149000",
  "block/employment/BlockJobInfoPart3.js": "1448009149000",
  "block/employment/BlockJobInfoPart2.view.xml": "1448009149000",
  "block/employment/BlockJobInfoPart2.js": "1448009149000",
  "block/employment/BlockJobInfoPart1.view.xml": "1448009149000",
  "block/employment/BlockJobInfoPart1.js": "1448009149000",
  "block/employment/BlockEmpDetailPart3.view.xml": "1448009149000",
  "block/employment/BlockEmpDetailPart3.js": "1448009149000",
  "block/employment/BlockEmpDetailPart2.view.xml": "1448009149000",
  "block/employment/BlockEmpDetailPart2.js": "1448009149000",
  "block/employment/BlockEmpDetailPart1.view.xml": "1448009149000",
  "block/employment/BlockEmpDetailPart1.js": "1448009149000",
  "ObjectPageOnJSON.controller.js": "1448009253000",
  "ObjectPageOnJSON.view.xml": "1448009276000"
}