<mvc:View controllerName="GST.Blocks.Service.ServiceBlockController" xmlns:core="sap.ui.core" xmlns:forms="sap.ui.layout.form"
	xmlns:layout="sap.ui.layout" xmlns:mvc="sap.ui.core.mvc" xmlns="sap.m">
	<Table backgroundDesign="Translucent" id="idServiceTable" inset="false" items="{ path: 'serviceModel>/results' }">
		<headerToolbar>
			<Toolbar id="idServices">
				<Title level="H2" text="{i18n>ServiceTable}"/>
				<ToolbarSpacer></ToolbarSpacer>
				<Button icon="sap-icon://add" press="onClickAddNewService" type="Emphasized"></Button>
			</Toolbar>
		</headerToolbar>
		<columns>
			<Column demandPopin="true" hAlign="Left" minScreenWidth="Tablet" vAlign="Middle">
				<Text text="{i18n>ServiceState}"/>
			</Column>
			<Column demandPopin="true" hAlign="Left" minScreenWidth="Tablet" vAlign="Middle">
				<Text text="{i18n>serviceAddr}"/>
			</Column>
			<Column demandPopin="true" hAlign="Left" minScreenWidth="Tablet" vAlign="Middle">
				<Text text="{i18n>GSTNTable}*"/>
			</Column>
			<Column demandPopin="true" hAlign="Center" minScreenWidth="Tablet" vAlign="Middle">
				<Text text="{i18n>Attachment}*"/>
			</Column>
		</columns>
		<items>
			<ColumnListItem>
				<cells>
					<ObjectIdentifier class="tableContent" title="{serviceModel>StateTxt}"/>
					<layout:VerticalLayout>
						<!--  <Text class="hdr_destription_1" id="BPaddr" text="{persModel>/AddressNo}"/>-->
						<Text class="hdr_destription_1" id="BPStreet1"
							text="{parts:[{path:'serviceModel>Street1'},{path:'serviceModel>Street2'},{path:'serviceModel>Street3'}],formatter:'GST.utils.Formatter.streetFormat'}"/>
						<Text class="hdr_destription_1" id="BPCity1" text="{serviceModel>City}"/>
						<Text class="hdr_destription_1" id="BPState1" text="{serviceModel>StateTxt}"/>
						<Text class="hdr_destription_1" id="BPPostalCode1" text="{serviceModel>PostalCode}"/>
						<Text class="hdr_destription_1" id="BPCountry1" text="{serviceModel>CountryTxt}"/>
					</layout:VerticalLayout>
					<Input class="tableContent" value="{serviceModel>GSTNumber}"/>
					<Button icon="sap-icon://attachment" press="onAttachment" type="Emphasized"/>
				</cells>
			</ColumnListItem>
		</items>
	</Table>
	<Table backgroundDesign="Translucent" id="idServDescTable" inset="false" items="{/myServ}" mode="MultiSelect">
		<headerToolbar>
			<Toolbar id="idMats">
				<Title level="H2" text="{i18n>SACTable}"/>
				<ToolbarSpacer></ToolbarSpacer>
				<MultiComboBox id="idComboBox" items="{ path: 'sacModel>/results' }" selectionChange="handleSelectionChange"
					selectionFinish="handleSelectionFinish" width="500px">
					<core:Item key="{sacModel>SACCode}" text="{sacModel>ServiceDesc}"/>
				</MultiComboBox>
				<Button press="onClickAddService" text="Add Services" type="Emphasized"/>
				<Button press="onClickRemoveService" text="Delete Services" type="Emphasized"/>
			</Toolbar>
		</headerToolbar>
		<columns>
			<Column demandPopin="true" hAlign="Center" minScreenWidth="Tablet" vAlign="Middle">
				<Text text="{i18n>SAC}"/>
			</Column>
			<Column demandPopin="true" hAlign="Left" minScreenWidth="Tablet" vAlign="Middle">
				<Text text="{i18n>SeviceDesc}"/>
			</Column>
			<Column demandPopin="true" hAlign="Left" minScreenWidth="Tablet">
				<Text text="Updkz" visible="false"/>
			</Column>
		</columns>
		<items>
			<ColumnListItem>
				<cells>
					<ObjectIdentifier title="{sacCode}"/>
					<Text text="{serviceDescription}" width="175%"/>
					<Text text="{Updkz}" visible="false"/>
				</cells>
			</ColumnListItem>
		</items>
	</Table>
</mvc:View>