<core:FragmentDefinition xmlns="sap.m" xmlns:l="sap.ui.layout" xmlns:f="sap.ui.layout.form" xmlns:core="sap.ui.core">
	<Dialog contentWidth="45%" contentHeight="45%">
		<beginButton>
			<Button text="Cancel" press="onCancel"/>
		</beginButton>
		<endButton>
			<Button text="Submit" type="Emphasized" press="onCreateTest" enabled="true"/>
		</endButton>
		<content>
			<VBox class="sapUiSmallMargin">
				<f:SimpleForm id="SimpleFormDisplay354wideDual" editable="false" layout="ResponsiveGridLayout"
					title="Create" labelSpanXL="4" labelSpanL="3" labelSpanM="4" labelSpanS="12"
					adjustLabelSpan="false" emptySpanXL="0" emptySpanL="4" emptySpanM="0" emptySpanS="0" columnsXL="4" columnsL="2" columnsM="2"
					singleContainerFullSize="false">
					<f:content>
						<Label text="Test ID"/>
						<Input id="idTestId" value=""/>
						<Label text="Test Name"/>
						<Input id="idTestName" value=""/>
						<Label text="Test Description"/>
						<Input id="idTestDesc" value=""/>
					
					</f:content>
					</f:SimpleForm>
					
			</VBox>
		</content>
	</Dialog>
</core:FragmentDefinition>