<?xml version="1.0" encoding="utf-8"?>
<edmx:Edmx xmlns:edmx="http://docs.oasis-open.org/odata/ns/edmx" Version="4.0">
    <edmx:Reference Uri="https://oasis-tcs.github.io/odata-vocabularies/vocabularies/Org.OData.Core.V1.xml">
        <edmx:Include Namespace="Org.OData.Core.V1" Alias="Core"/>
    </edmx:Reference>
    <edmx:DataServices>
        <Schema xmlns="http://docs.oasis-open.org/odata/ns/edm" Namespace="com.sap.cloud.server.odata.cache.v1" Alias="Cache">
            <Annotation Term="Core.Description" String="This schema defines terms and types for OData server-side caching."/>
            <Term Name="ODataBackend" Type="Edm.String" Nullable="false" AppliesTo="EntityContainer">
                <Annotation Term="Core.Description" String="Indicates that this OData service acts as a cache database for an OData backend system using an equivalent CSDL model, and specifies the HTTP detination for accessing the backend system."/>
            </Term>
            <Term Name="BackendETags" Type="Core.Tag" Nullable="false" DefaultValue="true" AppliesTo="EntityContainer">
                <Annotation Term="Core.Description" String="Indicates that this OData service acts as a cache database for a backend system providing ETags that must be preserved in the cache database for use in update/delete backend operations."/>
            </Term>
            <Term Name="NoStore" Type="Core.Tag" Nullable="false" DefaultValue="true" AppliesTo="EntitySet EntityType Annotation">
                <Annotation Term="Core.Description" String="Indicates that no data should be stored in the cache for this entity type/set, or when applied to an operation annotation (HTTP.Request, JCO.Function or SQL.Statement) indicates that the result of that operation should not be applied to the cache."/>
            </Term>
            <Term Name="OnDemand" Type="Core.Tag" Nullable="false" DefaultValue="true" AppliesTo="EntitySet EntityType">
                <Annotation Term="Core.Description" String="Indicates the cached data for that this entity type/set will be refreshed just-in-time before each client download."/>
            </Term>
            <Term Name="OnStartup" Type="Core.Tag" Nullable="false" DefaultValue="true" AppliesTo="EntitySet EntityType">
                <Annotation Term="Core.Description" String="Indicates that the cached data for this entity type/set will be refreshed on server startup (as well as according to Schedule or Timeout annotations, if present)."/>
            </Term>
            <Term Name="PartitionBy" Type="Edm.String" Nullable="false" AppliesTo="EntitySet EntityType">
                <Annotation Term="Core.Description" String="Comma-separated list. Indicates one or more entity-qualified structural properties for cache partitioning, e.g. Region/ID."/>
            </Term>
            <Term Name="RefreshBy" Type="Edm.String" Nullable="false" AppliesTo="EntitySet EntityType">
                <Annotation Term="Core.Description" String="Comma-separated list. Indicates one or more cache refresh mechanisms for this entity, chosen from the options: dcn, loadAll, loadPartition. At most one load option can be included."/>
            </Term>
            <Term Name="LoadAfter" Type="Edm.String" Nullable="false" AppliesTo="EntitySet EntityType">
                <Annotation Term="Core.Description" String="Indicates that data for this entity type/set will be refreshed (loaded from the backend system) after another specified entity type/set is refreshed, as opposed to using Schedule or Timeout to indicate when this entity type/set should be refreshed."/>
            </Term>
            <Term Name="SharedLoad" Type="Edm.String" Nullable="false" AppliesTo="EntitySet EntityType">
                <Annotation Term="Core.Description" String="Specifies the name of a load operation in another entity type (e.g. 'OtherEntity.loadAll' or 'OtherEntity.loadPartition') whose response should be cached in memory, allowing multiple 'loadAll' or 'loadPartition' calls from different entity types to share results from a single backend response. To limit the retention of cached responses, entity types which will share a cached response must be chained together using the Cache.LoadAfter annotation."/>
            </Term>
            <Term Name="Schedule" Type="Edm.TimeOfDay" Nullable="false" AppliesTo="EntitySet EntityType">
                <Annotation Term="Core.Description" String="Indicates a daily refresh time (time of day in UTC) for backend data that is cached by an entity container or entity set. Overrides Timeout if both are specified."/>
            </Term>
            <Term Name="Timeout" Type="Edm.Duration" Nullable="false" AppliesTo="EntitySet EntityType">
                <Annotation Term="Core.Description" String="Indicates a cache expiration timeout for backend data that is cached by an entity container or entity set. Defaults to one hour."/>
            </Term>
        </Schema>
    </edmx:DataServices>
</edmx:Edmx>
