<mvc:View controllerName="GST_CUST.Blocks.Customer.CustomerBlockController" xmlns:commons="sap.ui.table" xmlns:core="sap.ui.core"
	xmlns:f="sap.ui.layout.form" xmlns:forms="sap.ui.layout.form" xmlns:layout="sap.ui.layout" xmlns:mvc="sap.ui.core.mvc" xmlns="sap.m">
	<Table backgroundDesign="Translucent" id="idGoodsTable" inset="false" items="{ path: 'goodsModel>/results' }">
		<headerToolbar>
			<Toolbar>
				<Title level="H2" text="{i18n>billAdd}"/>
				<!--<ToolbarSpacer></ToolbarSpacer>
				<Button icon="sap-icon://add" press="onClickBillAddr" type="Emphasized"></Button>-->
			</Toolbar>
		</headerToolbar>
		<columns>
			<Column demandPopin="true" hAlign="Left" minScreenWidth="Tablet" vAlign="Middle">
				<Text text="{i18n>BP}"/>
			</Column>
			<Column demandPopin="true" hAlign="Left" minScreenWidth="Tablet" vAlign="Middle">
				<Text text="{i18n>billAdd}"/>
			</Column>
			<Column demandPopin="true" hAlign="Left" minScreenWidth="Tablet" vAlign="Middle">
				<Text text="{i18n>StatusPlant}*"/>
            </Column>				
			<Column demandPopin="true" hAlign="Left" minScreenWidth="Tablet" vAlign="Middle">
				<Text text="{i18n>GSTNTable}*"/>
			</Column>
			<Column demandPopin="true" hAlign="Center" minScreenWidth="Tablet" vAlign="Middle">
				<Text text="{i18n>Attachment}*"/>
			</Column>
		</columns>
		<items>
			<ColumnListItem>
				<cells>
					<ObjectIdentifier class="tableContent"
						title="{parts:[{path:'goodsModel>BillCustomer'}],formatter:'GST_CUST.utils.Formatter.leadingZeros'}-{goodsModel>BillCustomerName}"/>
					<layout:VerticalLayout>
						<!--  <Text class="hdr_destription_1" id="BPaddr" text="{persModel>/AddressNo}"/>-->
						<Text class="hdr_destription_1" id="BPStreet"
							text="{parts:[{path:'goodsModel>Street1'},{path:'goodsModel>Street2'},{path:'goodsModel>Street3'}],formatter:'GST_CUST.utils.Formatter.streetFormat'}"/>
						<Text class="hdr_destription_1" id="BPCity" text="{goodsModel>City}"/>
						<Text class="hdr_destription_1" id="BPState" text="{goodsModel>StateTxt}"/>
						<Text class="hdr_destription_1" id="BPPostalCode" text="{goodsModel>PostalCode}"/>
						<Text class="hdr_destription_1" id="BPCountry" text="{goodsModel>CountryTxt}"/>
					</layout:VerticalLayout>
					
			
				<Select change="onChange"  enabled="{parts:[{path:'goodsModel>Street1'},{path:'goodsModel>Street2'},
					{path:'goodsModel>Street3'},{path:'goodsModel>City'},{path:'goodsModel>StateTxt'},{path:'goodsModel>PostalCode'},{path:'goodsModel>CountryTxt'}],formatter:'GST_CUST.utils.Formatter.billAddrValid'}" items="{ path: 'statusmodel>/results' }">
					<core:Item key="{statusmodel>key}" text="{statusmodel>Desc}"/>
				</Select> 
				
					<Input value="{goodsModel>GSTNumber}" 	enabled="{parts:[{path:'goodsModel>Street1'},{path:'goodsModel>Street2'},
					{path:'goodsModel>Street3'},{path:'goodsModel>City'},{path:'goodsModel>StateTxt'},{path:'goodsModel>PostalCode'},{path:'goodsModel>CountryTxt'}],formatter:'GST_CUST.utils.Formatter.billAddrValid'}"/>
				    
					<Button icon="sap-icon://attachment" press="onAttachment" type="Emphasized" 
					enabled="{parts:[{path:'goodsModel>Street1'},{path:'goodsModel>Street2'},
					{path:'goodsModel>Street3'},{path:'goodsModel>City'},{path:'goodsModel>StateTxt'},{path:'goodsModel>PostalCode'},{path:'goodsModel>CountryTxt'}],formatter:'GST_CUST.utils.Formatter.billAddrValid'}"/>
				</cells>
			</ColumnListItem>
		</items>
	</Table>
	<VBox class="sapUiSmallMargin">
		<f:SimpleForm labelSpanL="6" columnsM="2" columnsL="2" editable="true" emptySpanL="0" emptySpanM="0" id="SimpleFormDisplay480" labelSpanM="6"
			layout="ResponsiveGridLayout" maxContainerCols="2" minWidth="1024">
			<f:content>
				<Label text="{i18n>prContact} "/>
				<Input id="idPContact" value=""/>
				<Label text="{i18n>secContact} "/>
				<Input id="idSecContact" value=""/>
				<Label text="{i18n>PrimaryMail}"/>
				<Input id="idPriMail" value=""/>
				<Label text="{i18n>SecondaryMail}"/>
				<Input id="idSecMail" value=""/>
				<core:Title text=""/>
			</f:content>
		</f:SimpleForm>
	</VBox>
</mvc:View>