{
  "routes": [
    {
      "path": "/webapp/resources",
      "target": {
        "type": "service",
        "name": "sapui5",
        "entryPath": "/resources"
      },
      "description": "SAPUI5 Resources"
    },
    {
      "path": "/webapp/test-resources",
      "target": {
        "type": "service",
        "name": "sapui5",
        "entryPath": "/test-resources"
      },
      "description": "SAPUI5 Test Resources"
    },
    {
      "path": "/resources",
      "target": {
        "type": "service",
        "name": "sapui5",
        "entryPath": "/resources"
      },
      "description": "SAPUI5 Resources"
    },
    {
      "path": "/test-resources",
      "target": {
        "type": "service",
        "name": "sapui5",
        "entryPath": "/test-resources"
      },
      "description": "SAPUI5 Test Resources"
    },
    {
      "path": "/xsodata/service.xsodata",
      "target": {
        "type": "destination",
        "name": "bookstoreMTA"
      },
      "description": "bookstoreMTA"
    },
    
    {
      "path": "/xsjs/bookCreateMethod1.xsjs",
      "target": {
        "type": "destination",
        "name": "XSDesBook"
      },
      "description": "XSDesBook"
    }
  ],
  "welcomeFile": "/webapp/test/flpSandbox.html",
  "sendWelcomeFileRedirect": true
}