{
  "run": [
    {
      "filePath": "/Example1/webapp/test/index.html",
      "previewMode": 1,
      "dataMode": 1,
      "workspace": "withoutWorkspace",
      "ui5ActiveVersion": null,
      "ui5VerSource": null,
      "isDefaultVersion": 0,
      "urlParameters": [],
      "hashParameter": "",
      "backendSystem": [],
      "_metadata": {
        "runnerId": "webapprunner",
        "id": 4885777,
        "displayName": "New Web Application 25",
        "lastRunTimeStamp": 1508138706711
      }
    }
  ]
}