{
  ".classpath": "1496206077592",
  ".project": "1496206077594",
  ".settings/.jsdtscope": "1496206077607",
  ".settings/org.eclipse.jdt.core.prefs": "1496206077604",
  ".settings/org.eclipse.wst.common.component": "1496206077602",
  ".settings/org.eclipse.wst.common.project.facet.core.xml": "1496206077610",
  ".settings/org.eclipse.wst.jsdt.ui.superType.container": "1496206077612",
  ".settings/org.eclipse.wst.jsdt.ui.superType.name": "1496206077615",
  "WebContent/Component.js": "1497958705625",
  "WebContent/controller/Address.controller.js": "1497893475286",
  "WebContent/controller/AddressDetails.controller.js": "1499087409175",
  "WebContent/controller/Educational.controller.js": "1497893525779",
  "WebContent/controller/EducationalDetails.controller.js": "1499089100704",
  "WebContent/controller/Experience.controller.js": "1496816041620",
  "WebContent/controller/ExperienceDetails.controller.js": "1499089116739",
  "WebContent/controller/FamDataDetails.controller.js": "1499088102992",
  "WebContent/controller/FamilyData.controller.js": "1497893715988",
  "WebContent/controller/Home.controller.js": "1496812047536",
  "WebContent/controller/IdentDataDetails.controller.js": "1499088379782",
  "WebContent/controller/IdentificationData.controller.js": "1497893723932",
  "WebContent/controller/NotFound.controller.js": "1496206077725",
  "WebContent/controller/PersDataDetails.controller.js": "1499088199563",
  "WebContent/controller/PersonalData.controller.js": "1497893731815",
  "WebContent/controller/Welcome.controller.js": "1496206077791",
  "WebContent/css/style.css": "1499086677420",
  "WebContent/i18n/appTexts.properties": "1496206077628",
  "WebContent/index.html": "1496206077617",
  "WebContent/localService/metadata.xml": "1496206077630",
  "WebContent/localService/mockdata/Product.json": "1496206077806",
  "WebContent/localService/mockdata/ProductCategory.json": "1496206077802",
  "WebContent/localService/mockserver.js": "1496206077636",
  "WebContent/META-INF/MANIFEST.MF": "1496206077625",
  "WebContent/model/formatter.js": "1496206077785",
  "WebContent/util/UIHelper.js": "1496206077788",
  "WebContent/view/Address.view.xml": "1499089387195",
  "WebContent/view/AddressDetails.view.xml": "1499317688660",
  "WebContent/view/App.view.xml": "1496206077860",
  "WebContent/view/Educational.view.xml": "1499089403650",
  "WebContent/view/EducationalDetails.view.xml": "1499317711397",
  "WebContent/view/Experience.view.xml": "1499089422666",
  "WebContent/view/ExperienceDetails.view.xml": "1499317738812",
  "WebContent/view/FamDataDetails.view.xml": "1499317761837",
  "WebContent/view/FamilyData.view.xml": "1499089448682",
  "WebContent/view/Home.view.xml": "1496206077861",
  "WebContent/view/IdentDataDetails.view.xml": "1499317783051",
  "WebContent/view/IdentificationData.view.xml": "1499089473269",
  "WebContent/view/NotFound.view.xml": "1496206077869",
  "WebContent/view/PersDataDetails.view.xml": "1499317804997",
  "WebContent/view/PersonalData.view.xml": "1499089498637",
  "WebContent/view/Welcome.view.xml": "1496206077875",
  "WebContent/WEB-INF/web.xml": "1496206077633"
}