<core:FragmentDefinition xmlns="sap.m" xmlns:l="sap.ui.layout" xmlns:f="sap.ui.layout.form" xmlns:core="sap.ui.core">
	<Dialog contentWidth="95%" contentHeight="85%">
		<beginButton>
			<Button text="Cancel" press="onCancelUpdate"/>
		</beginButton>
		<endButton>
			<Button text="Submit" type="Emphasized" press="onUpdate" enabled="true"/>
		</endButton>
		<content>
			<VBox class="sapUiSmallMargin">
				<f:SimpleForm id="SFUpdateAlloc1" editable="false" layout="ResponsiveGridLayout"
					title="Create Allocation details with worklog and expense" labelSpanXL="4" labelSpanL="3" labelSpanM="4" labelSpanS="12"
					adjustLabelSpan="false" emptySpanXL="0" emptySpanL="4" emptySpanM="0" emptySpanS="0" columnsXL="4" columnsL="2" columnsM="2"
					singleContainerFullSize="false">
					<f:content>
						<core:Title text="Allocation Details"/>
						<Label text="Allocation ID"/>
						<Input id="idAssgNo" value="{assigmentno}" editable="false"/>
						<Label text="Region"/>
						<Input id="idReg" value="{rdes}"/>
						<Label text="Sales Target"/>
						<Input id="idSlsTrgt" value="{slstrgt}"/>
						<Label text="Estimated Target"/>
						<Input id="idEtrgt" value="{cstmrtrgt}"/>
						<Label text="Assignment Status"/>
						<Select id="assStatus1" selectedKey="{Assgstatus}">
							<items>
								<core:Item key="01" text="Assigned"/>
								<core:Item key="02" text="Accepted"/>
								<core:Item key="03" text="Rejected"/>
							</items>
						</Select>
						<core:Title text=""/>
						<Label text="Allocated Expenses"/>
						<Input id="idAllcExp" value="{allctdexpns}"/>
						<Label text="Sales Target Archieved"/>
						<Input id="idSTarch" value="{SalesTargetAch}"/>
						<Label text="User Id"/> 
						<Input id="idUser" value="{userid}"/>
						<Label text="Assigned By"/>
						<Input id="idAssgBy" value="{assignedby}"/>
						<Label text="Start Date"/>
						<DatePicker id="idFD" value="{fromdate}" displayFormat="short" change="handleChange"/>
						<Label text="End Date"/>
						<DatePicker id="idED" value="{todate}" displayFormat="short" change="handleChange"/>
					
					</f:content>
				</f:SimpleForm>
				<f:SimpleForm id="SFworklog" editable="false" layout="ResponsiveGridLayout" title="Worklog Details" singleContainerFullSize="true">
				
					<f:content>
						<Table id="idworklogModelTable1" items="{to_WorkLog}" >
							<columns>
								<Column width="5em"><Text text="Worklog No"/></Column>
								<Column minScreenWidth="Tablet" demandPopin="true" hAlign="Center"><Text text="Customer Address"/></Column>
								<Column minScreenWidth="Tablet" demandPopin="true" hAlign="Center"><Text text="Customer Contact No"/></Column>
								<Column minScreenWidth="Tablet" demandPopin="true" hAlign="Center"><Text text="Amount"/></Column>
								<Column minScreenWidth="Tablet" demandPopin="true" hAlign="Center"><Text text="Sales Status"/></Column>
								<Column minScreenWidth="Tablet" demandPopin="true" hAlign="Center"><Text text="Feedback"/></Column>
								<Column minScreenWidth="Tablet" demandPopin="true" hAlign="Center"><Text text="Product"/></Column>
								<Column minScreenWidth="Tablet" demandPopin="true" hAlign="Center"><Text text="Quantity"/></Column>
								<Column minScreenWidth="Tablet" demandPopin="true" hAlign="Center"><Text text="Customer Name"/></Column>
								<Column minScreenWidth="Tablet" demandPopin="true" hAlign="Center"><Text text="Created Date"/></Column>
							</columns>
							<items>
								<ColumnListItem>
									<cells>
										<Input value="{worklogno}" editable="false"/>
										<Input value="{custaddres}"/>
										<Input value="{custphno}"/>
										<Input value="{amount}"/>
										<Select  selectedKey="{statu}">
											<items>
												<core:Item key="000" text="Select"/>
												<core:Item key="001" text="Booked"/>
												<core:Item key="004" text="Demo Given"/>
											</items>
										</Select>
										<Select  selectedKey="{feedback}">
											<items>
												<core:Item key="00" text="Select"/>
												<core:Item key="01" text="Liked"/>
												<core:Item key="02" text="Not Liked"/>
												<core:Item key="03" text="Expensive"/>
												<core:Item key="04" text="Poor Quality"/>
												<core:Item key="05" text="Excellent"/>
											</items>
										</Select>
										<Select selectedKey="{prdid}">
											<items>
													<core:Item key="00" text="Select"/>
												<core:Item key="PP-150-FC" text="PP FILTER CARTRIDGE"/>
												<core:Item key="RM-201-MB" text="RO MEMBRANCE"/>
												<core:Item key="WF-201-RS" text="WATER FILTER"/>
											</items>
										</Select>
										<Input value="{quantity}"/>
										<Input value="{custdetail}"/>
										<DatePicker value="{CreatedTime}" displayFormat="short" change="handleChange"/>
									</cells>
								</ColumnListItem>
							</items>
						</Table>
					</f:content>
				</f:SimpleForm>
				<f:SimpleForm id="SFexpense" editable="false" layout="ResponsiveGridLayout" title="Worklog Details" singleContainerFullSize="true">
					<f:content>
						<Table id="idexpenseModelTable1" items="{to_Expense}" >
							<columns>
								<Column width="5em"><Text text="Expense No"/></Column>
								<Column minScreenWidth="Tablet" demandPopin="true" hAlign="Center"><Text text="Status"/></Column>
								<Column minScreenWidth="Tablet" demandPopin="true" hAlign="Center"><Text text="Category"/></Column>
								<Column minScreenWidth="Tablet" demandPopin="true" hAlign="Center"><Text text="Amount"/></Column>
								<Column minScreenWidth="Tablet" demandPopin="true" hAlign="Center"><Text text="Start Date"/></Column>
								<Column minScreenWidth="Tablet" demandPopin="true" hAlign="Center"><Text text="End Date"/></Column>
							</columns>
							<items>
								<ColumnListItem>
									<cells>
										<Input value="{expno}" editable="false"/>
										<Input value="Submitted"/>
										<Select  selectedKey="{expcatid}">
											<items>
												<core:Item key="00" text="Select"/>
												<core:Item key="01" text="Travel Expenses"/>
												<core:Item key="02" text="Food Expenses"/>
												<core:Item key="03" text="Additional Expenses"/>
											</items>
										</Select>
										<Input value="{amount}"/>
										<DatePicker value="{frmdate}" displayFormat="short" change="handleChange"/>
										<DatePicker value="{todate}" displayFormat="short" change="handleChange"/>
									</cells>
								</ColumnListItem>
							</items>
						</Table>
					</f:content>
				</f:SimpleForm>
			</VBox>
		</content>
	</Dialog>
</core:FragmentDefinition>