{
  "Component.js": "1454408117000",
  "index.html": "1438015999000",
  "localIndex.html": "1438015999000",
  "MyRouter.js": "1438015999000",
  "css/style.css": "1438015999000",
  "i18n/messageBundle.properties": "1438015999000",
  "view/App.controller.js": "1438015999000",
  "view/App.view.xml": "1438015999000",
  "view/Detail.controller.js": "1454407531000",
  "view/Detail.view.xml": "1450256829000",
  "view/Master.controller.js": "1438015999000",
  "view/Master.view.xml": "1438053300000",
  "view/NotFound.controller.js": "1438015999000",
  "view/NotFound.view.xml": "1438015999000",
  "view/DetailsExpanded.view.xml": "1450257911000",
  "view/DetailsExpanded.controller.js": "1450257889000",
  "model/metadata.xml": "1438016003000"
}