{
	"identification": {
		"entityType": "contentunit"
	},
	"texts": {
		"title-1": {
			"type": "",
			"value": {
				"": "Enter a title here "
			}
		},
		"text-1": {
			"type": "",
			"value": {
				"": "Write a short description about the title. Note that each card acts as a link and is clickable."
			}
		},
		"linkTooltip-1": {
			"type": "",
			"value": {
				"": ""
			}
		},
		"title-2": {
			"type": "",
			"value": {
				"": "Enter a title here "
			}
		},
		"text-2": {
			"type": "",
			"value": {
				"": "Write a short description about the title. Note that each card acts as a link and is clickable."
			}
		},
		"linkTooltip-2": {
			"type": "",
			"value": {
				"": ""
			}
		},
		"title-3": {
			"type": "",
			"value": {
				"": "Enter a title here"
			}
		},
		"text-3": {
			"type": "",
			"value": {
				"": "Write a short description about the title. Note that each card acts as a link and is clickable."
			}
		},
		"linkTooltip-3": {
			"type": "",
			"value": {
				"": ""
			}
		},
		"title-4": {
			"type": "",
			"value": {
				"": "Enter a title here "
			}
		},
		"text-4": {
			"type": "",
			"value": {
				"": "Write a short description about the title. Note that each card acts as a link and is clickable."
			}
		},
		"linkTooltip-4": {
			"type": "",
			"value": {
				"": ""
			}
		}
	},
	"payload": {
		"type": "Cards",
		"icon": "sap-icon://grid",
		"componentType": "Content Item",
		"defaultComponent": {
			"title": {
				"value": "Enter a title here ",
				"translationKey": "title",
				"isAsset": false
			},
			"text": {
				"value": "Write a short description about the title. Note that each card acts as a link and is clickable.",
				"translationKey": "text",
				"isAsset": false
			},
			"icon": {
				"value": "document",
				"isAsset": false
			},
			"url": {
				"value": "#",
				"isAsset": false
			},
			"linkTarget": {
				"value": "_blank"
			},
			"linkTooltip": {
				"value": "",
				"translationKey": "linkTooltip"
			}
		},
		"repeatable": true,
		"components": [{
			"title": {
				"translationKey": "title-1",
				"isAsset": false
			},
			"text": {
				"translationKey": "text-1",
				"isAsset": false
			},
			"icon": {
				"value": "document",
				"isAsset": false
			},
			"url": {
				"value": "#",
				"isAsset": false
			},
			"linkTarget": {
				"value": "_blank"
			},
			"linkTooltip": {
				"translationKey": "linkTooltip-1"
			}
		}, {
			"title": {
				"translationKey": "title-2",
				"isAsset": false
			},
			"text": {
				"translationKey": "text-2",
				"isAsset": false
			},
			"icon": {
				"value": "inventory",
				"isAsset": false
			},
			"url": {
				"value": "#",
				"isAsset": false
			},
			"linkTarget": {
				"value": "_blank"
			},
			"linkTooltip": {
				"translationKey": "linkTooltip-2"
			}
		}, {
			"title": {
				"translationKey": "title-3",
				"isAsset": false
			},
			"text": {
				"translationKey": "text-3",
				"isAsset": false
			},
			"icon": {
				"value": "history",
				"isAsset": false
			},
			"url": {
				"value": "#",
				"isAsset": false
			},
			"linkTarget": {
				"value": "_blank"
			},
			"linkTooltip": {
				"translationKey": "linkTooltip-3"
			}
		}, {
			"title": {
				"translationKey": "title-4",
				"isAsset": false
			},
			"text": {
				"translationKey": "text-4",
				"isAsset": false
			},
			"icon": {
				"value": "action-settings",
				"isAsset": false
			},
			"url": {
				"value": "#",
				"isAsset": false
			},
			"linkTarget": {
				"value": "_blank"
			},
			"linkTooltip": {
				"translationKey": "linkTooltip-4"
			}
		}],
		"componentDescriptor": [{
			"title": "Title",
			"type": "SHORT_TEXT",
			"value": "{/title/value}"
		}, {
			"title": "Icon",
			"type": "ICON",
			"value": "{/icon/value}"
		}, {
			"title": "Text",
			"type": "LONG_TEXT",
			"value": "{/text/value}"
		}, {
			"type": "LINK",
			"title": "Link",
			"value": "{/url/value}",
			"linkTarget": "{/linkTarget/value}",
			"linkTooltip": "{/linkTooltip/value}"
		}]
	}
}