<edmx:Edmx xmlns:edmx="http://schemas.microsoft.com/ado/2007/06/edmx" Version="1.0">
	<edmx:DataServices xmlns:m="http://schemas.microsoft.com/ado/2007/08/dataservices/metadata" m:DataServiceVersion="2.0">
		<Schema xmlns:d="http://schemas.microsoft.com/ado/2007/08/dataservices"
			xmlns:m="http://schemas.microsoft.com/ado/2007/08/dataservices/metadata" xmlns="http://schemas.microsoft.com/ado/2008/09/edm"
			Namespace="default">
			<EntityType Name="TaskType">
				<Key>
					<PropertyRef Name="id"/>
				</Key>
				<Property Name="id" Type="Edm.String" Nullable="false" MaxLength="10"/>
				<Property Name="title" Type="Edm.String" MaxLength="10"/>
				<Property Name="note" Type="Edm.String" MaxLength="10"/>
				<Property Name="status" Type="Edm.String" MaxLength="10"/>
				<Property Name="Assoc.taskId" Type="Edm.String" MaxLength="10"/>
			</EntityType>
			<EntityContainer Name="v2" m:IsDefaultEntityContainer="true">
				<EntitySet Name="Task" EntityType="default.TaskType"/>
			</EntityContainer>
		</Schema>
	</edmx:DataServices>
</edmx:Edmx>