<core:FragmentDefinition xmlns="sap.m" xmlns:core="sap.ui.core" xmlns:f="sap.ui.layout.form">
	<Dialog id="createDialog" >
		<f:SimpleForm title="Create/Delete/Update a Product" maxContainerCols="2" editable="true">
			<f:content>
				<Label text="Enter the Product ID"></Label>
				<Input id="idprdid" type="Text" width="300px"></Input>
				<Label text="Enter Product Name"></Label>
				<Input id="idprdname" type="Text" width="300px"></Input>
				<Label text="Enter product Description"></Label>
				<Input id="idprddes" type="Text" width="300px"></Input>
				<Label ></Label>
				<Button type="Reject" width="100px" text="Submit" press="onSubmit"></Button>
				<Button type="Reject" width="100px" text="Cancel" press="onCancel"></Button>
			</f:content>
		</f:SimpleForm>
	</Dialog>
</core:FragmentDefinition>