<?xml version="1.0" encoding="utf-8"?>
<edmx:Edmx xmlns:edmx="http://docs.oasis-open.org/odata/ns/edmx" Version="4.0">
    <edmx:Reference Uri="https://oasis-tcs.github.io/odata-vocabularies/vocabularies/Org.OData.Core.V1.xml">
        <edmx:Include Namespace="Org.OData.Core.V1" Alias="Core"/>
    </edmx:Reference>
    <edmx:DataServices>
        <Schema xmlns="http://docs.oasis-open.org/odata/ns/edm" Namespace="com.sap.cloud.server.odata.http.v1" Alias="HTTP">
            <Annotation Term="Core.Description" String="This schema defines terms and types for OData/HTTP mapping."/>
            <Term Name="Destination" Type="Edm.String" AppliesTo="EntitySet EntityType">
                <Annotation Term="Core.Description" String="Specifies an HTTP destination name for entity handler generation."/>
            </Term>
            <Term Name="Request" Type="Edm.String" AppliesTo="EntitySet EntityType">
                <Annotation Term="Core.Description" String="Specifies an HTTP request line (with optional template parameters using path binding notation)."/>
            </Term>
            <Term Name="RequestHeaders" Type="Edm.String" AppliesTo="EntitySet EntityType">
                <Annotation Term="Core.Description" String="Specifies bindings for the HTTP request headers using JSON binding notation."/>
            </Term>
            <Term Name="RequestBody" Type="Edm.String" AppliesTo="EntitySet EntityType">
                <Annotation Term="Core.Description" String="Specifies bindings for the HTTP request body using JSON or XML binding notation."/>
            </Term>
            <Term Name="ResponseHeaders" Type="Edm.String" AppliesTo="EntitySet EntityType">
                <Annotation Term="Core.Description" String="Specifies bindings for HTTP response headers using JSON binding notation."/>
            </Term>
            <Term Name="ResponseBody" Type="Edm.String" AppliesTo="EntitySet EntityType">
                <Annotation Term="Core.Description" String="Specifies bindings for the HTTP response body using JSON or XML binding notation."/>
            </Term>
        </Schema>
    </edmx:DataServices>
</edmx:Edmx>
