<?xml version="1.0" encoding="utf-8"?>
<edmx:Edmx xmlns:edmx="http://docs.oasis-open.org/odata/ns/edmx" Version="4.0">
    <edmx:Reference Uri="https://oasis-tcs.github.io/odata-vocabularies/vocabularies/Org.OData.Core.V1.xml">
        <edmx:Include Namespace="Org.OData.Core.V1" Alias="Core"/>
    </edmx:Reference>
    <edmx:DataServices>
        <Schema xmlns="http://docs.oasis-open.org/odata/ns/edm" Namespace="com.sap.cloud.server.odata.jco.v1" Alias="JCO">
            <Annotation Term="Core.Description" String="This schema defines terms and types for OData/JCO mapping."/>
            <Term Name="Destination" Type="Edm.String" AppliesTo="EntitySet EntityType">
                <Annotation Term="Core.Description" String="Specifies a JCO destination name for entity handler generation."/>
            </Term>
            <Term Name="Function" Type="Edm.String" AppliesTo="EntitySet EntityType">
                <Annotation Term="Core.Description" String="Specifies a JCO function name for entity handler generation."/>
            </Term>
            <Term Name="InputRecord" Type="Edm.String" AppliesTo="EntitySet EntityType">
                <Annotation Term="Core.Description" String="Specifies bindings for a JCO input record using JSON binding notation."/>
            </Term>
            <Term Name="OutputRecord" Type="Edm.String" AppliesTo="EntitySet EntityType">
                <Annotation Term="Core.Description" String="Specifies bindings for a JCO output record using JSON binding notation."/>
            </Term>
        </Schema>
    </edmx:DataServices>
</edmx:Edmx>
