{
	"identification": {
		"entityType": "contentunit"
	},
	"texts": {
		"title": {
			"type": "",
			"value": {
				"": "Enter a title here"
			}
		}
	},
	"payload": {
		"type": "Basic",
		"icon": "sap-icon://text-formatting",
		"componentType": "Content Item",
		"components": [{
			"title": {
				"translationKey": "title",
				"isAsset": false
			}
		}, {
			"title": {
				"translationKey": "title",
				"isAsset": false
			}
		}, {
			"title": {
				"translationKey": "title",
				"isAsset": false
			}
		}],
		"componentDescriptor": [{
			"title": "Title",
			"type": "SHORT_TEXT",
			"value": "{/title/value}"
		}],
		"defaultComponent": {
			"title": {
				"translationKey": "title",
				"isAsset": false
			}
		},
		"repeatable": true
	}
}