{
    "LeftPanelData": {
        "results": [
            {
                "text": "Hub",
                "number": "03"
            },
            {
                "text": "Messages",
                "number": "05"
            },
            {
                "text": "RFx",
                "number": "10"
            },
            {
                "text": "PO"
            },
            {
                "text": "ASN"
            },
            {
                "text": "GRN"
            },
            {
                "text": "Invoices"
            },
            {
                "text": "End to end"
            },
            {
                "text": "Delight",
                "number": "77"
            },
            {
                "text": "Config"
            }
        ]
    },
    "OverviewData": {
        "results": {
            "Alerts": "03",
            "TopPanelData": {
                "results": {
                    "BusinessConducted": 5160000,
                    "PoConducted": 150,
                    "Invoices": 1340
                }
            },
            "RfxData": {
                "results": [
                    {
                        "status": "Y",
                        "number": 6
                    },
                    {
                        "status": "S",
                        "number": 10
                    }
                ]
            },
            "InvoiceData": {
                "results": [
                    {
                        "Invoice": "30",
                        "Rejected": "02",
                        "Clearforpayment": "10",
                        "UnderBlock": "09",
                        "UnderDeviation": "14",
                        "InProgress": "09",
                        "Pendingforhardcopy": "08",
                        "Yettoupload": "08"
                    }
                ]
            },
            "GrnData": {
                "results": [
                    {
                        "GRN": "26",
                        "status": "P"
                    },
                    {
                        "GRN": "37",
                        "status": "A"
                    },
                    {
                        "GRN": "39",
                        "status": "R"
                    },
                    {
                        "GRN": "29",
                        "status": "T"
                    }
                ]
            },
            "PaymentData": {
                "results": [
                    {
                        "Quantity": 350320,
                        "status": "P"
                    },
                    {
                        "Quantity": 250320,
                        "status": "N"
                    }
                ]
            },
            "FlaggedItemData" : {
                "results": [
                    {
                        "Title": "PO No. 123445678",
                        "Status": "Yet to Acknowledge",
                        "Date": "11 Aug 2014, 12:00 pm"
                    },
                    {
                        "Title": "ASN No. 125565",
                        "Status": "Gate Entry Done",
                        "Date": "11 Aug 2014, 12:00 pm"
                    },
                    {
                        "Title": "RFx No.12345678",
                        "Status": "Submitted",
                        "Date": "11 Aug 2014, 12:00 pm"
                    },
                    {
                        "Title": "Invoice No. 125565",
                        "Status": "Clear for Payment",
                        "Date": "11 Aug 2014, 12:00 pm"
                    }
                ]
            }
        }
    }
}
