{
  "run": [
    {
      "filePath": "/CA_FIORI_INBOXExtension/index.html",
      "previewMode": 0,
      "dataMode": 1,
      "workspace": "withoutWorkspace",
      "ui5ActiveVersion": null,
      "ui5VerSource": null,
      "isDefaultVersion": 0,
      "urlParameters": [
        {
          "paramName": "allItems",
          "paramValue": "true",
          "paramActive": true
        },
        {
          "paramName": "scenarioId",
          "paramValue": "PRC_INBOX",
          "paramActive": false
        },
        {
          "paramName": "listSize",
          "paramValue": "100",
          "paramActive": true
        },
        {
          "paramName": "SAP_Origin",
          "paramValue": "FIORI_TASK",
          "paramActive": true
        }
      ],
      "_metadata": {
        "id": 2208769,
        "runnerId": "webapprunner",
        "displayName": "New Web Application 26",
        "lastRunTimeStamp": 1517641283338
      }
    }
  ]
}