{
  "welcomeFile": "index.html",
  "routes": [
    {
      "path": "/sap/opu/odata",
      "wattUsage": "odata_abap",
      "target": {
        "type": "destination",
        "name": "SAP_AIC_ANG",
        "entryPath": "/sap/opu/odata"
      },
      "description": "SAP_AIC_ANG"
    },
    {
      "path": "/sap/bc/ui5_ui5",
      "wattUsage": "ui5_execute_abap",
      "target": {
        "type": "destination",
        "name": "SAP_AIC_ANG",
        "entryPath": "/sap/bc/ui5_ui5"
      },
      "description": "SAP_AIC_ANG"
    },
    {
      "path": "/sap/opu/odata/sap/ZEMPLOYEE_SRV",
      "wattUsage": "odata_abap",
      "target": {
        "type": "destination",
        "name": "Employee_Service"
      },
      "description": "Employee Service"
    },
    {
      "path": "/resources",
      "target": {
        "type": "service",
        "name": "sapui5",
        "entryPath": "/resources"
      },
      "description": "SAPUI5 Resources"
    },
    {
      "path": "/test-resources",
      "target": {
        "type": "service",
        "name": "sapui5",
        "entryPath": "/test-resources"
      },
      "description": "SAPUI5 Test Resources"
    }
  ]
}