{
	"welcomeFile": "/test/flpSandbox.html",
	"routes": [{
		"path": "/sap/opu/odata",
		"target": {
			"type": "destination",
			"name": "s7h",
			"entryPath": "/sap/opu/odata"
		},
		"description": "s7h"
	}, {
		"path": "/sap/bc/lrep",
		"target": {
			"type": "destination",
			"name": "s7h",
			"entryPath": "/sap/bc/lrep"
		},
		"description": "s7h"
	}, {
		"path": "/resources",
		"target": {
			"type": "service",
			"name": "sapui5",
			"preferLocal": true,
			"entryPath": "/resources",
			"version": "1.44.12"
		},
		"description": "SAPUI5 Resources"
	}, {
		"path": "/sap/ui5/1/resources",
		"target": {
			"type": "service",
			"name": "sapui5",
			"preferLocal": true,
			"version": "1.44.12"
		},
		"description": "SAPUI5 dist layer resources"
	}, {
		"path": "/resources",
		"target": {
			"type": "service",
			"name": "sapui5",
			"entryPath": "/resources",
			"version": "1.44.12"
		},
		"description": "SAPUI5 Resources"
	}, {
		"path": "/test-resources",
		"target": {
			"type": "service",
			"name": "sapui5",
			"entryPath": "/test-resources",
			"version": "1.44.12"
		},
		"description": "SAPUI5 Test Resources"
	}, {
		"path": "/test-resources",
		"target": {
			"type": "service",
			"name": "sapui5",
			"entryPath": "/test-resources",
			"version": "1.44.12"
		},
		"description": "SAPUI5 Test Resources"
	}, {
		"path": "/",
		"target": {
			"type": "application",
			"name": "flpsandbox",
			"preferLocal": true
		},
		"description": "Subscribed Fiori LaunchPad"
	}],
	"sendWelcomeFileRedirect": true
}