{
    "resources": [
        {
            "name": "localService/mockserver.js"
        },
        {
            "name": "localService/metadata.xml"
        },
        {
            "name": "localService/ZALLOC_EMPLOYEE_ANNO_MDL.xml"
        },
        {
            "name": "manifest.json"
        },
        {
            "name": "annotations/annotations.xml"
        },
        {
            "name": "Component.js"
        },
        {
            "name": "ext/controller/ListReportExt.controller.js"
        },
        {
            "name": "ext/fragment/Customfilter.fragment.xml"
        },
        {
            "name": "i18n/ObjectPage/Zc_worklogsales/i18n.properties",
            "raw": "i18n/i18n.properties"
        },
        {
            "name": "i18n/ObjectPage/Zc_allocsales/i18n.properties",
            "raw": "i18n/i18n.properties"
        },
        {
            "name": "i18n/ListReport/Zc_allocsales/i18n.properties",
            "raw": "i18n/i18n.properties"
        },
        {
            "name": "i18n/i18n.properties",
            "raw": "i18n/i18n.properties"
        },
        {
            "name": "Component-preload.js",
            "merged": true
        },
        {
            "name": "neo-app.json"
        }
    ]
}