<?xml version="1.0" encoding="utf-8"?>
<edmx:Edmx xmlns:edmx="http://docs.oasis-open.org/odata/ns/edmx" Version="4.0">
	<edmx:Reference Uri="/sap/bc/ui5_ui5/ui2/ushell/resources/sap/ushell/components/factsheet/vocabularies/UI.xml">
		<edmx:Include Alias="UI" Namespace="com.sap.vocabularies.UI.v1"/>
	</edmx:Reference>
	<edmx:Reference Uri="/sap/opu/odata/sap/ZALLOC_EMPLOYEE_SRV/$metadata">
		<edmx:Include Alias="ZALLOC_EMPLOYEE_SRV" Namespace="ZALLOC_EMPLOYEE_SRV"/>
	</edmx:Reference>
	<edmx:Reference Uri="http://docs.oasis-open.org/odata/odata-data-aggregation-ext/v4.0/cs02/vocabularies/Org.OData.Aggregation.V1.xml">
		<edmx:Include Alias="Aggregation" Namespace="Org.OData.Aggregation.V1"/>
	</edmx:Reference>
	<edmx:Reference Uri="http://docs.oasis-open.org/odata/odata/v4.0/errata03/os/complete/vocabularies/Org.OData.Capabilities.V1.xml">
		<edmx:Include Alias="Capabilities" Namespace="Org.OData.Capabilities.V1"/>
	</edmx:Reference>
	<edmx:Reference Uri="https://wiki.scn.sap.com/wiki/download/attachments/448470974/Common.xml?api=v2">
		<edmx:Include Alias="Common" Namespace="com.sap.vocabularies.Common.v1"/>
	</edmx:Reference>
	<edmx:Reference Uri="https://wiki.scn.sap.com/wiki/download/attachments/448470971/Communication.xml?api=v2">
		<edmx:Include Alias="vCard" Namespace="com.sap.vocabularies.Communication.v1"/>
	</edmx:Reference>
	<edmx:Reference Uri="http://docs.oasis-open.org/odata/odata/v4.0/errata03/os/complete/vocabularies/Org.OData.Core.V1.xml">
		<edmx:Include Alias="Core" Namespace="Org.OData.Core.V1"/>
	</edmx:Reference>
	<edmx:Reference Uri="http://docs.oasis-open.org/odata/odata/v4.0/errata03/os/complete/vocabularies/Org.OData.Measures.V1.xml">
		<edmx:Include Alias="CQP" Namespace="Org.OData.Measures.V1"/>
	</edmx:Reference>
	<edmx:Reference Uri="https://oasis-tcs.github.io/odata-vocabularies/vocabularies/Org.OData.Authorization.V1.xml">
		<edmx:Include Alias="Auth" Namespace="Org.OData.Authorization.V1"/>
	</edmx:Reference>
	<edmx:Reference Uri="https://oasis-tcs.github.io/odata-vocabularies/vocabularies/Org.OData.Validation.V1.xml">
		<edmx:Include Alias="Validation" Namespace="Org.OData.Validation.V1"/>
	</edmx:Reference>
	<edmx:DataServices>
		<Schema xmlns="http://docs.oasis-open.org/odata/ns/edm" Namespace="ZEMPLOYEE_WORK_ALLOC.ZALLOC_EMPLOYEE_SRV">
			<!--===============================================================================
                Entity Type from chosen collection 
                ================================================================================-->
			<Annotations Target="ZALLOC_EMPLOYEE_SRV.Zc_allocsalesType">
				<Annotation Term="UI.Facets">
					<Collection>
						<Record Type="UI.ReferenceFacet">
							<PropertyValue Property="Label" String="{@i18n&gt;WORKLOG}"/>
							<PropertyValue Property="Target" AnnotationPath="to_WorkLog/@UI.LineItem"/>
						</Record>
						<Record Type="UI.ReferenceFacet">
							<PropertyValue Property="Target" AnnotationPath="to_Expense/@UI.LineItem"/>
							<PropertyValue Property="Label" String="{@i18n&gt;EXPENSE}"/>
						</Record>
					</Collection>
				</Annotation>
			</Annotations>
			<!--===============================================================================
                Entity Type from chosen navigation property
                ================================================================================-->
			<Annotations Target="ZALLOC_EMPLOYEE_SRV.Zc_worklogsalesType">
				<Annotation Term="UI.Facets">
					<Collection>
						<Record Type="UI.CollectionFacet">
							<PropertyValue Property="Facets">
								<Collection>
									<Record Type="UI.ReferenceFacet">
										<PropertyValue Property="Target" AnnotationPath="@UI.FieldGroup#WorkLogDetail"/>
										<PropertyValue Property="Label" String="{@i18n&gt;WORKLOG_DETAIL}"/>
									</Record>
									<Record Type="UI.ReferenceFacet">
										<PropertyValue Property="Target" AnnotationPath="@UI.FieldGroup#CustomerDetail"/>
										<PropertyValue Property="Label" String="{@i18n&gt;CUSTOMER_DETAIL}"/>
									</Record>
								</Collection>
							</PropertyValue>
							<PropertyValue Property="Label" String="{@i18n&gt;WORKLOG}"/>
						</Record>
					</Collection>
				</Annotation>
			</Annotations>
			<Annotations Target="ZALLOC_EMPLOYEE_SRV.Zc_expensesaleType">
				<Annotation Term="UI.Facets">
					<Collection>
						<Record Type="UI.ReferenceFacet">
							<PropertyValue Property="Target" AnnotationPath="@UI.FieldGroup#ExpenseDetail"/>
							<PropertyValue Property="Label" String="{@i18n&gt;EXPENSE}"/>
						</Record>
					</Collection>
				</Annotation>
			</Annotations>
		</Schema>
	</edmx:DataServices>
</edmx:Edmx>