{
    "application": {
        "id": "",
        "title": "com.drl.pmsManagermobile.DRL_PMS_mobileApp_SnehaFinalGoing",
        "type": "SAP_UI5_Component",
        "componentUrl": "/",
        "appUrl": "#DRL_PMS_mobileApp_SnehaFinalGoing-Display",
        "navigationComponentName": "com.drl.pmsManagermobile",
        "intentSemanticObject": "DRL_PMS_mobileApp_SnehaFinalGoing",
        "intentAction": "Display",
        "html5ApplicationName": "drlmanager",
        "HCPParentApplicationName": ""
    },
    "assignment": {
        "groups": [
            "840589ee-34da-4d31-8bf6-c9027fc53ea0-1485847781991"
        ],
        "contentPackages": [
            "00000000-0000-2222-0000-00000000"
        ],
        "categories": []
    },
    "tile": {
        "type": "StaticTile",
        "title": "Manager Tile",
        "subtitle": "Manager Tile",
        "searchKeywords": "Manager Tile,Manager Tile",
        "displayIconUrl": "sap-icon://approvals",
        "displayInfoText": "",
        "size": "1x1",
        "serviceURL": "",
        "refreshInterval": ""
    }
}