{
  "generation": [
    {
      "templateId": "fioritemplate.UI5masterDetailKapsel",
      "templateVersion": "1.28.1",
      "dateTimeStamp": "Sat, 08 Jul 2017 10:31:26 GMT"
    }
  ],
  "translation": {
    "translationDomain": "",
    "supportedLanguages": "en,fr,de",
    "defaultLanguage": "en",
    "defaultI18NPropertyFile": "i18n.properties",
    "resourceModelName": "i18n"
  },
  "mockpreview": {
    "mockUri": "/sap/opu/odata/sap/ZHAP_APPRAISAL_SRV",
    "metadataFilePath": "",
    "loadJSONFiles": false,
    "loadCustomRequests": false,
    "mockRequestsFilePath": ""
  },
  "projectType": [
    "com.sap.webide.hybrid.cordova",
    "sap.watt.uitools.ide.fiori"
  ],
  "deploy": {
    "destination": "D10",
    "name": "ZHAP_PMS"
  }
}