{
  "Component.js": "1505125938025",
  "controller/AfterSubmit.controller.js": "1505127015980",
  "controller/App.controller.js": "1503911958142",
  "controller/Goalset.controller.js": "1507102930613",
  "controller/half_year_EMP.controller.js": "1503911958147",
  "controller/Login.controller.js": "1503911958144",
  "controller/noDocFoud.controller.js": "1503911958149",
  "controller/YearSelection.controller.js": "1503911958146",
  "css/dr-reddys-logo-2015.png": "1503911958129",
  "css/i18n_en.properties": "1503911958128",
  "css/i18n_ru.properties": "1503911958196",
  "css/messageBundle.properties": "1503911958131",
  "css/spinner-of-dots.png": "1503911958132",
  "css/style.css": "1505814880381",
  "dev/devapp.js": "1503911958135",
  "dev/devlogon.js": "1503911958136",
  "extended_runnable_file.html": "1503911958074",
  "fragments/L1Comments.fragment.xml": "1504185601132",
  "i18n/i18n_en.properties": "1505124712197",
  "i18n/i18n_ru.properties": "1505124803519",
  "i18n/messageBundle.properties": "1505124762495",
  "image/spinner.gif": "1503911958156",
  "index.html": "1504277511649",
  "model/metadata.xml": "1503911958109",
  "MyRouter.js": "1503911958021",
  "util/Controller.js": "1503911958098",
  "util/Formatter.js": "1503911958099",
  "view/AfterSubmit.view.xml": "1505124750463",
  "view/App.view.xml": "1503911958104",
  "view/Busydialog.fragment.xml": "1503911958106",
  "view/Complgoal.fragment.xml": "1503911958113",
  "view/Goalset.view.xml": "1505808193915",
  "view/Goal_Lib.fragment.xml": "1503911958116",
  "view/L1Comments.fragment.xml": "1504185601132",
  "view/Menu.fragment.xml": "1503911958194",
  "view/noDocFoud.view.xml": "1503911958126",
  "view/Owngoal.fragment.xml": "1503911958115",
  "view/Owngoal_proj.fragment.xml": "1503911958118",
  "view/Score_Card.fragment.xml": "1503911958120",
  "view/Setting.fragment.xml": "1503911958122",
  "view/YearSelection.view.xml": "1505388110066"
}