<core:FragmentDefinition xmlns:core="sap.ui.core" xmlns="sap.m" 
 xmlns:f="sap.ui.layout.form" xmlns:l="sap.ui.layout"  xmlns:u="sap.ui.unified">

<Dialog id="idDialogAddressDetails" title="Edit Address Details" contentWidth="80%">
		<content>
			<l:Grid >
		<l:content>
		       	<Label class="required" id="idReqAdd" text="Please enter required fields" visible="false">
		       	    <!--<layoutData>
					<l:GridData
						span="L12 M12 S12"
						linebreakL="true"
						linebreakM="true"
						linebreakS="true" />
				</layoutData>-->
		       	</Label>
			</l:content>
	</l:Grid>

          <CheckBox id="idSameAddr" valueState="Warning" visible="true" text=" same as Permanent address" select="populateAddr"/>
             <HBox id="idradioB" visible="false" >
              <RadioButton groupName="GroupA"  valueState="Warning" id="idradio1" text="same as Permanent address"  select="emerAddress"/>
			    <RadioButton groupName="GroupA" valueState="Warning" id="idradio2" text="same as Temporary address" select="emerAddress"/>
			   <!--  <RadioButton groupName="GroupA" valueState="Warning" id="idradio3" selected="true"  text="None" select="emerAddress"/>-->
			    </HBox>
	<f:SimpleForm editable="true" maxContainerCols="2"
            layout="ResponsiveGridLayout"
                labelSpanL="4"
                labelSpanM="4"
                emptySpanL="0"
                emptySpanM="0"
                columnsL="2"
                columnsM="2" title="">

	  <f:content>

    	<core:Title text="" />
	  		
	  		<Label text="Edit Address" visible="false"></Label>	
	   		<Select id="idAddress" selectedKey = "Local address" visible="false" change="addressSelect">
                <core:Item key="Permanent address" text="Permanent address" />
       			<core:Item key="Local address" text="LOCAL/Temporary Address" />
	   			<core:Item key="Emergency contact" text="Emergency contact" />
	   		</Select>
            
			  
	   		<Label id="idLblName" text="Contact Name" visible="false"></Label>
	   		<Input id="idContactName" value = "" placeholder="Mandatory field, please fill" visible="false"></Input>
	   		
	   		<Label id="idlblcareOf" text="Care Of" visible="true"></Label>
	   		<Input id="idCareOf" value = "" visible="true" ></Input>
	   		
	     	<Label text="House No/Street" ></Label>	
	   		<Input id ="idHouseNo" placeholder="Mandatory field, please fill" value="" maxLength="60"></Input>
 		     
 		     <Label text="2nd Address Line"></Label>	
	   		<Input id="idAddLine" value="" maxLength="40"></Input>
	   		<Label text="City"></Label>
	   		<Input id="idCity" value="" maxLength="40" ></Input>
	   		
	   		<Label text="Postal Code"></Label>
	   		<Input id="idPostalCode" placeholder="Mandatory field, please fill" value="" type="Number"></Input>
	   		
        	<core:Title text="" />
            
            	<Label text="District"></Label>		
	   		<Input id="idDistrict" value="" placeholder="Mandatory field, please fill" showValueHelp="true" 
	   		filterSuggests="false" valueHelpRequest="onDistrictSelect"  showSuggestion="true" liveChange="onChangeDistrict"	
	   		suggestionItems="{DistrictModel>/results}" 	suggest="onSuggest" suggestionItemSelected="onSuggestionItemSelected">
			<suggestionItems>
				<core:Item text="{DistrictModel>District}-{DistrictModel>StateTxt}-{DistrictModel>Country}"/>
			</suggestionItems>
			</Input>
	   	    <Label text="State"></Label>
	   		<Input id="idRegion" value="" placeholder="Mandatory field, please fill" showValueHelp="true" 
	   		showSuggestion="true" filterSuggests="false" valueHelpRequest="onStateSelect" 
			suggestionItems="{StateModel>/results}" 	suggest="onSuggest" suggestionItemSelected="onSuggestionItemSelected">
			<suggestionItems>
				<core:Item text="{StateModel>StateTxt}"/>
			</suggestionItems>
			</Input>
			
           <Label text="Country"></Label>	
	   		<Input id="idCountryAddress" value="" placeholder="Mandatory field, please fill" showValueHelp="true" 
	   		filterSuggests="false" valueHelpRequest="onCountryAddressSelect"  showSuggestion="true" 	
	   		suggestionItems="{CountryModel>/results}" 	suggest="onSuggest" suggestionItemSelected="onSuggestionItemSelected">
			<suggestionItems>
				<core:Item text="{CountryModel>Country}"/>
			</suggestionItems>
			</Input>
			<!--<Label text=""></Label>	
	   		<HBox id="idradioC" visible="false" >
              <RadioButton groupName="GroupC"  id="idLL" text="Landline"  select="emerTel"/>
			    <RadioButton groupName="GroupC" id="idMob" text="Mobile" select="emerTel" selected="true"/>
			     
			    </HBox>-->
	   	
	   		<Label id="idTelLbl" text="Telephone Number"  ></Label>
	   		<!--<HBox>
	   		<Select forceSelection="true" id="idCouExt" items="{phoneCodeModel>/results}" 
						value="" visible="false">
						<core:Item key="{phoneCodeModel>MobileCode}" text="{phoneCodeModel>MobileCode}"/>
						<layoutData>
							<l:GridData span="L2 M2 S2"/>
						</layoutData>
					</Select>
			<Label id="idem1" width="2px" visible="false"></Label>
			<Select forceSelection="true" id="idStd" items="{stdCodeModel>/results}" 
						value="" visible="false">
						<core:Item key="{stdCodeModel>MobileCode}" text="{stdCodeModel>MobileCode}"/>
						<layoutData>
							<l:GridData span="L2 M2 S2"/>
						</layoutData>
					</Select>
			<Label id="idem2" width="2px" visible="false"></Label>-->
	   		<Input id="idTelNum" value =""  placeholder="Please enter with proper country code if applicable"></Input>
	   	<!--	</HBox>-->
          </f:content>

	</f:SimpleForm>



	
    <Panel width="auto" class="sapUiResponsiveMargin" id="idPanelUpload"  visible ="true" accessibleRole="Region">

    
	<u:FileUploader id="fileUploader" tooltip="select your address proofs for upload" change="handleValueChange"

								fileType="pdf,jpg,jpeg,doc,docx,gif,txt,tiff" multiple="false" name="myFileUpload" placeholder="select your address proofs for upload" sameFilenameAllowed="false" typeMissmatch="handleTypeMissmatch"

								uploadComplete="handleUploadComplete" uploadUrl="upload/" width="400px"/>
								
								<Label text="" width="1rem"></Label>
				                <Button id="idHelpAdd" color="#031E48" width="3rem"  title="" icon="sap-icon://hint">
			                	</Button>
				<Label text="" width="1rem"></Label>
						<Button id="idBtnUpload" press="handleUploadPress" text="Upload File" type="Emphasized"/>
							<Table id="idFileTable" includeItemInSelection="true" mode="SingleSelectMaster">
								<columns>
									<Column demandPopin="true" hAlign="Left" minScreenWidth="Tablet" visible="true">
										<!--<Label text="File Name"/>-->
									</Column>
									<Column demandPopin="true" hAlign="Left" minScreenWidth="Tablet">
									<!--	<Label text=""/>-->
									</Column>
									<Column demandPopin="true" hAlign="Left" minScreenWidth="Tablet" visible="false">
									<!--	<Label text="Delete Flag"/>-->
									</Column>
								</columns>
							</Table>
    </Panel>
	</content>
		<buttons>
            <Button text="Reset" id="emrBut" type="Emphasized" press="onResetAddress" visible="false"></Button>
		    <Button text="Save"  type="Emphasized" press="SubmitAddress"></Button>
			<Button text="Cancel" type="Emphasized"  press="onCloseAddress"></Button>
		</buttons>
</Dialog>
</core:FragmentDefinition>