<core:FragmentDefinition xmlns:core="sap.ui.core" xmlns="sap.m" xmlns:f="sap.ui.layout.form">
<Dialog id="idDialogEditBG" title="Add/Edit Blood Group Details" contentWidth="25%">
		<content>

	<f:SimpleForm  maxContainerCols="1"  editable="false" title="" >
	  <f:content>	  		
	     	<Label text="Blood Group"></Label>	
	   		<Select id="idBGVal"   items="{BGModel>/results}">
	   			<core:Item key="{BGModel>GroupCode}" text="{BGModel>GroupName}"></core:Item>
	   		</Select>
 			<Label text="RH Factor"></Label>	
            	<Select id="idRHFactor" items="{RHModel>/results}">
	   				<core:Item key="{RHModel>FactorCode}" text="{RHModel>FactorName}"></core:Item>
	   		</Select>
	     </f:content>



	</f:SimpleForm>	
	</content>
		<buttons>
		    <Button text="Save"  type="Emphasized" press="SubmitBG"></Button>
			<Button text="Cancel" type="Emphasized"  press="onCloseBG"></Button>			
		</buttons>
</Dialog>
</core:FragmentDefinition>