<core:FragmentDefinition xmlns:core="sap.ui.core" xmlns:f="sap.ui.layout.form" xmlns:l="sap.ui.layout" xmlns="sap.m">
	<Dialog contentWidth="35%" id="idDialogCommDetails" title=" ">
		<content>
				<l:Grid
		class="sapUiSmallMarginTop"
		defaultSpan="L12 M12 S12">
		<l:content>
		       	<Label class="required" id="idReqComm" text="Please enter required fields" visible="false">
		       	    <layoutData>
					<l:GridData
						span="L12 M12 S12"
						linebreakL="true"
						linebreakM="true"
						linebreakS="true" />
				</layoutData>
		       	    
		       	</Label>
			</l:content>
	</l:Grid><!--
			<f:SimpleForm editable="true" maxContainerCols="2"
            layout="ResponsiveGridLayout"
                labelSpanL="4"
                labelSpanM="4"
                emptySpanL="0"
                emptySpanM="0"
                columnsL="2"
                columnsM="2" title="">

	  <f:content>

    	<core:Title text="" />
	  		<Label id="idLblPEmail" text="Personal E-mail" ></Label>
	   		<Input id="idPerEmail" value = "" placeholder="Mandatory field, please fill" width="80%"></Input>
	   		
	   		<Label id="idlblMP" text="Mobile Phone" visible="true"></Label>
	   		<HBox>
	   		<Input id="idPerMobExt"  value="" visible="true">
			</Input>
			<Label width="10px" text=""></Label>
			<Input id="idPerMob"  maxLength="10" value="" width="90%" visible="true">
			</Input>
			</HBox>	
			
			<Label id="idlblAMP" text="Alternate mobile number" visible="true"></Label>
	   		<HBox>
	   		<Input id="idPerMobExt1"  value="" visible="true">
			</Input>
			<Label width="10px" text=""></Label>
			<Input id="idPerMob1" maxLength="10" value="" width="90%" visible="true">
			</Input>
			</HBox>	
			
 		     <Label id="idlIPNo" text="IP phone number"></Label>	
	   		<HBox>
	   		    
	   		    	<Select forceSelection="true"  id="idIPPhExt" items="{countryExtCodeModel>/countryCode}" selectedKey="{countryExtCodeModel>/countryCode/0/code}"
						value="" >
						<core:Item key="{countryExtCodeModel>code}" text="{countryExtCodeModel>countryName}"/>
					</Select>
					<Label width="10px" text=""></Label>
					<Input id="idIPPhone" maxLength="4" value="" width="90%">
					</Input>
				
	   		</HBox>
	   		
        	</f:content>

	</f:SimpleForm> 
-->

			<l:Grid defaultSpan="L12 M12 S12" vSpacing="0">
				<l:content>
					<Select change="CommSelect" id="idComm" selectedKey="Personal E-mail" visible="false">
						<core:Item key="Personal E-mail" text="Personal E-mail"/>
						<core:Item key="Mobile Phone" text="Mobile Phone"/>
						<core:Item key="Alternate mobile number" text="Alternate mobile number"/>
						<core:Item key="IP phone number" text="IP phone number"/>
					
						<layoutData>
							<l:GridData linebreakL="true" linebreakM="true" linebreakS="true" span="L12 M12 S12"/>
						</layoutData>
					</Select>
					<Input id="idPerEmail" value="">
						<layoutData>
							<l:GridData linebreakL="true" linebreakM="true" linebreakS="true" span="L12 M12 S12"/>
						</layoutData>
					</Input>
					<Input id="idPerMobExt" value="" visible="false">
						<layoutData>
							<l:GridData span="L3 M3 S3"/>
						</layoutData>
					</Input>
					<Input id="idPerMob" value="" maxLength="10" visible="false">
						<layoutData>
							<l:GridData span="L9 M9 S9"/>
						</layoutData>
					</Input>
					<Select forceSelection="true" id="idIPPhExt" items="{countryExtCodeModel>/countryCode}" selectedKey="{countryExtCodeModel>/countryCode/0/code}"
						value="" visible="false">
						<core:Item key="{countryExtCodeModel>code}" text="{countryExtCodeModel>countryName}"/>
						<layoutData>
							<l:GridData span="L6 M6 S6"/>
						</layoutData>
					</Select>
					<Input id="idIPPhone" maxLength="4" value="" visible="false">
						<layoutData>
							<l:GridData span="L6 M6 S6"/>
						</layoutData>
					</Input>
					<Text id="idText" text="Please select appropriate prefix for IP phone" visible="false"></Text>
				</l:content>
			</l:Grid>
		</content>
		<buttons>
			<Button press="SubmitComm" text="Save" type="Emphasized"></Button>
			<Button press="onCloseComm" text="Cancel" type="Emphasized"></Button>
		</buttons>
	</Dialog>
</core:FragmentDefinition>