<core:FragmentDefinition xmlns:core="sap.ui.core" xmlns:f="sap.ui.layout.form" xmlns:l="sap.ui.layout" xmlns:u="sap.ui.unified" xmlns="sap.m">
	<Dialog contentWidth="50%" id="idDialogDisclamier" title="Disclamier">
		<content>
		<l:Grid defaultSpan="L12 M12 S12" vSpacing="0">
				<l:content>
		    <VBox>
		    <Text id=""  text=" ">
		    <layoutData>
					<l:GridData
						span="L9 M9 S9"
						linebreakL="true"
						linebreakM="true"
						linebreakS="true" />
				</layoutData>      
		    </Text>
		    
		    
		    <Text id=""  text="Following are the changes which has been updated by you now ">
		    <layoutData>
					<l:GridData
						span="L9 M9 S9"
						linebreakL="true"
						linebreakM="true"
						linebreakS="true" />
				</layoutData>      
		    </Text>
		    <Label text=" "></Label>
		   
		    <!-- BloodGroup -->
		    <Text id="idBGDis" visible="false" text="Blood Group updated in the system">
		    <layoutData>
					<l:GridData
						span="L9 M9 S9"
						linebreakL="true"
						linebreakM="true"
						linebreakS="true" />
				</layoutData>      
		    </Text>
		    
		    <!-- Identification -->
		    <Text id="idAadharID" visible="false" text="Aadhar ID is sent for approval">
		    <layoutData>
					<l:GridData
						span="L9 M9 S9"
						linebreakL="true"
						linebreakM="true"
						linebreakS="true" />
				</layoutData>      
		    </Text>
		     
		    <Text id="idPassNo" visible="false" text="Passport No  is sent for approval">
		         <layoutData>
					<l:GridData
						span="L9 M9 S9"
						linebreakL="true"
						linebreakM="true"
						linebreakS="true" />
				</layoutData>    
		    </Text>
		   
		    <!--personal Data -->
		    <Text id="idPersdata" visible="false" text="Personal Data details is sent for approval">
		         <layoutData>
					<l:GridData
						span="L9 M9 S9"
						linebreakL="true"
						linebreakM="true"
						linebreakS="true" />
				</layoutData>    
		    </Text>
		   
		    <!-- Address -->
		      <Text id="idPerAdd" visible="false" text="Permanent Address is sent for approval">
		           <layoutData>
					<l:GridData
						span="L9 M9 S9"
						linebreakL="true"
						linebreakM="true"
						linebreakS="true" />
				</layoutData>    
		      </Text>
		   
		      <Text id="idLocAdd" visible="false" text="Local/Temporary Address is sent for approval">
		           <layoutData>
					<l:GridData
						span="L9 M9 S9"
						linebreakL="true"
						linebreakM="true"
						linebreakS="true" />
				</layoutData>    
		      </Text>
		   
		      <Text id="idEmerAdd" visible="false" text="Emergency Address updated in the system">
		           <layoutData>
					<l:GridData
						span="L9 M9 S9"
						linebreakL="true"
						linebreakM="true"
						linebreakS="true" />
				</layoutData>    
		      </Text>
		   
		    <!-- communication -->
		    <Text id="idEmailId" visible="false" text="Email ID updated in the system">
		    <layoutData>
					<l:GridData
						span="L9 M9 S9"
						linebreakL="true"
						linebreakM="true"
						linebreakS="true" />
				</layoutData>    </Text>
		   
		    <Text id="idMob" visible="false" text="Mobile Number updated in the system">
		         <layoutData>
					<l:GridData
						span="L9 M9 S9"
						linebreakL="true"
						linebreakM="true"
						linebreakS="true" />
				</layoutData>    
		    </Text>
		   
		    <Text id="idIP" visible="false" text="IP phone number updated in the system">
		         <layoutData>
					<l:GridData
						span="L9 M9 S9"
						linebreakL="true"
						linebreakM="true"
						linebreakS="true" />
				</layoutData>    
		    </Text>
		   
		    <Text id="idAltMob" visible="false" text="Alternate Mobile number updated in the system">
		         <layoutData>
					<l:GridData
						span="L9 M9 S9"
						linebreakL="true"
						linebreakM="true"
						linebreakS="true" />
				</layoutData>    
		    </Text>
		   
		    <!-- Family Details -->
		    <Text id="idFamdis" visible="false" text="Family details is sent for approval">
		         <layoutData>
					<l:GridData
						span="L9 M9 S9"
						linebreakL="true"
						linebreakM="true"
						linebreakS="true" />
				</layoutData>    
		    </Text>
		   
		    <!-- Education -->
		    <Text id="idEduDis" visible="false" text="Education details is sent for approval">
		         <layoutData>
					<l:GridData
						span="L9 M9 S9"
						linebreakL="true"
						linebreakM="true"
						linebreakS="true" />
				</layoutData>    
		    </Text>
		   
		    <!--Skills -->
		    <Text id="idQuaDis" visible="false" text="Skills/Competency/Languages updated in the system">
		         <layoutData>
					<l:GridData
						span="L9 M9 S9"
						linebreakL="true"
						linebreakM="true"
						linebreakS="true" />
				</layoutData>    
		    </Text>
		   
		    <!-- Note -->
		    <Text id="idNoteDis" visible="false" text="Requests are sent to HR FAC">
		         <layoutData>
					<l:GridData
						span="L9 M9 S9"
						linebreakL="true"
						linebreakM="true"
						linebreakS="true" />
				</layoutData>    
		    </Text>
		    
		    
		    <Label text=" "></Label>
		    <Label text="* Any data sent to HR approval will be reflecting upon their approval"></Label>
		    
		    
		    	<CheckBox text="The data submitted through this application are true to the best of my knowledge." valueState="Warning" enabled="false" selected="true" />
		    </VBox>
		    </l:content>
	</l:Grid>
		</content>
		<buttons>
			<Button press="SubmitDisclamier" text="OK" type="Emphasized"></Button>
			<Button press="CancelDisclamier" text="Cancel" type="Emphasized"></Button>
		</buttons>
	</Dialog>
</core:FragmentDefinition>