<core:FragmentDefinition xmlns:core="sap.ui.core" xmlns:f="sap.ui.layout.form" xmlns:u="sap.ui.unified" xmlns="sap.m"
xmlns:l="sap.ui.layout">
	<Dialog contentWidth="70%" id="idDialogEditIDs" title="Add/Edit ID Details">
		<content>
	        		<l:Grid>
		<l:content>
		       	<Label class="required" id="idReq" text="Please enter required fields" visible="false">
		       	   <!-- <layoutData>
					<l:GridData
						span="L12 M12 S12"
						linebreakL="true"
						linebreakM="true"
						linebreakS="true" />
				</layoutData>-->
		       	    
		       	</Label>
		       </l:content>
		       	</l:Grid>
		       	<Label text="" width="10%"></Label>
			<Label selectedKey="aadharNo" text="Edit Ids" visible="false"></Label>
			<Select change="setValID" id="idSelect" visible="false">
				<core:Item key="aadharNo" text="Aadhar No"></core:Item>
				<core:Item key="Passport ID" text="Passport ID"></core:Item>
			</Select>
		
			<!--	<f:SimpleForm editable="true" maxContainerCols="2"
			            layout="ResponsiveGridLayout"
			                labelSpanL="4"
			                labelSpanM="4"
			                emptySpanL="0"
			                emptySpanM="0"
			                columnsL="2"
			                columnsM="2" title="">
				<f:content>
			
					<Label selectedKey="aadharNo" text="Edit Ids" visible="false"></Label>
					<Select change="setValID" id="idSelect" visible="false">
						<core:Item key="aadharNo" text="Aadhar No"></core:Item>
						<core:Item key="Passport ID" text="Passport ID"></core:Item>
					</Select>
					<Label text=""></Label>
					<Input id="idValue" value="" placeholder=""></Input>
				</f:content>
			</f:SimpleForm>-->
			
		
		<Panel width="auto" class="sapUiResponsiveMargin"  visible ="true" accessibleRole="Region">
		<!--	<f:SimpleForm columnsL="2" columnsM="2" editable="true" emptySpanL="0" emptySpanM="0" labelSpanL="4" labelSpanM="4" layout="ResponsiveGridLayout"
				maxContainerCols="2" title="">
				<f:content>
					<Label text="" width="5%"></Label>
					<Input id="idValue1" placeholder="" value="" width="20%"></Input>
				</f:content>
			</f:SimpleForm>-->
		    <HBox>
	
		       	<Input id="idValue" placeholder="" value="" >
				  </Input>
				<Label text=" " width="2rem"></Label>
				<u:FileUploader sameFilenameAllowed="false" placeholder="Mandatory,select file for Upload" change="handleValueChange"
					fileType="pdf,jpg,jpeg,doc,docx,gif,png,tiff" multiple="false" name="myFileUploadIds" id="fileUploaderIDs" tooltip="select your proofs for Upload" typeMissmatch="handleTypeMissmatch"
					uploadComplete="handleUploadComplete" uploadUrl="upload/" width="400px"/>
					<Label text="" width="1rem"></Label>
				<Button id="idHelp" color="#031E48"  width="3rem" title="" icon="sap-icon://hint">
				</Button>
				<Label text="" width="1rem"></Label>
				<Button id="idBtnUploadIds" press="handleUploadPressIds" text="Upload File" type="Emphasized"/>
				</HBox>
				<Table id="idFileTableIds" includeItemInSelection="true" mode="SingleSelectMaster" visible="false">
					<columns>
						<Column demandPopin="true" hAlign="Left" minScreenWidth="Tablet" visible="true">
							<!--	<Label text="File Name"/>-->
						</Column>
						<Column demandPopin="true" hAlign="Left" minScreenWidth="Tablet">
							<!--<Label text=""/>-->
						</Column>
						<Column demandPopin="true" hAlign="Left" minScreenWidth="Tablet" visible="false">
							<!--<Label text="Delete Flag"/>-->
						</Column>
					</columns>
				</Table>
			</Panel>
		</content>
		<buttons>
			<Button press="SubmitID" text="Save" type="Emphasized"></Button>
			<Button press="onCloseID" text="Cancel" type="Emphasized"></Button>
		</buttons>
	</Dialog>
</core:FragmentDefinition>