<core:FragmentDefinition xmlns:core="sap.ui.core" xmlns:l="sap.ui.layout"
xmlns="sap.m" xmlns:f="sap.ui.layout.form" xmlns:u="sap.ui.unified">
<Dialog id="idDialogEditHRFAC" title="Note to HR FAC" contentWidth="65%">
		<content>
	 <l:Grid id="idHRFAC" 
	            vSpacing ="0"
				defaultSpan="L12 M12 S12">
		<l:content>
		 <Label id="toHR" text=""></Label>
            <Text text=""></Text>
            
            <Label text="Subject"></Label>
            <Input id="subjHR" value=""></Input>

            <Label text="Details"></Label>
            <TextArea id="txtHR" width="100%" value="" rows="8" />
    	</l:content>
	</l:Grid>
<Label text="" width="10%"></Label>
			<Panel width="auto" class="sapUiResponsiveMargin" accessibleRole="Region">

			<u:FileUploader placeholder="select files for upload" id="fileUploaderHR" change="handleValueChange"
				fileType="pdf,jpg,jpeg,doc,docx,gif,png,tiff" multiple="false" name="myFileUploadHR" 
				sameFilenameAllowed="false" tooltip="select files for Upload" typeMissmatch="handleTypeMissmatch"
				uploadComplete="handleUploadComplete" uploadUrl="upload/" width="400px"/>
					<Label text="" width="5rem"></Label>
			<Button id="idBtnUploadHR" press="handleUploadPressIds" text="Upload File" type="Emphasized"/>
			<Table id="idFileTableHR" includeItemInSelection="true" mode="SingleSelectMaster" visible="false">
				<columns>
					<Column demandPopin="true" hAlign="Center" minScreenWidth="Tablet" visible="true">
						<!--<Label text="File Name"/>-->
					</Column>
					<Column demandPopin="true" hAlign="Center" minScreenWidth="Tablet">
					<!--	<Label text=""/>-->
					</Column>
					<Column demandPopin="true" hAlign="Center" minScreenWidth="Tablet" visible="false">
						<!--<Label text="Delete Flag"/>-->
					</Column>
				</columns>
			</Table>
			</Panel>
	</content>
		<buttons>
		    <Button text="Ok" type="Emphasized" id="idBtn1" visible="false" press="onOKNote"></Button>
		    <Button text="Save"  type="Emphasized" id="idBtn2" visible="true" press="SubmitNote"></Button>
			<Button text="Cancel" type="Emphasized" id="idBtn3" press="onCloseNote"></Button>
		</buttons>
</Dialog>
</core:FragmentDefinition>