<core:FragmentDefinition xmlns:core="sap.ui.core" xmlns:f="sap.ui.layout.form" xmlns:u="sap.ui.unified" xmlns="sap.m">
	<Dialog contentWidth="75%" id="idDialogEmployerDetails" title="Add Employer Details">
		<content>
		<f:SimpleForm editable="true" maxContainerCols="2"
            layout="ResponsiveGridLayout"
                labelSpanL="4"
                labelSpanM="4"
                emptySpanL="0"
                emptySpanM="0"
                columnsL="2"
                columnsM="2" title="">
				<f:content>
					<core:Title text="" />
					<Label text="Company Name"></Label>
					<Input filterSuggests="false" id="idEmployer" placeholder="Mandatory field-search for values" showSuggestion="true" showValueHelp="true"
						suggest="onSuggest" suggestionItemSelected="onSuggestionItemSelected" suggestionItems="{EmployerModel>/results}" value="" valueHelpRequest="onEmployerSelect">
						<suggestionItems>
							<core:Item text="{EmployerModel>EmployerName}"/>
						</suggestionItems>
					</Input>
					
					<Label text="Industry"></Label>
					<Input filterSuggests="false" id="idIndustry" placeholder="Mandatory field-search for values" showSuggestion="true" showValueHelp="true"
						suggest="onSuggest" suggestionItemSelected="onSuggestionItemSelected" suggestionItems="{IndustryModel>/results}" value="" valueHelpRequest="onIndustrySelect">
						<suggestionItems>
							<core:Item text="{IndustryModel>IndustrykeyTxt}"/>
						</suggestionItems>
					</Input>
					
					<Label text="End Date"></Label>
					<DatePicker change="handleChange" id="endDateEmp" placeholder="DD.MM.YYYY" valueFormat="yyyy-MM-dd"/>
					
					<Label text="Country"></Label>
					<Input filterSuggests="false" id="idCountry" placeholder="Mandatory field-search for values" showSuggestion="true" showValueHelp="true"
						suggest="onSuggest" suggestionItemSelected="onSuggestionItemSelected" suggestionItems="{CountryModel>/results}" value="" valueHelpRequest="onCountryEmpSelect">
						<suggestionItems>
							<core:Item text="{CountryModel>Country}"/>
						</suggestionItems>
					</Input>
						<core:Title text="" />
					<Label text="Designation"></Label>
					<Input filterSuggests="false" id="idJob" placeholder="Mandatory field-search for values" showSuggestion="true" showValueHelp="true" suggest="onSuggest"
						suggestionItemSelected="onSuggestionItemSelected" suggestionItems="{JobModel>/results}" value="" valueHelpRequest="onJobSelect">
						<suggestionItems>
							<core:Item text="{JobModel>FormerJobTxt}"/>
						</suggestionItems>
					</Input>
					<Label text="Start Date"></Label>
					<DatePicker change="handleChange" id="startDateEmp" placeholder="DD.MM.YYYY" valueFormat="yyyy-MM-dd"/>
					<Label text="City"></Label>
					<Input id="idCityEmp" maxLength="40" placeholder="Mandatory field, please fill" value=""></Input>
					
				</f:content>
			</f:SimpleForm>
			<Panel width="auto" class="sapUiResponsiveMargin" accessibleRole="Region">

			<u:FileUploader placeholder="select your experience certificates for Upload" id="fileUploaderEmp" change="handleValueChange"
				fileType="pdf,jpg,jpeg,doc,docx,gif,txt,tiff,xml,mpp,xls,xlsx" multiple="false" name="myFileUpload" sameFilenameAllowed="false" tooltip="select your experience certificates for Upload" typeMissmatch="handleTypeMissmatch"
				uploadComplete="handleUploadComplete" uploadUrl="upload/" width="400px"/>
					<Label text="" width="5rem"></Label>
			<Button id="idBtnUploadEmp" press="handleUploadPressEmp" text="Upload File" type="Emphasized"/>
			<Table id="idFileTableEmp" includeItemInSelection="true" mode="SingleSelectMaster">
				<columns>
					<Column demandPopin="true" hAlign="Left" minScreenWidth="Tablet" visible="true">
						<Label text="File Name"/>
					</Column>
					<Column demandPopin="true" hAlign="Left" minScreenWidth="Tablet">
						<Label text=""/>
					</Column>
					<Column demandPopin="true" hAlign="Left" minScreenWidth="Tablet" visible="false">
						<Label text="Delete Flag"/>
					</Column>
				</columns>
			</Table>
			</Panel>
		</content>
		<buttons>
			<Button press="SubmitEmployer" text="Save" type="Emphasized"></Button>
			<Button press="onCloseEmployer" text="Cancel" type="Emphasized"></Button>
		</buttons>
	</Dialog>
</core:FragmentDefinition>