<core:FragmentDefinition xmlns:core="sap.ui.core" xmlns="sap.m" xmlns:f="sap.ui.layout.form" xmlns:l="sap.ui.layout">
<Dialog id="idDialogFamilyDetails" title="Add Family Details" contentWidth="25%">
		<content>
        	<l:Grid
		class="sapUiSmallMarginTop"
		defaultSpan="L12 M12 S12">
		<l:content>
		       	<Label class="required" id="idReqFam" text="Please enter required fields" visible="false">
		       	    <layoutData>
					<l:GridData
						span="L12 M12 S12"
						linebreakL="true"
						linebreakM="true"
						linebreakS="true" />
				</layoutData>
		       	    
		       	</Label>
			</l:content>
	</l:Grid>

	<f:SimpleForm  maxContainerCols="1"  editable="false" title="" >
	  <f:content>
	     	<Label text="Relationship" ></Label>	
	   		<Select id="idMember" selectedKey="Father" change="familySelect">
		   		 <core:Item  key="Father" text="Father" />
		   		 <core:Item  key="Mother" text="Mother" />
		   		 <core:Item  key="Spouse" text="Spouse" />
		   		 <core:Item  key="Child" text="Child" />
	   		</Select>
	   		<Label text="First name"></Label>	

   		<Input id="idFN" placeholder="Mandatory field, fill as per valid legal document" value=""  maxLength="40"/>
	   		<Label text="Last name"></Label>	
	   		<Input id="idLN" placeholder="Mandatory field, fill as per valid legal document" value="" maxLength="40"></Input>
	   		<Label text="Date of birth"></Label>	
	   		<DatePicker id="DP6" placeholder="DD.MM.YYYY" valueFormat="yyyy-MM-dd" change="handleChange"/>
	     </f:content>
	</f:SimpleForm>
	</content>
		<buttons>
		    <Button text="Save"  type="Emphasized" press="SubmitFamilyDetails"></Button>
			<Button text="Cancel" type="Emphasized"  press="onClose"></Button>
		</buttons>
</Dialog>



</core:FragmentDefinition>