<core:FragmentDefinition xmlns:core="sap.ui.core" 	xmlns:l="sap.ui.layout" xmlns="sap.m" xmlns:u="sap.ui.unified" xmlns:f="sap.ui.layout.form">
<Dialog id="idDialogInstituteDetails" title="Add Education Details" contentWidth="75%">
	<content>
		<l:Grid
		class="sapUiSmallMarginTop"
		defaultSpan="L12 M12 S12">
		<l:content>
		       	<Label class="required" id="idReqIns" text="Please enter required fields" visible="false">
		       	    <layoutData>
					<l:GridData
						span="L12 M12 S12"
						linebreakL="true"
						linebreakM="true"
						linebreakS="true" />
				</layoutData>
		       	    
		       	</Label>
			</l:content>
	</l:Grid>
	<f:SimpleForm editable="true" maxContainerCols="2"
            layout="ResponsiveGridLayout"
                labelSpanL="4"
                labelSpanM="4"
                emptySpanL="0"
                emptySpanM="0"
                columnsL="2"
                columnsM="2" title="">
	  <f:content>
	  	<core:Title text="" />
	  		<Label text="Degree"></Label>	
	   		<Input id="idCertificate" placeholder="Mandatory field-search for values" value="" 
	   		    showValueHelp="true" filterSuggests="false" valueHelpRequest="onCertificateSelect" liveChange = "checkCertificate"
	   		    showSuggestion="true" suggestionItems="{CertificateModel>/results}" 	suggest="onSuggest" suggestionItemSelected="onSuggestionItemSelected">
			<suggestionItems>
				<core:Item text="{CertificateModel>CertificateTxt}"/>
			</suggestionItems>
   		</Input>
   			<Label text="Education Type"></Label>	
	   		<Input id="idEduEst" placeholder="Mandatory field-search for values" value="" showValueHelp="true" 
	   		filterSuggests="false" valueHelpRequest="onEduEstSelect" 
	   		 showSuggestion="true" suggestionItems="{EduEstModel>/results}" 	suggest="onSuggest" suggestionItemSelected="onSuggestionItemSelected">
			<suggestionItems>
				<core:Item text="{EduEstModel>EduEstablishTxt}"/>
			</suggestionItems>
   		</Input>
   		
   			<Label text="Specialisation"></Label>
	   		<Input id="idBranch" value="" placeholder="Mandatory field-search for values" showValueHelp="true" 
	   		filterSuggests="false" valueHelpRequest="onBranchSelect" showSuggestion="true" 
	   		suggestionItems="{BranchModel>/results}"  suggestionItemSelected="onSuggestionItemSelected">
			<suggestionItems>
				<core:Item text="{BranchModel>BranchTxt}"/>
			</suggestionItems>
	   		</Input>
	   	
   		<Label text="University/Institute" ></Label>	
	   		<Input id="idInstitute" value="" placeholder="Name as per Certificate" showValueHelp="true" 
	   		filterSuggests="false" valueHelpRequest="onInstituteSelect" showSuggestion="true" 
	   		suggestionItems="{InstituteModel>/results}" 	suggest="onSuggest" suggestionItemSelected="onSuggestionItemSelected">
			<suggestionItems>
				<core:Item text="{InstituteModel>Institute}"/>
			</suggestionItems>
	   		</Input>
	   		
	   	
   			<core:Title text="" />
   			
	     	
 		    <Label text="Country"></Label>	
	   		<Input id="idCountryIns" value="" placeholder="Mandatory field-search for values" showValueHelp="true" 
	   		filterSuggests="false" valueHelpRequest="onCountrySelect"  showSuggestion="true" 
	   		suggestionItems="{CountryModel>/results}" 	suggest="onSuggest" suggestionItemSelected="onSuggestionItemSelected">
			<suggestionItems>
				<core:Item text="{CountryModel>Country}"/>
			</suggestionItems>
	   		</Input>
	   		<Label text="Start Date"></Label>	
	   		<DatePicker id="startDate" placeholder="DD.MM.YYYY" valueFormat="yyyy-MM-dd" change="handleChange"/>
	   		<!--	   		<Label text="Duration/Unit"></Label>	
	   			<Input id="idDur" value="" maxLength="3">
				<layoutData>
					<l:GridData
						span="L3 M3 S3"
						/>
				</layoutData>
				</Input>
	   		<Select id="idUnit" selectedKey="013"
					items="{TimeModel>/timeres}">
					<core:Item key="{TimeModel>TimeMeasureUnit}" text="{TimeModel>TimeMeasureUnitTxt}" />
				</Select>
-->             
	   	    <Label text="End Date"></Label>	
	   		<DatePicker id="endDate" placeholder="DD.MM.YYYY" valueFormat="yyyy-MM-dd" change="handleChange"/>


		<Label text="Highest Education"></Label>
	   	    <Select id="idHighestEdu" selectedKey="Y">
					<core:Item key="Y" text="Yes" />
					<core:Item key="N" text="No" />
				</Select>
	     </f:content>
	</f:SimpleForm>
 <Panel width="auto" class="sapUiResponsiveMargin" accessibleRole="Region">

		<u:FileUploader id="fileUploaderIns" tooltip="select your education certificates for upload" change="handleValueChange"
							fileType="pdf,jpg,jpeg,gif,png" multiple="false" name="myFileUpload" placeholder="select your education certificates for upload..." sameFilenameAllowed="false" typeMissmatch="handleTypeMissmatch"
								uploadComplete="handleUploadComplete" uploadUrl="upload/" width="400px"/>
								<Label text="" width="5rem"></Label>
							<Button id="idBtnUploadIns" press="handleUploadPressIns" text="Upload File" type="Emphasized"/>
							<Table id="idFileTableIns" includeItemInSelection="true" mode="SingleSelectMaster" visible="false">
								<columns>
									<Column demandPopin="true" hAlign="Left" minScreenWidth="Tablet" visible="true">
									<!--	<Label text="File Name"/>-->
									</Column>
									<Column demandPopin="true" hAlign="Left" minScreenWidth="Tablet">
<!--										<Label text=""/>-->
									</Column>
									<Column demandPopin="true" hAlign="Left" minScreenWidth="Tablet" visible="false">
									<!--	<Label text="Delete Flag"/>-->
									</Column>
								</columns>
							</Table>
	</Panel>
	</content>
		<buttons>
		 <Button text="Save &amp; Add " width="100px" type="Emphasized" press="SubmitAddIns"></Button>
		    <Button text="Save"  type="Emphasized" press="SubmitInstitute"></Button>
			<Button text="Cancel" type="Emphasized"  press="onCloseInstitute"></Button>
		</buttons>
</Dialog>
</core:FragmentDefinition>