<core:FragmentDefinition xmlns:core="sap.ui.core" xmlns="sap.m" xmlns:f="sap.ui.layout.form">
<Dialog id="ItemQualif" title="Edit Skills/Language Details" contentWidth="25%">
		<content>
	<f:SimpleForm  maxContainerCols="1"  editable="false" title="" >
	  <f:content>	  		
	     	 <Label text="Skill Name"></Label>
	   	<Text text="{ItemModel>/Name}"></Text>
	   	<Label text="Proficiency Level"></Label>
	   <!-- 	<Text text="{ItemModel>/RatingText}"></Text> -->
	   	<Select id="idProf" items="{ProfModel>/results}">
	   				<core:Item key="{ProfModel>Proficiency}" text="{ProfModel>ProficiencyText}"></core:Item>
	   		</Select>
	     </f:content>
	</f:SimpleForm>	
	</content>
		<buttons>
		  <Button text="Save"  type="Emphasized" press="SubmitProfi"></Button>
			<Button text="Cancel" type="Emphasized"  press="onCloseProfi"></Button>			
			
		</buttons>
</Dialog>
</core:FragmentDefinition>