<core:FragmentDefinition xmlns:core="sap.ui.core" xmlns:f="sap.ui.layout.form" xmlns="sap.m" xmlns:l="sap.ui.layout">
	<Dialog contentWidth="60%" id="idDialogPerDetails" title="Edit Personal Details">
		<content>
	
			<l:Grid
		class="sapUiSmallMarginTop"
		defaultSpan="L12 M12 S12">
		<l:content>
		       	<Label class="required" id="idReqPer" text="Please enter required fields" visible="false">
		       	    <layoutData>
					<l:GridData
						span="L12 M12 S12"
						linebreakL="true"
						linebreakM="true"
						linebreakS="true" />
				</layoutData>
		       	    
		       	</Label>
		       	<Label class="required" id="idReqPerName" text=" " visible="false">
		       	    <layoutData>
					<l:GridData
						span="L12 M12 S12"
						linebreakL="true"
						linebreakM="true"
						linebreakS="true" />
				</layoutData>
		       	    
		       	</Label>
			</l:content>
	</l:Grid>
			<f:SimpleForm id="idpersDetails" editable="true" maxContainerCols="2"
            layout="ResponsiveGridLayout"
                labelSpanL="4"
                labelSpanM="4"
                emptySpanL="0"
                emptySpanM="0"
                columnsL="2"
                columnsM="2" title="Please update your first name and last name as equivalent to current first name">
				<f:content>
		         <!--   <Label text="First name and last name will be editable only when last name is with '.'"></Label>-->
		         	<core:Title text="" visible="false"/>
				    <Label text="First Name"></Label>
				    <Input id="idFirstName"   value="" >
				    <!--enabled="{parts:[{path:'nameModel>/results/0'},{path:'nameModel>/results/1'}],formatter:'hcm.people.profile.Z_PEP_PROFEXT.utils.Formatter.namesEditable'}" -->
					    </Input>
				    	<Label text="Marital Status"></Label>
					<ComboBox id="idMarStatus" items="{personalinfoModel>/results}"  selectionChange="onSelectingMaritalStatus">
						<core:Item key="{personalinfoModel>MaritalStatusKey}" text="{parts:[{path:'personalinfoModel>MaritalStatusText'}],formatter:'hcm.people.profile.Z_PEP_PROFEXT.utils.Formatter.textChange'}"/>
					</ComboBox>
                   
                   
					<Label text="Date of Marriage"></Label>
					<DatePicker id="idDOM" placeholder="DD.MM.YYYY"   valueFormat="yyyy-MM-dd"/>
					
					
						<core:Title text="" visible="false"/>
						 <Label text="Last Name"></Label>
				    <Input  id="idLastName"  value="" >
					    <!--enabled="{parts:[{path:'nameModel>/results/0'},{path:'nameModel>/results/1'}],formatter:'hcm.people.profile.Z_PEP_PROFEXT.utils.Formatter.namesEditable'}" -->
					</Input>
				     <Label text="Birth place"></Label>
                    <Input id="idBirth" value =""  placeholder="Mandatory field,please fill"></Input>
                    
				
					
                    <Label text="State"></Label>
                    	<Input filterSuggests="false" id="idStatePer" placeholder="Mandatory field-search for values" showSuggestion="true" showValueHelp="true"
						suggest="onSuggest" suggestionItemSelected="onSuggestionItemSelected" suggestionItems="{StatePerModel>/results}" value="" valueHelpRequest="onStatePerSelect">
						<suggestionItems>
							<core:Item text="{StatePerModel>StateTxt}"/>
						</suggestionItems>
					</Input> 
					<Label text="Country of birth"></Label>
						<Input filterSuggests="false" id="idCountryPer" placeholder="Mandatory field-search for values" showSuggestion="true" showValueHelp="true"
						suggest="onSuggest" suggestionItemSelected="onSuggestionItemSelected" suggestionItems="{CountryModel>/results}" value="" valueHelpRequest="onCountryEmpSelect">
						<suggestionItems>
							<core:Item text="{CountryModel>Country}"/>
						</suggestionItems>
					</Input>
					
					
				
				</f:content>
			</f:SimpleForm>
			
			
		</content>
		<buttons>
			<Button press="SubmitPersonal" text="Save" type="Emphasized"></Button>
			<Button press="onClosePersonal" text="Cancel" type="Emphasized"></Button>
		</buttons>
	</Dialog>
</core:FragmentDefinition>