<core:FragmentDefinition xmlns:core="sap.ui.core" xmlns:f="sap.ui.layout.form" xmlns:u="sap.ui.unified" xmlns="sap.m">
	<Dialog contentWidth="70%" id="idDialogSkillDetails" title="Add Skills/Competency Details">
		<content>
			
<!--	<Input filterSuggests="false" visible="false" id="idSkills" placeholder="Mandatory field-search for values" showSuggestion="true" showValueHelp="true"
						suggest="onSuggest" suggestionItemSelected="onSuggestionItemSelected" suggestionItems="{skillsModel>/results}" value="" valueHelpRequest="onSkillSelect">
						<suggestionItems>
							<core:Item key="{skillsModel>QualifId}" text="{skillsModel>Name}"/>
						</suggestionItems>
					</Input>-->
				<Panel width="auto" class="sapUiResponsiveMargin"   visible ="true" accessibleRole="Region">
			<Table id="idTaskDetails" inset="false" items="{myTasksModel>/myTasks}" >

			<!--	<headerToolbar>

					<Toolbar>

						<Button press="onClickAddTask" text="Add Skills" type="Emphasized"/>
					</Toolbar>

				</headerToolbar>-->

				<columns>

					<Column demandPopin="true" hAlign="left" minScreenWidth="Tablet" width="15rem">

						<Text text="Select skill type"/>

					</Column>

					<Column demandPopin="true" hAlign="Left" minScreenWidth="Tablet" width="15rem">

						<Text text="Skills/Competency/Languages"/>

					</Column>

					<Column demandPopin="true" hAlign="Left" minScreenWidth="Tablet"  width="15rem">

						<Text text="Proficiency"/>

					</Column>
				
					<Column demandPopin="true" hAlign="Left" minScreenWidth="Tablet"  width="3rem">
					    <Text text = ""></Text>
					    
					</Column>
						
						<Column demandPopin="true" hAlign="Left" minScreenWidth="Tablet" width="1rem">
							<Text text="Updkz" visible="false"/>
						</Column>
				</columns>

				<items>

					<ColumnListItem>

						<cells>

						 <Select change="onChangeSkill" width="100%">
				         <core:ListItem key="skill" text="Skills/Compentency" />
				        <core:ListItem key="lang" text="Languages" />
				       
			         </Select>
                 <VBox>
                <Input filterSuggests="false"  id="idSkillCell" showSuggestion="true" showValueHelp="true"
						suggest="onSuggest" suggestionItemSelected="onSuggestionItemSelected" suggestionItems="{skillsModel>/results}" value="" valueHelpRequest="onSkillSelect">
						<suggestionItems>
							<core:Item key="{skillsModel>QualifId}" text="{skillsModel>Name}"/>
						</suggestionItems>
					</Input>
					
                <Input filterSuggests="false"  id="idLangCell" visible="false" showSuggestion="true" showValueHelp="true"
						suggest="onSuggest" suggestionItemSelected="onSuggestionItemSelected" suggestionItems="{langModel>/results}" value="" valueHelpRequest="onLangSelect">
						<suggestionItems>
							<core:Item key="{langModel>QualifId}" text="{langModel>Name}"/>
						</suggestionItems>
					</Input>
					
					</VBox>
                    	<Select width="100%" change="onChange" items="{ path: 'ProfModel>/results' }">
								<core:Item key="{ProfModel>Proficiency}" text="{ProfModel>ProficiencyText}"/>
							</Select>
		               			
						<core:Icon		src="sap-icon://delete"  press="onDelete">
		                
		                </core:Icon>
		                <Text text="I" visible="false"/>
						</cells>
					</ColumnListItem>
				</items>

			</Table>
    </Panel>
		</content>
		<buttons>
		     <Button press="onClickAddTask" text="Add" type="Emphasized"/>	
			<Button press="SubmitSkill" text="Save" type="Emphasized"></Button>
			<Button press="onCloseSkill" text="Cancel" type="Emphasized"></Button>
		</buttons>
	</Dialog>
</core:FragmentDefinition>