<core:FragmentDefinition xmlns="sap.m" xmlns:core="sap.ui.core" xmlns:l="sap.ui.layout">
	<Popover id="idPopover"
		title="Boost Your Profile  " class="sapUiContentPadding"
		 
		placement="Top" contentWidth="275px"
		contentHeight="175px"
			initialFocus="email" >
		<footer id="idPopoverFooter" class="PopoverFooter">
			<Toolbar>
		<ToolbarSpacer/>		
				<Button type="Emphasized"
					id="idOK"
					text="Okay, got it!"
					press="handleOKPress" />
		<ToolbarSpacer/>
			</Toolbar>
		</footer>
		
			<Text text="Update your profile without uploading documents for the mentioned fields:" />
			
			<l:Grid defaultSpan="L12 M12 S12" vSpacing="0">
				<l:content>
		<Text text="•	Blood Group"><layoutData>
					<l:GridData
						span="L9 M9 S9"
						linebreakL="true"
						linebreakM="true"
						linebreakS="true" />
				</layoutData>      
		    </Text>
		    
		<Text text="•	Personal details"><layoutData>
					<l:GridData
						span="L9 M9 S9"
						linebreakL="true"
						linebreakM="true"
						linebreakS="true" />
				</layoutData>      
		    </Text>
		    
		<Text text="•	Communication"><layoutData>
					<l:GridData
						span="L9 M9 S9"
						linebreakL="true"
						linebreakM="true"
						linebreakS="true" />
				</layoutData>      
		    </Text>
		    
		<Text text="•	Family member details"><layoutData>
					<l:GridData
						span="L9 M9 S9"
						linebreakL="true"
						linebreakM="true"
						linebreakS="true" />
				</layoutData>      
		    </Text>
		    
		<Text text="•	Skills/Competency"><layoutData>
					<l:GridData
						span="L9 M9 S9"
						linebreakL="true"
						linebreakM="true"
						linebreakS="true" />
				</layoutData>      
		    </Text>
		    
		   
		</l:content>
	</l:Grid>
	</Popover>
</core:FragmentDefinition>