<core:FragmentDefinition xmlns:core="sap.ui.core" xmlns:f="sap.ui.layout.form" xmlns="sap.m"
		xmlns:l="sap.ui.layout"
		xmlns:u="sap.ui.unified">
	<Dialog contentWidth="50%" id="idDialogUploadPhoto" title="Upload Photo">
		<content>
		 <Panel width="auto" class="sapUiResponsiveMargin" accessibleRole="Region">
	 	<u:FileUploader placeholder="Please upload appropriate photo  for the work place" id="photoUploader" change="handleValueChange"
				fileType="png,jpg,jpeg,gif" multiple="false" name="myFileUploadVendor" sameFilenameAllowed="false" tooltip="Upload the attachment" typeMissmatch="handleTypeMissmatch"
				uploadComplete="handleUploadComplete" width="500px"/>
			<Button press="handleUploadPress" text="Upload Photo" width="275px" type="Emphasized"/>
			<Label text=" " width="2rem"></Label>
			<Button press="onCancelPhoto" text="Cancel" width="100px" type="Emphasized"/>
			</Panel>
		</content>
		
	</Dialog>
</core:FragmentDefinition>