{
  "run": [
    {
      "filePath": "/Z_PEP_PROFEXT/Component.js",
      "previewMode": 0,
      "dataMode": 1,
      "workspace": "withoutWorkspace",
      "ui5ActiveVersion": null,
      "ui5VerSource": null,
      "isDefaultVersion": 0,
      "urlParameters": [],
      "_metadata": {
        "runnerId": "fiorirunner",
        "id": 154117,
        "displayName": "New SAP Fiori Component on Sandbox 1",
        "lastRunTimeStamp": 1521189387088
      }
    },
    {
      "filePath": "/Z_HR_FLEXI/index.html",
      "previewMode": 0,
      "dataMode": 1,
      "workspace": "withoutWorkspace",
      "ui5ActiveVersion": null,
      "ui5VerSource": null,
      "isDefaultVersion": 0,
      "urlParameters": [
        {
          "paramName": "",
          "paramValue": "",
          "paramActive": false
        },
        {
          "paramName": "",
          "paramValue": "",
          "paramActive": false
        }
      ],
      "_metadata": {
        "id": 4730593,
        "runnerId": "webapprunner",
        "displayName": "New Web Application 13"
      }
    },
    {
      "filePath": "/Z_PEP_PROFEXT/index.html",
      "previewMode": 0,
      "dataMode": 1,
      "workspace": "withoutWorkspace",
      "ui5ActiveVersion": null,
      "ui5VerSource": null,
      "isDefaultVersion": 0,
      "urlParameters": [],
      "_metadata": {
        "runnerId": "webapprunner",
        "id": 2452947,
        "displayName": "New Web Application 5"
      }
    },
    {
      "filePath": "/Z_UI_QM_TASKEXT/index.html",
      "previewMode": 0,
      "dataMode": 1,
      "workspace": "withoutWorkspace",
      "ui5ActiveVersion": null,
      "ui5VerSource": null,
      "isDefaultVersion": 0,
      "urlParameters": [],
      "_metadata": {
        "runnerId": "webapprunner",
        "id": 9182163,
        "displayName": "New Web Application 3"
      }
    },
    {
      "filePath": "/Z_PEP_PROFEXT/localIndex.html",
      "previewMode": 0,
      "dataMode": 1,
      "workspace": "withoutWorkspace",
      "ui5ActiveVersion": null,
      "ui5VerSource": null,
      "isDefaultVersion": 0,
      "urlParameters": [],
      "_metadata": {
        "runnerId": "webapprunner",
        "id": 9979317,
        "displayName": "New Web Application 7"
      }
    }
  ]
}