{
  ".classpath": "1494999700634",
  ".project": "1494999700636",
  "blocks/NotetoHR.js": "1497037044116",
  "blocks/NotetoHRCollapsed.view.xml": "1497950431795",
  "blocks/NotetoHRCollapsedController.controller.js": "1502363008454",
  "blocks/NotetoHRExpanded.view.xml": "1497091689204",
  "blocks/NotetoHRExpandedController.controller.js": "1497091373249",
  "blocks/PersInfoControllerCustom.controller.js": "1505973511070",
  "blocks/PersInfoCustom.view.xml": "1494999700800",
  "blocks/QualificationsCollapsedControllerCustom.controller.js": "1504160304600",
  "blocks/QualificationsCollapsedCustom.view.xml": "1501224620325",
  "blocks/QualificationsExpandedControllerCustom.controller.js": "1494999700831",
  "blocks/QualificationsExpandedCustom.view.xml": "1494999700832",
  "Component.js": "1506334674646",
  "css/profile_style.css": "1502427947751",
  "fragments/AddressDetails.fragment.xml": "1502362142080",
  "fragments/BloodGroup.fragment.xml": "1501500326880",
  "fragments/Branch.fragment.xml": "1498996906570",
  "fragments/Certificate.fragment.xml": "1496657913228",
  "fragments/CommunicationDetails.fragment.xml": "1499860379003",
  "fragments/Country.fragment.xml": "1494999700751",
  "fragments/CountryAddress.fragment.xml": "1494999700753",
  "fragments/CountryEmp.fragment.xml": "1494999700756",
  "fragments/Disclamier.fragment.xml": "1499952340186",
  "fragments/District.fragment.xml": "1498991299980",
  "fragments/editHRFAC.fragment.xml": "1500377606977",
  "fragments/EditIDs.fragment.xml": "1500899937664",
  "fragments/EduEst.fragment.xml": "1494999700761",
  "fragments/EduTrainingCode.fragment.xml": "1494999700764",
  "fragments/Employer.fragment.xml": "1494999700758",
  "fragments/EmployerDetails.fragment.xml": "1498930708145",
  "fragments/FamilyDetails.fragment.xml": "1498994416414",
  "fragments/HRApprover.fragment.xml": "1496659409582",
  "fragments/Industry.fragment.xml": "1494999700779",
  "fragments/Institute.fragment.xml": "1498996811781",
  "fragments/InstituteDetails.fragment.xml": "1500385822097",
  "fragments/Job.fragment.xml": "1494999700787",
  "fragments/Langs.fragment.xml": "1497512757757",
  "fragments/PerDetails.fragment.xml": "1505720729711",
  "fragments/QualificationDetails.fragment.xml": "1502362841179",
  "fragments/Skills.fragment.xml": "1497439116373",
  "fragments/State.fragment.xml": "1494999700796",
  "fragments/StatePer.fragment.xml": "1497633715536",
  "fragments/UploadPhoto.fragment.xml": "1499076431385",
  "index.html": "1499189529888",
  "localIndex.html": "1494999700640",
  "model/metadata.xml": "1494999700648",
  "utils/Formatter.js": "1499165119953",
  "view/ProfileCustom.controller.js": "1506423132278",
  "view/ProfileCustom.view.xml": "1506319047636",
  "fragments/ItemQualif.fragment.xml": "1501502096358",
  "fragments/QuickView.fragment.xml": "1502437601036"
}