{
  "webapp/controller/View1.controller.js": "1461741173000",
  "webapp/i18n/i18n.properties": "1461738494000",
  "webapp/model/models.js": "1461738494000",
  "webapp/Component.js": "1461740446000",
  "webapp/css/style.css": "1461738494000",
  "webapp/manifest.json": "1461741344000",
  "webapp/index.html": "1461738494000",
  "webapp/view/View1.view.xml": "1461740915000",
  "webapp/view/App.view.xml": "1461738903000",
  "webapp/view/View2.view.xml": "1461741244000",
  "webapp/controller/View2.controller.js": "1461741244000"
}