{
    "resources": [
        {
            "name": "changes/id_1582091481584_119_propertyChange.change"
        },
        {
            "name": "i18n/ObjectPage/Drivers/i18n_en.properties",
            "raw": "i18n/i18n.properties",
            "locale": "_en"
        },
        {
            "name": "i18n/ObjectPage/Drivers/i18n_en_AU.properties",
            "raw": "i18n/i18n.properties",
            "locale": "_en_AU"
        },
        {
            "name": "i18n/ListReport/Drivers/i18n_en_AU.properties",
            "raw": "i18n/i18n.properties",
            "locale": "_en_AU"
        },
        {
            "name": "i18n/ListReport/Drivers/i18n_en.properties",
            "raw": "i18n/i18n.properties",
            "locale": "_en"
        },
        {
            "name": "i18n/ListReport/Drivers/i18n.properties",
            "raw": "i18n/i18n.properties"
        },
        {
            "name": "i18n/i18n_en_AU.properties",
            "raw": "i18n/i18n.properties",
            "locale": "_en_AU"
        },
        {
            "name": "i18n/i18n_en.properties",
            "raw": "i18n/i18n.properties",
            "locale": "_en"
        },
        {
            "name": "i18n/i18n.properties",
            "raw": "i18n/i18n.properties"
        },
        {
            "name": "ext/controller/ObjectPageExt.controller.js"
        },
        {
            "name": "manifest.json"
        },
        {
            "name": "ext/controller/DriverStatusHeaderFacet.controller.js"
        },
        {
            "name": "localService/mockserver.js"
        },
        {
            "name": "Component.js"
        },
        {
            "name": "changes/changes-bundle.json"
        },
        {
            "name": "manifest-bundle.zip"
        },
        {
            "name": "Component-preload.js",
            "merged": true
        },
        {
            "name": "localService/mockserver-dbg.js",
            "isDebug": true
        },
        {
            "name": "ext/controller/DriverStatusHeaderFacet-dbg.controller.js",
            "isDebug": true
        },
        {
            "name": "ext/controller/ObjectPageExt-dbg.controller.js",
            "isDebug": true
        },
        {
            "name": "Component-dbg.js",
            "isDebug": true
        },
        {
            "name": "../../../../sap-ui-version.json"
        },
        {
            "name": "neo-app.json"
        },
        {
            "name": "di.code-validation.core_issues.json"
        },
        {
            "name": "ext/view/DriverStatus_Cells.fragment.xml"
        },
        {
            "name": "ext/view/DriverStatusHeaderFacet.view.xml"
        },
        {
            "name": "ext/view/DriverStatus.fragment.xml"
        },
        {
            "name": "ext/fragment/PasswordGroupElement.fragment.xml"
        },
        {
            "name": "localService/metadata.xml"
        },
        {
            "name": "changes/id_1586125121574_128_propertyChange.change"
        },
        {
            "name": "changes/id_1582145811137_76_propertyChange.change"
        },
        {
            "name": "changes/id_1582094033590_123_propertyChange.change"
        },
        {
            "name": "i18n/ObjectPage/Drivers/i18n.properties",
            "raw": "i18n/i18n.properties"
        },
        {
            "name": "changes/id_1582080106603_75_propertyChange.change"
        },
        {
            "name": "changes/id_1582070311917_79_propertyChange.change"
        },
        {
            "name": "changes/id_1581047185199_124_propertyChange.change"
        },
        {
            "name": "changes/id_1580872411717_124_propertyChange.change"
        },
        {
            "name": "changes/id_1580691559222_124_propertyChange.change"
        },
        {
            "name": "changes/id_1580353220436_124_propertyChange.change"
        },
        {
            "name": "changes/id_1580331477117_122_propertyChange.change"
        },
        {
            "name": "changes/id_1580330705723_124_propertyChange.change"
        },
        {
            "name": "changes/id_1580330697628_123_propertyChange.change"
        },
        {
            "name": "changes/id_1578288126712_55_propertyChange.change"
        },
        {
            "name": "fioriHtmlRunner.html"
        },
        {
            "name": "extended_runnable_file.html"
        },
        {
            "name": "annotation0.xml"
        }
    ]
}