{
  "changes/id_1580330705723_124_propertyChange.change": 1591768152000,
  "i18n/ObjectPage/Drivers/i18n_en.properties": 1591768152000,
  "i18n/ObjectPage/Drivers/i18n_en_AU.properties": 1591768152000,
  "i18n/ListReport/Drivers/i18n_en_AU.properties": 1591768152000,
  "i18n/ListReport/Drivers/i18n_en.properties": 1591768152000,
  "i18n/ListReport/Drivers/i18n.properties": 1591768152000,
  "i18n/i18n_en_AU.properties": 1591768152000,
  "i18n/i18n_en.properties": 1591768152000,
  "i18n/i18n.properties": 1591768152000,
  "ext/controller/ObjectPageExt.controller.js": 1591768152000,
  "manifest.json": 1591778967657,
  "test/fakeLRep.json": 1591768152000,
  "ext/controller/DriverStatusHeaderFacet.controller.js": 1591768152000,
  "localService/mockserver.js": 1591768152000,
  "Component.js": 1591768152000,
  "changes/changes-bundle.json": 1591778966662,
  "manifest-bundle.zip": 1591778966718,
  "Component-preload.js": 1591778967338,
  "localService/mockserver-dbg.js": 1591768152000,
  "ext/controller/DriverStatusHeaderFacet-dbg.controller.js": 1591768152000,
  "ext/controller/ObjectPageExt-dbg.controller.js": 1591768152000,
  "Component-dbg.js": 1591768152000,
  "neo-app.json": 1591778967633,
  "di.code-validation.core_issues.json": 1591778970027,
  "resources.json": 1591778970053,
  "ext/view/DriverStatus_Cells.fragment.xml": 1591768152000,
  "ext/view/DriverStatusHeaderFacet.view.xml": 1591768152000,
  "ext/view/DriverStatus.fragment.xml": 1591768152000,
  "ext/fragment/PasswordGroupElement.fragment.xml": 1591768152000,
  "test/flpSandboxMockServer.html": 1591768152000,
  "test/flpSandbox.html": 1591768152000,
  "localService/metadata.xml": 1591768152000,
  "changes/id_1586125121574_128_propertyChange.change": 1591768152000,
  "changes/id_1582145811137_76_propertyChange.change": 1591768152000,
  "changes/id_1582094033590_123_propertyChange.change": 1591768152000,
  "changes/id_1582091481584_119_propertyChange.change": 1591768152000,
  "changes/id_1582080106603_75_propertyChange.change": 1591768152000,
  "changes/id_1582070311917_79_propertyChange.change": 1591768152000,
  "changes/id_1581047185199_124_propertyChange.change": 1591768152000,
  "changes/id_1580872411717_124_propertyChange.change": 1591768152000,
  "changes/id_1580691559222_124_propertyChange.change": 1591768152000,
  "changes/id_1580353220436_124_propertyChange.change": 1591768152000,
  "changes/id_1580331477117_122_propertyChange.change": 1591768152000,
  "i18n/ObjectPage/Drivers/i18n.properties": 1591768152000,
  "changes/id_1580330697628_123_propertyChange.change": 1591768152000,
  "changes/id_1578288126712_55_propertyChange.change": 1591768152000,
  "fioriHtmlRunner.html": 1591768152000,
  "extended_runnable_file.html": 1591768152000,
  "annotation0.xml": 1591768152000
}