<edmx:Edmx
    xmlns:edmx="http://schemas.microsoft.com/ado/2007/06/edmx"
    xmlns:m="http://schemas.microsoft.com/ado/2007/08/dataservices/metadata"
    xmlns:sap="http://www.sap.com/Protocols/SAPData" Version="1.0">
    <edmx:Reference
        xmlns:edmx="http://docs.oasis-open.org/odata/ns/edmx" Uri="./IWFND/CATALOGSERVICE;v=2/Vocabularies(TechnicalName='%2FIWBEP%2FVOC_COMMON',Version='0001',SAP__Origin='LOCAL')/$value">
        <edmx:Include Namespace="com.sap.vocabularies.Common.v1" Alias="Common"/>
    </edmx:Reference>
    <edmx:DataServices m:DataServiceVersion="2.0">
        <Schema
            xmlns="http://schemas.microsoft.com/ado/2008/09/edm" Namespace="ZALLOC_EMPLOYEE_SRV" xml:lang="en" sap:schema-version="1">
            <EntityType Name="Zc_allocsalesType" sap:label="Sales Assignment" sap:content-version="1">
                <Key>
                    <PropertyRef Name="assigmentno"/>
                </Key>
                <Property Name="Accept_ac" Type="Edm.Boolean" sap:label="Dyn. Action Control" sap:creatable="false" sap:updatable="false" sap:sortable="false" sap:filterable="false"/>
                <Property Name="Reject_ac" Type="Edm.Boolean" sap:label="Dyn. Action Control" sap:creatable="false" sap:updatable="false" sap:sortable="false" sap:filterable="false"/>
                <Property Name="assigmentno" Type="Edm.String" Nullable="false" MaxLength="8" sap:display-format="UpperCase" sap:label="AllocationID" sap:quickinfo="Assignment ID"/>
                <Property Name="slstrgt" Type="Edm.Decimal" Precision="10" Scale="2" sap:unit="curr" sap:label="Sales Target"/>
                <Property Name="curr" Type="Edm.String" MaxLength="5" sap:label="Currency" sap:quickinfo="Currency Key" sap:semantics="currency-code"/>
                <Property Name="statu" Type="Edm.String" MaxLength="2" sap:display-format="UpperCase" sap:label="Assignment Status" sap:value-list="standard"/>
                <Property Name="StatusText" Type="Edm.String" MaxLength="60" sap:label="Status Text" sap:quickinfo="Short Text for Fixed Values" sap:creatable="false" sap:updatable="false"/>
                <Property Name="SalesTargetAch" Type="Edm.Decimal" Precision="12" Scale="3" sap:label="Target Achieved" sap:creatable="false" sap:updatable="false"/>
                <Property Name="allctdexpns" Type="Edm.Decimal" Precision="12" Scale="3" sap:label="Allocated Expense" sap:quickinfo="Allocated Expenses"/>
                <Property Name="remarks" Type="Edm.String"/>
                <Property Name="actiontime" Type="Edm.DateTimeOffset" Precision="0" sap:label="Time Stamp" sap:quickinfo="UTC Time Stamp in Short Form (YYYYMMDDhhmmss)"/>
                <Property Name="userid" Type="Edm.String" MaxLength="12" sap:display-format="UpperCase" sap:label="User" sap:quickinfo="User Name in User Master Record"/>
                <Property Name="assgn_timestamp" Type="Edm.DateTimeOffset" Precision="0" sap:label="Time Stamp" sap:quickinfo="UTC Time Stamp in Short Form (YYYYMMDDhhmmss)"/>
                <Property Name="fromdate" Type="Edm.DateTime" Precision="0" sap:display-format="Date" sap:label="Start Date" sap:quickinfo="Field of type DATS"/>
                <Property Name="todate" Type="Edm.DateTime" Precision="0" sap:display-format="Date" sap:label="End Date" sap:quickinfo="Field of type DATS"/>
                <Property Name="assignedby" Type="Edm.String" MaxLength="12" sap:display-format="UpperCase" sap:label="User" sap:quickinfo="User Name in User Master Record"/>
                <Property Name="regkey" Type="Edm.String" MaxLength="10" sap:label="Region Key"/>
                <Property Name="rdes" Type="Edm.String" MaxLength="50" sap:display-format="UpperCase" sap:label="Region" sap:creatable="false" sap:updatable="false"/>
                <Property Name="cstmrtrgt" Type="Edm.Int16" sap:label="Customer Visit Target"/>
                <NavigationProperty Name="to_Expense" Relationship="ZALLOC_EMPLOYEE_SRV.assoc_B82E7ED3752B15075B1F96CCB4B91D61" FromRole="FromRole_assoc_B82E7ED3752B15075B1F96CCB4B91D61" ToRole="ToRole_assoc_B82E7ED3752B15075B1F96CCB4B91D61"/>
                <NavigationProperty Name="to_StatusVH" Relationship="ZALLOC_EMPLOYEE_SRV.assoc_E2DCC5DD24A07C92AA1F13D706BD4606" FromRole="FromRole_assoc_E2DCC5DD24A07C92AA1F13D706BD4606" ToRole="ToRole_assoc_E2DCC5DD24A07C92AA1F13D706BD4606"/>
                <NavigationProperty Name="to_WorkLog" Relationship="ZALLOC_EMPLOYEE_SRV.assoc_7F4D9D8FA8BC669AE20940D4DADE0371" FromRole="FromRole_assoc_7F4D9D8FA8BC669AE20940D4DADE0371" ToRole="ToRole_assoc_7F4D9D8FA8BC669AE20940D4DADE0371"/>
            </EntityType>
            <EntityType Name="Zi_Assstatus_TextType" sap:label="ASSIGNMENT STATUS TEXT" sap:content-version="1">
                <Key>
                    <PropertyRef Name="domname"/>
                    <PropertyRef Name="value"/>
                    <PropertyRef Name="ddlanguage"/>
                </Key>
                <Property Name="domname" Type="Edm.String" Nullable="false" MaxLength="30" sap:display-format="UpperCase" sap:label="Domain name"/>
                <Property Name="value" Type="Edm.String" Nullable="false" MaxLength="10" sap:display-format="UpperCase" sap:label="Status Value" sap:quickinfo="Values for Domains: Single Value / Upper Limit"/>
                <Property Name="ddlanguage" Type="Edm.String" Nullable="false" MaxLength="2" sap:label="Lang." sap:quickinfo="Language Key"/>
                <Property Name="text" Type="Edm.String" MaxLength="60" sap:label="Status Text" sap:quickinfo="Short Text for Fixed Values"/>
            </EntityType>
            <EntityType Name="Zi_Expense_CatType" sap:label="Expense Category" sap:content-version="1">
                <Key>
                    <PropertyRef Name="domname"/>
                    <PropertyRef Name="value"/>
                    <PropertyRef Name="ddlanguage"/>
                </Key>
                <Property Name="domname" Type="Edm.String" Nullable="false" MaxLength="30" sap:display-format="UpperCase" sap:label="Domain name"/>
                <Property Name="value" Type="Edm.String" Nullable="false" MaxLength="10" sap:display-format="UpperCase" sap:label="Expense Value" sap:quickinfo="Values for Domains: Single Value / Upper Limit"/>
                <Property Name="ddlanguage" Type="Edm.String" Nullable="false" MaxLength="2" sap:label="Lang." sap:quickinfo="Language Key"/>
                <Property Name="text" Type="Edm.String" MaxLength="60" sap:label="Expense Text" sap:quickinfo="Short Text for Fixed Values"/>
            </EntityType>
            <EntityType Name="Zi_S_ProductType" sap:label="Product Detail" sap:content-version="1">
                <Key>
                    <PropertyRef Name="prdid"/>
                </Key>
                <Property Name="prdid" Type="Edm.String" Nullable="false" MaxLength="40" sap:display-format="UpperCase" sap:label="Model" sap:quickinfo="Model ID"/>
                <Property Name="descr" Type="Edm.String" MaxLength="50" sap:display-format="UpperCase" sap:label="Description"/>
            </EntityType>
            <EntityType Name="Zi_Worklog_StatusType" sap:label="Worklog status" sap:content-version="1">
                <Key>
                    <PropertyRef Name="domname"/>
                    <PropertyRef Name="value"/>
                    <PropertyRef Name="ddlanguage"/>
                </Key>
                <Property Name="domname" Type="Edm.String" Nullable="false" MaxLength="30" sap:display-format="UpperCase" sap:label="Domain name"/>
                <Property Name="value" Type="Edm.String" Nullable="false" MaxLength="10" sap:display-format="UpperCase" sap:label="Status Value" sap:quickinfo="Values for Domains: Single Value / Upper Limit"/>
                <Property Name="ddlanguage" Type="Edm.String" Nullable="false" MaxLength="2" sap:label="Lang." sap:quickinfo="Language Key"/>
                <Property Name="status_text" Type="Edm.String" MaxLength="60" sap:label="Status Text" sap:quickinfo="Short Text for Fixed Values"/>
            </EntityType>
            <EntityType Name="Zi_Wrkfb_StatusType" sap:label="Worklog Feedback Status" sap:content-version="1">
                <Key>
                    <PropertyRef Name="domname"/>
                    <PropertyRef Name="value"/>
                    <PropertyRef Name="ddlanguage"/>
                </Key>
                <Property Name="domname" Type="Edm.String" Nullable="false" MaxLength="30" sap:display-format="UpperCase" sap:label="Domain name"/>
                <Property Name="value" Type="Edm.String" Nullable="false" MaxLength="10" sap:display-format="UpperCase" sap:label="Feedback Value" sap:quickinfo="Values for Domains: Single Value / Upper Limit"/>
                <Property Name="ddlanguage" Type="Edm.String" Nullable="false" MaxLength="2" sap:label="Lang." sap:quickinfo="Language Key"/>
                <Property Name="text" Type="Edm.String" MaxLength="60" sap:label="Feedback Text" sap:quickinfo="Short Text for Fixed Values"/>
            </EntityType>
            <EntityType Name="Zc_expensesaleType" sap:label="sales expense" sap:content-version="1">
                <Key>
                    <PropertyRef Name="expno"/>
                    <PropertyRef Name="assigmentno"/>
                </Key>
                <Property Name="expno" Type="Edm.String" Nullable="false" MaxLength="8" sap:display-format="UpperCase" sap:label="" sap:quickinfo="Expense ID"/>
                <Property Name="regkey" Type="Edm.String" MaxLength="10" sap:label="Region Key"/>
                <Property Name="userid" Type="Edm.String" MaxLength="12" sap:display-format="UpperCase" sap:label="User" sap:quickinfo="User Name in User Master Record"/>
                <Property Name="rdes" Type="Edm.String" MaxLength="50" sap:display-format="UpperCase" sap:label="Region" sap:creatable="false" sap:updatable="false"/>
                <Property Name="statu" Type="Edm.String" MaxLength="3" sap:display-format="UpperCase" sap:label="" sap:quickinfo="Expense Status"/>
                <Property Name="StatusDesc" Type="Edm.String" MaxLength="60" sap:label="Status" sap:quickinfo="Short Text for Fixed Values" sap:creatable="false" sap:updatable="false"/>
                <Property Name="remarks" Type="Edm.String" sap:label="Comment"/>
                <Property Name="approvernote" Type="Edm.String"/>
                <Property Name="exp_timestamp" Type="Edm.DateTimeOffset" Precision="0" sap:label="Time Stamp" sap:quickinfo="UTC Time Stamp in Short Form (YYYYMMDDhhmmss)"/>
                <Property Name="assigmentno" Type="Edm.String" Nullable="false" MaxLength="8" sap:display-format="UpperCase" sap:label="AllocationID" sap:quickinfo="Assignment ID" sap:creatable="false" sap:updatable="false"/>
                <Property Name="expcatid" Type="Edm.String" Nullable="false" MaxLength="3" sap:display-format="UpperCase" sap:label="Category" sap:quickinfo="Expense Category ID" sap:value-list="standard"/>
                <Property Name="CategoryText" Type="Edm.String" MaxLength="60" sap:label="Category" sap:quickinfo="Short Text for Fixed Values" sap:creatable="false" sap:updatable="false"/>
                <Property Name="amount" Type="Edm.Decimal" Nullable="false" Precision="12" Scale="3" sap:unit="curr" sap:label="Expense" sap:quickinfo="Expense Amount"/>
                <Property Name="curr" Type="Edm.String" MaxLength="5" sap:label="Currency" sap:quickinfo="Currency Key" sap:semantics="currency-code"/>
                <Property Name="frmdate" Type="Edm.DateTime" Nullable="false" Precision="0" sap:display-format="Date" sap:label="From Date" sap:quickinfo="Field of type DATS"/>
                <Property Name="todate" Type="Edm.DateTime" Precision="0" sap:display-format="Date" sap:label="To Date" sap:quickinfo="Field of type DATS"/>
                <Property Name="lockey" Type="Edm.String" MaxLength="10" sap:display-format="UpperCase" sap:label="Location Key"/>
                <NavigationProperty Name="to_alloc" Relationship="ZALLOC_EMPLOYEE_SRV.assoc_3D35009AFF730272FFB0B9917AC99DF4" FromRole="FromRole_assoc_3D35009AFF730272FFB0B9917AC99DF4" ToRole="ToRole_assoc_3D35009AFF730272FFB0B9917AC99DF4"/>
                <NavigationProperty Name="to_CategoryVH" Relationship="ZALLOC_EMPLOYEE_SRV.assoc_B4211964AA8BD7C9AD08E1F3239D6FD5" FromRole="FromRole_assoc_B4211964AA8BD7C9AD08E1F3239D6FD5" ToRole="ToRole_assoc_B4211964AA8BD7C9AD08E1F3239D6FD5"/>
            </EntityType>
            <EntityType Name="Zc_worklogsalesType" sap:label="Sales worklog" sap:content-version="1">
                <Key>
                    <PropertyRef Name="worklogno"/>
                    <PropertyRef Name="assigmentno"/>
                </Key>
                <Property Name="worklogno" Type="Edm.String" Nullable="false" MaxLength="8" sap:display-format="UpperCase" sap:label="" sap:quickinfo="Work Log ID"/>
                <Property Name="custaddres" Type="Edm.String" sap:label="Customer Address"/>
                <Property Name="custphno" Type="Edm.String" MaxLength="10" sap:display-format="UpperCase" sap:label="Customer Phone"/>
                <Property Name="amount" Type="Edm.Decimal" Precision="12" Scale="3" sap:unit="curr" sap:label="Price" sap:quickinfo="Sales Amount" sap:creatable="false" sap:updatable="false"/>
                <Property Name="curr" Type="Edm.String" MaxLength="5" sap:label="Currency" sap:quickinfo="Currency Key" sap:semantics="currency-code"/>
                <Property Name="statu" Type="Edm.String" Nullable="false" MaxLength="3" sap:display-format="UpperCase" sap:label="Status" sap:quickinfo="Sales Status" sap:value-list="standard"/>
                <Property Name="SalesStatusText" Type="Edm.String" MaxLength="60" sap:label="Status" sap:quickinfo="Short Text for Fixed Values" sap:creatable="false" sap:updatable="false"/>
                <Property Name="feedback" Type="Edm.String" MaxLength="2" sap:display-format="UpperCase" sap:label="Feedback" sap:value-list="standard"/>
                <Property Name="FeedbackDesc" Type="Edm.String" MaxLength="60" sap:label="Feedback" sap:quickinfo="Short Text for Fixed Values" sap:creatable="false" sap:updatable="false"/>
                <Property Name="remarks" Type="Edm.String"/>
                <Property Name="assigmentno" Type="Edm.String" Nullable="false" MaxLength="8" sap:display-format="UpperCase" sap:label="AllocationID" sap:quickinfo="Assignment ID" sap:creatable="false" sap:updatable="false"/>
                <Property Name="salesemp" Type="Edm.String" MaxLength="12" sap:display-format="UpperCase" sap:label="User" sap:quickinfo="User Name in User Master Record"/>
                <Property Name="regkey" Type="Edm.String" MaxLength="10" sap:label="Region Key"/>
                <Property Name="rdes" Type="Edm.String" MaxLength="50" sap:display-format="UpperCase" sap:label="Region" sap:creatable="false" sap:updatable="false"/>
                <Property Name="prdid" Type="Edm.String" Nullable="false" MaxLength="40" sap:display-format="UpperCase" sap:label="Product" sap:quickinfo="Product ID" sap:value-list="standard"/>
                <Property Name="quantity" Type="Edm.Int16" Nullable="false" sap:label="Quantity"/>
                <Property Name="custdetail" Type="Edm.String" Nullable="false" MaxLength="30" sap:display-format="UpperCase" sap:label="Customer Name"/>
                <Property Name="CreatedTime" Type="Edm.DateTimeOffset" Precision="0" sap:label="Date" sap:quickinfo="UTC Time Stamp in Short Form (YYYYMMDDhhmmss)"/>
                <NavigationProperty Name="to_alloc" Relationship="ZALLOC_EMPLOYEE_SRV.assoc_92535F79B2C1795C16D4606069E16AD0" FromRole="FromRole_assoc_92535F79B2C1795C16D4606069E16AD0" ToRole="ToRole_assoc_92535F79B2C1795C16D4606069E16AD0"/>
                <NavigationProperty Name="to_FeedbackVH" Relationship="ZALLOC_EMPLOYEE_SRV.assoc_EA50C89BC854EEC69FA20FF916BDFDA6" FromRole="FromRole_assoc_EA50C89BC854EEC69FA20FF916BDFDA6" ToRole="ToRole_assoc_EA50C89BC854EEC69FA20FF916BDFDA6"/>
                <NavigationProperty Name="to_product" Relationship="ZALLOC_EMPLOYEE_SRV.assoc_6FF9705BA42EA582D05E3A35FF3AC3D5" FromRole="FromRole_assoc_6FF9705BA42EA582D05E3A35FF3AC3D5" ToRole="ToRole_assoc_6FF9705BA42EA582D05E3A35FF3AC3D5"/>
                <NavigationProperty Name="to_SalesStatusValueHelp" Relationship="ZALLOC_EMPLOYEE_SRV.assoc_BA9871AB6E6E8D3D3E8F383BBDF36C2E" FromRole="FromRole_assoc_BA9871AB6E6E8D3D3E8F383BBDF36C2E" ToRole="ToRole_assoc_BA9871AB6E6E8D3D3E8F383BBDF36C2E"/>
            </EntityType>
            <Association Name="assoc_3D35009AFF730272FFB0B9917AC99DF4" sap:content-version="1">
                <End Type="ZALLOC_EMPLOYEE_SRV.Zc_expensesaleType" Multiplicity="1" Role="FromRole_assoc_3D35009AFF730272FFB0B9917AC99DF4"/>
                <End Type="ZALLOC_EMPLOYEE_SRV.Zc_allocsalesType" Multiplicity="1" Role="ToRole_assoc_3D35009AFF730272FFB0B9917AC99DF4"/>
            </Association>
            <Association Name="assoc_B4211964AA8BD7C9AD08E1F3239D6FD5" sap:content-version="1">
                <End Type="ZALLOC_EMPLOYEE_SRV.Zc_expensesaleType" Multiplicity="1" Role="FromRole_assoc_B4211964AA8BD7C9AD08E1F3239D6FD5"/>
                <End Type="ZALLOC_EMPLOYEE_SRV.Zi_Expense_CatType" Multiplicity="1" Role="ToRole_assoc_B4211964AA8BD7C9AD08E1F3239D6FD5"/>
            </Association>
            <Association Name="assoc_92535F79B2C1795C16D4606069E16AD0" sap:content-version="1">
                <End Type="ZALLOC_EMPLOYEE_SRV.Zc_worklogsalesType" Multiplicity="1" Role="FromRole_assoc_92535F79B2C1795C16D4606069E16AD0"/>
                <End Type="ZALLOC_EMPLOYEE_SRV.Zc_allocsalesType" Multiplicity="1" Role="ToRole_assoc_92535F79B2C1795C16D4606069E16AD0"/>
            </Association>
            <Association Name="assoc_EA50C89BC854EEC69FA20FF916BDFDA6" sap:content-version="1">
                <End Type="ZALLOC_EMPLOYEE_SRV.Zc_worklogsalesType" Multiplicity="1" Role="FromRole_assoc_EA50C89BC854EEC69FA20FF916BDFDA6"/>
                <End Type="ZALLOC_EMPLOYEE_SRV.Zi_Wrkfb_StatusType" Multiplicity="1" Role="ToRole_assoc_EA50C89BC854EEC69FA20FF916BDFDA6"/>
            </Association>
            <Association Name="assoc_6FF9705BA42EA582D05E3A35FF3AC3D5" sap:content-version="1">
                <End Type="ZALLOC_EMPLOYEE_SRV.Zc_worklogsalesType" Multiplicity="1" Role="FromRole_assoc_6FF9705BA42EA582D05E3A35FF3AC3D5"/>
                <End Type="ZALLOC_EMPLOYEE_SRV.Zi_S_ProductType" Multiplicity="1" Role="ToRole_assoc_6FF9705BA42EA582D05E3A35FF3AC3D5"/>
            </Association>
            <Association Name="assoc_BA9871AB6E6E8D3D3E8F383BBDF36C2E" sap:content-version="1">
                <End Type="ZALLOC_EMPLOYEE_SRV.Zc_worklogsalesType" Multiplicity="1" Role="FromRole_assoc_BA9871AB6E6E8D3D3E8F383BBDF36C2E"/>
                <End Type="ZALLOC_EMPLOYEE_SRV.Zi_Worklog_StatusType" Multiplicity="1" Role="ToRole_assoc_BA9871AB6E6E8D3D3E8F383BBDF36C2E"/>
            </Association>
            <Association Name="assoc_E2DCC5DD24A07C92AA1F13D706BD4606" sap:content-version="1">
                <End Type="ZALLOC_EMPLOYEE_SRV.Zc_allocsalesType" Multiplicity="1" Role="FromRole_assoc_E2DCC5DD24A07C92AA1F13D706BD4606"/>
                <End Type="ZALLOC_EMPLOYEE_SRV.Zi_Assstatus_TextType" Multiplicity="1" Role="ToRole_assoc_E2DCC5DD24A07C92AA1F13D706BD4606"/>
            </Association>
            <Association Name="assoc_7F4D9D8FA8BC669AE20940D4DADE0371" sap:content-version="1">
                <End Type="ZALLOC_EMPLOYEE_SRV.Zc_allocsalesType" Multiplicity="1" Role="FromRole_assoc_7F4D9D8FA8BC669AE20940D4DADE0371"/>
                <End Type="ZALLOC_EMPLOYEE_SRV.Zc_worklogsalesType" Multiplicity="*" Role="ToRole_assoc_7F4D9D8FA8BC669AE20940D4DADE0371"/>
            </Association>
            <Association Name="assoc_B82E7ED3752B15075B1F96CCB4B91D61" sap:content-version="1">
                <End Type="ZALLOC_EMPLOYEE_SRV.Zc_allocsalesType" Multiplicity="1" Role="FromRole_assoc_B82E7ED3752B15075B1F96CCB4B91D61"/>
                <End Type="ZALLOC_EMPLOYEE_SRV.Zc_expensesaleType" Multiplicity="*" Role="ToRole_assoc_B82E7ED3752B15075B1F96CCB4B91D61"/>
            </Association>
            <EntityContainer Name="ZALLOC_EMPLOYEE_SRV_Entities" m:IsDefaultEntityContainer="true" sap:supported-formats="atom json xlsx">
                <EntitySet Name="Zc_allocsales" EntityType="ZALLOC_EMPLOYEE_SRV.Zc_allocsalesType" sap:creatable="false" sap:deletable="false" sap:content-version="1"/>
                <EntitySet Name="Zi_Assstatus_Text" EntityType="ZALLOC_EMPLOYEE_SRV.Zi_Assstatus_TextType" sap:creatable="false" sap:updatable="false" sap:deletable="false" sap:content-version="1"/>
                <EntitySet Name="Zi_Expense_Cat" EntityType="ZALLOC_EMPLOYEE_SRV.Zi_Expense_CatType" sap:creatable="false" sap:updatable="false" sap:deletable="false" sap:content-version="1"/>
                <EntitySet Name="Zi_S_Product" EntityType="ZALLOC_EMPLOYEE_SRV.Zi_S_ProductType" sap:creatable="false" sap:updatable="false" sap:deletable="false" sap:content-version="1"/>
                <EntitySet Name="Zi_Worklog_Status" EntityType="ZALLOC_EMPLOYEE_SRV.Zi_Worklog_StatusType" sap:creatable="false" sap:updatable="false" sap:deletable="false" sap:content-version="1"/>
                <EntitySet Name="Zi_Wrkfb_Status" EntityType="ZALLOC_EMPLOYEE_SRV.Zi_Wrkfb_StatusType" sap:creatable="false" sap:updatable="false" sap:deletable="false" sap:content-version="1"/>
                <EntitySet Name="Zc_expensesale" EntityType="ZALLOC_EMPLOYEE_SRV.Zc_expensesaleType" sap:updatable="false" sap:content-version="1"/>
                <EntitySet Name="Zc_worklogsales" EntityType="ZALLOC_EMPLOYEE_SRV.Zc_worklogsalesType" sap:updatable="false" sap:content-version="1"/>
                <AssociationSet Name="assoc_B4211964AA8BD7C9AD08E1F3239D6FD5" Association="ZALLOC_EMPLOYEE_SRV.assoc_B4211964AA8BD7C9AD08E1F3239D6FD5" sap:creatable="false" sap:updatable="false" sap:deletable="false" sap:content-version="1">
                    <End EntitySet="Zc_expensesale" Role="FromRole_assoc_B4211964AA8BD7C9AD08E1F3239D6FD5"/>
                    <End EntitySet="Zi_Expense_Cat" Role="ToRole_assoc_B4211964AA8BD7C9AD08E1F3239D6FD5"/>
                </AssociationSet>
                <AssociationSet Name="assoc_BA9871AB6E6E8D3D3E8F383BBDF36C2E" Association="ZALLOC_EMPLOYEE_SRV.assoc_BA9871AB6E6E8D3D3E8F383BBDF36C2E" sap:creatable="false" sap:updatable="false" sap:deletable="false" sap:content-version="1">
                    <End EntitySet="Zc_worklogsales" Role="FromRole_assoc_BA9871AB6E6E8D3D3E8F383BBDF36C2E"/>
                    <End EntitySet="Zi_Worklog_Status" Role="ToRole_assoc_BA9871AB6E6E8D3D3E8F383BBDF36C2E"/>
                </AssociationSet>
                <AssociationSet Name="assoc_3D35009AFF730272FFB0B9917AC99DF4" Association="ZALLOC_EMPLOYEE_SRV.assoc_3D35009AFF730272FFB0B9917AC99DF4" sap:creatable="false" sap:updatable="false" sap:deletable="false" sap:content-version="1">
                    <End EntitySet="Zc_expensesale" Role="FromRole_assoc_3D35009AFF730272FFB0B9917AC99DF4"/>
                    <End EntitySet="Zc_allocsales" Role="ToRole_assoc_3D35009AFF730272FFB0B9917AC99DF4"/>
                </AssociationSet>
                <AssociationSet Name="assoc_7F4D9D8FA8BC669AE20940D4DADE0371" Association="ZALLOC_EMPLOYEE_SRV.assoc_7F4D9D8FA8BC669AE20940D4DADE0371" sap:creatable="false" sap:updatable="false" sap:deletable="false" sap:content-version="1">
                    <End EntitySet="Zc_allocsales" Role="FromRole_assoc_7F4D9D8FA8BC669AE20940D4DADE0371"/>
                    <End EntitySet="Zc_worklogsales" Role="ToRole_assoc_7F4D9D8FA8BC669AE20940D4DADE0371"/>
                </AssociationSet>
                <AssociationSet Name="assoc_B82E7ED3752B15075B1F96CCB4B91D61" Association="ZALLOC_EMPLOYEE_SRV.assoc_B82E7ED3752B15075B1F96CCB4B91D61" sap:creatable="false" sap:updatable="false" sap:deletable="false" sap:content-version="1">
                    <End EntitySet="Zc_allocsales" Role="FromRole_assoc_B82E7ED3752B15075B1F96CCB4B91D61"/>
                    <End EntitySet="Zc_expensesale" Role="ToRole_assoc_B82E7ED3752B15075B1F96CCB4B91D61"/>
                </AssociationSet>
                <AssociationSet Name="assoc_EA50C89BC854EEC69FA20FF916BDFDA6" Association="ZALLOC_EMPLOYEE_SRV.assoc_EA50C89BC854EEC69FA20FF916BDFDA6" sap:creatable="false" sap:updatable="false" sap:deletable="false" sap:content-version="1">
                    <End EntitySet="Zc_worklogsales" Role="FromRole_assoc_EA50C89BC854EEC69FA20FF916BDFDA6"/>
                    <End EntitySet="Zi_Wrkfb_Status" Role="ToRole_assoc_EA50C89BC854EEC69FA20FF916BDFDA6"/>
                </AssociationSet>
                <AssociationSet Name="assoc_92535F79B2C1795C16D4606069E16AD0" Association="ZALLOC_EMPLOYEE_SRV.assoc_92535F79B2C1795C16D4606069E16AD0" sap:creatable="false" sap:updatable="false" sap:deletable="false" sap:content-version="1">
                    <End EntitySet="Zc_worklogsales" Role="FromRole_assoc_92535F79B2C1795C16D4606069E16AD0"/>
                    <End EntitySet="Zc_allocsales" Role="ToRole_assoc_92535F79B2C1795C16D4606069E16AD0"/>
                </AssociationSet>
                <AssociationSet Name="assoc_6FF9705BA42EA582D05E3A35FF3AC3D5" Association="ZALLOC_EMPLOYEE_SRV.assoc_6FF9705BA42EA582D05E3A35FF3AC3D5" sap:creatable="false" sap:updatable="false" sap:deletable="false" sap:content-version="1">
                    <End EntitySet="Zc_worklogsales" Role="FromRole_assoc_6FF9705BA42EA582D05E3A35FF3AC3D5"/>
                    <End EntitySet="Zi_S_Product" Role="ToRole_assoc_6FF9705BA42EA582D05E3A35FF3AC3D5"/>
                </AssociationSet>
                <AssociationSet Name="assoc_E2DCC5DD24A07C92AA1F13D706BD4606" Association="ZALLOC_EMPLOYEE_SRV.assoc_E2DCC5DD24A07C92AA1F13D706BD4606" sap:creatable="false" sap:updatable="false" sap:deletable="false" sap:content-version="1">
                    <End EntitySet="Zc_allocsales" Role="FromRole_assoc_E2DCC5DD24A07C92AA1F13D706BD4606"/>
                    <End EntitySet="Zi_Assstatus_Text" Role="ToRole_assoc_E2DCC5DD24A07C92AA1F13D706BD4606"/>
                </AssociationSet>
                <FunctionImport Name="Zc_allocsalesAccept" ReturnType="ZALLOC_EMPLOYEE_SRV.Zc_allocsalesType" EntitySet="Zc_allocsales" m:HttpMethod="POST" sap:action-for="ZALLOC_EMPLOYEE_SRV.Zc_allocsalesType" sap:applicable-path="Accept_ac">
                    <Parameter Name="remarks" Type="Edm.String" Mode="In" MaxLength="50"/>
                    <Parameter Name="assigmentno" Type="Edm.String" Mode="In" MaxLength="8"/>
                </FunctionImport>
                <FunctionImport Name="Zc_allocsalesReject" ReturnType="ZALLOC_EMPLOYEE_SRV.Zc_allocsalesType" EntitySet="Zc_allocsales" m:HttpMethod="POST" sap:action-for="ZALLOC_EMPLOYEE_SRV.Zc_allocsalesType" sap:applicable-path="Reject_ac">
                    <Parameter Name="remarks" Type="Edm.String" Mode="In" MaxLength="50"/>
                    <Parameter Name="assigmentno" Type="Edm.String" Mode="In" MaxLength="8"/>
                </FunctionImport>
            </EntityContainer>
            <Annotations
                xmlns="http://docs.oasis-open.org/odata/ns/edm" Target="ZALLOC_EMPLOYEE_SRV.Zc_allocsalesType/statu">
                <Annotation Term="Common.ValueList">
                    <Record>
                        <PropertyValue Property="Label" String="ASSIGNMENT STATUS TEXT"/>
                        <PropertyValue Property="CollectionPath" String="Zi_Assstatus_Text"/>
                        <PropertyValue Property="SearchSupported" Bool="false"/>
                        <PropertyValue Property="Parameters">
                            <Collection>
                                <Record Type="Common.ValueListParameterInOut">
                                    <PropertyValue Property="LocalDataProperty" PropertyPath="statu"/>
                                    <PropertyValue Property="ValueListProperty" String="value"/>
                                </Record>
                                <Record Type="Common.ValueListParameterDisplayOnly">
                                    <PropertyValue Property="ValueListProperty" String="domname"/>
                                </Record>
                                <Record Type="Common.ValueListParameterDisplayOnly">
                                    <PropertyValue Property="ValueListProperty" String="ddlanguage"/>
                                </Record>
                                <Record Type="Common.ValueListParameterDisplayOnly">
                                    <PropertyValue Property="ValueListProperty" String="text"/>
                                </Record>
                            </Collection>
                        </PropertyValue>
                    </Record>
                </Annotation>
            </Annotations>
            <Annotations
                xmlns="http://docs.oasis-open.org/odata/ns/edm" Target="ZALLOC_EMPLOYEE_SRV.Zc_expensesaleType/expcatid">
                <Annotation Term="Common.ValueList">
                    <Record>
                        <PropertyValue Property="Label" String="Expense Category"/>
                        <PropertyValue Property="CollectionPath" String="Zi_Expense_Cat"/>
                        <PropertyValue Property="SearchSupported" Bool="false"/>
                        <PropertyValue Property="Parameters">
                            <Collection>
                                <Record Type="Common.ValueListParameterInOut">
                                    <PropertyValue Property="LocalDataProperty" PropertyPath="expcatid"/>
                                    <PropertyValue Property="ValueListProperty" String="value"/>
                                </Record>
                                <Record Type="Common.ValueListParameterDisplayOnly">
                                    <PropertyValue Property="ValueListProperty" String="domname"/>
                                </Record>
                                <Record Type="Common.ValueListParameterDisplayOnly">
                                    <PropertyValue Property="ValueListProperty" String="ddlanguage"/>
                                </Record>
                                <Record Type="Common.ValueListParameterDisplayOnly">
                                    <PropertyValue Property="ValueListProperty" String="text"/>
                                </Record>
                            </Collection>
                        </PropertyValue>
                    </Record>
                </Annotation>
            </Annotations>
            <Annotations
                xmlns="http://docs.oasis-open.org/odata/ns/edm" Target="ZALLOC_EMPLOYEE_SRV.Zc_worklogsalesType/statu">
                <Annotation Term="Common.ValueList">
                    <Record>
                        <PropertyValue Property="Label" String="Worklog status"/>
                        <PropertyValue Property="CollectionPath" String="Zi_Worklog_Status"/>
                        <PropertyValue Property="SearchSupported" Bool="false"/>
                        <PropertyValue Property="Parameters">
                            <Collection>
                                <Record Type="Common.ValueListParameterInOut">
                                    <PropertyValue Property="LocalDataProperty" PropertyPath="statu"/>
                                    <PropertyValue Property="ValueListProperty" String="value"/>
                                </Record>
                                <Record Type="Common.ValueListParameterDisplayOnly">
                                    <PropertyValue Property="ValueListProperty" String="domname"/>
                                </Record>
                                <Record Type="Common.ValueListParameterDisplayOnly">
                                    <PropertyValue Property="ValueListProperty" String="ddlanguage"/>
                                </Record>
                                <Record Type="Common.ValueListParameterDisplayOnly">
                                    <PropertyValue Property="ValueListProperty" String="status_text"/>
                                </Record>
                            </Collection>
                        </PropertyValue>
                    </Record>
                </Annotation>
            </Annotations>
            <Annotations
                xmlns="http://docs.oasis-open.org/odata/ns/edm" Target="ZALLOC_EMPLOYEE_SRV.Zc_worklogsalesType/feedback">
                <Annotation Term="Common.ValueList">
                    <Record>
                        <PropertyValue Property="Label" String="Worklog Feedback Status"/>
                        <PropertyValue Property="CollectionPath" String="Zi_Wrkfb_Status"/>
                        <PropertyValue Property="SearchSupported" Bool="false"/>
                        <PropertyValue Property="Parameters">
                            <Collection>
                                <Record Type="Common.ValueListParameterInOut">
                                    <PropertyValue Property="LocalDataProperty" PropertyPath="feedback"/>
                                    <PropertyValue Property="ValueListProperty" String="value"/>
                                </Record>
                                <Record Type="Common.ValueListParameterDisplayOnly">
                                    <PropertyValue Property="ValueListProperty" String="domname"/>
                                </Record>
                                <Record Type="Common.ValueListParameterDisplayOnly">
                                    <PropertyValue Property="ValueListProperty" String="ddlanguage"/>
                                </Record>
                                <Record Type="Common.ValueListParameterDisplayOnly">
                                    <PropertyValue Property="ValueListProperty" String="text"/>
                                </Record>
                            </Collection>
                        </PropertyValue>
                    </Record>
                </Annotation>
            </Annotations>
            <Annotations
                xmlns="http://docs.oasis-open.org/odata/ns/edm" Target="ZALLOC_EMPLOYEE_SRV.Zc_worklogsalesType/prdid">
                <Annotation Term="Common.ValueList">
                    <Record>
                        <PropertyValue Property="Label" String="Product Detail"/>
                        <PropertyValue Property="CollectionPath" String="Zi_S_Product"/>
                        <PropertyValue Property="SearchSupported" Bool="false"/>
                        <PropertyValue Property="Parameters">
                            <Collection>
                                <Record Type="Common.ValueListParameterInOut">
                                    <PropertyValue Property="LocalDataProperty" PropertyPath="prdid"/>
                                    <PropertyValue Property="ValueListProperty" String="prdid"/>
                                </Record>
                                <Record Type="Common.ValueListParameterDisplayOnly">
                                    <PropertyValue Property="ValueListProperty" String="descr"/>
                                </Record>
                            </Collection>
                        </PropertyValue>
                    </Record>
                </Annotation>
            </Annotations>
            <Annotations
                xmlns="http://docs.oasis-open.org/odata/ns/edm" Target="ZALLOC_EMPLOYEE_SRV.Zc_allocsalesType">
                <Annotation Term="Common.SemanticKey">
                    <Collection>
                        <PropertyPath>assigmentno</PropertyPath>
                    </Collection>
                </Annotation>
            </Annotations>
            <Annotations
                xmlns="http://docs.oasis-open.org/odata/ns/edm" Target="ZALLOC_EMPLOYEE_SRV.Zc_expensesaleType">
                <Annotation Term="Common.SemanticKey">
                    <Collection>
                        <PropertyPath>expno</PropertyPath>
                        <PropertyPath>assigmentno</PropertyPath>
                    </Collection>
                </Annotation>
            </Annotations>
            <Annotations
                xmlns="http://docs.oasis-open.org/odata/ns/edm" Target="ZALLOC_EMPLOYEE_SRV.Zc_worklogsalesType">
                <Annotation Term="Common.SemanticKey">
                    <Collection>
                        <PropertyPath>assigmentno</PropertyPath>
                        <PropertyPath>worklogno</PropertyPath>
                    </Collection>
                </Annotation>
            </Annotations>
            <atom:link
                xmlns:atom="http://www.w3.org/2005/Atom" rel="self" href="./sap/ZALLOC_EMPLOYEE_SRV/$metadata"/>
                <atom:link
                    xmlns:atom="http://www.w3.org/2005/Atom" rel="latest-version" href="./sap/ZALLOC_EMPLOYEE_SRV/$metadata"/>
                </Schema>
            </edmx:DataServices>
        </edmx:Edmx>