{
  "welcomeFile": "/webapp/index.html",
  "routes": [
    {
      "path": "/resources",
      "target": {
        "type": "service",
        "name": "sapui5",
        "entryPath": "/resources"
      },
      "description": "SAPUI5 Resources"
    },
    {
      "path": "/test-resources",
      "target": {
        "type": "service",
        "name": "sapui5",
        "entryPath": "/test-resources"
      },
      "description": "SAPUI5 Resources"
    },
    {
      "path": "/webapp/resources",
      "target": {
        "type": "service",
        "name": "sapui5",
        "entryPath": "/resources"
      },
      "description": "SAPUI5 Resources"
    },
    {
      "path": "/webapp/test-resources",
      "target": {
        "type": "service",
        "name": "sapui5",
        "entryPath": "/test-resources"
      },
      "description": "SAPUI5 Test Resources"
    },
    {
      "path": "/V3/(S(tgl30ixemo11znrlymxy2r5i))/OData/OData.svc",
      "target": {
        "type": "destination",
        "name": "Proxy"
      },
      "description": "Northwind proxy"
    },
    {
      "path": "/Northwind_Service",
      "target": {
        "type": "destination",
        "name": "Northwind_Service"
      },
      "description": "Northwind Service"
    }
  ],
  "sendWelcomeFileRedirect": true
}