{
  "run": [
    {
      "filePath": "/First/webapp/test/index.html",
      "previewMode": 1,
      "dataMode": 1,
      "workspace": "withoutWorkspace",
      "ui5ActiveVersion": null,
      "ui5VerSource": null,
      "isDefaultVersion": 0,
      "urlParameters": [],
      "hashParameter": "",
      "backendSystem": [],
      "destBackendSystem": [
        "SAP_AIC_ANG",
        "Employee_Service"
      ],
      "_metadata": {
        "runnerId": "webapprunner",
        "id": 9223676,
        "displayName": "New Web Application 10",
        "lastRunTimeStamp": 1466060605318
      }
    }
  ]
}