<core:View xmlns:core="sap.ui.core" xmlns:mvc="sap.ui.core.mvc" xmlns="sap.m" xmlns:viz="sap.viz.ui5.controls"
		controllerName="devoneclipse.DetailView" xmlns:html="http://www.w3.org/1999/xhtml">
	<Page title="Bulk Data Entry">
		
	
	<headerContent>
		<Button id="toggleButton" icon="sap-icon://full-screen" type="Transparent" press="toggleFullScreen"/>
	</headerContent>
	
	
		<content>
			<ObjectHeader iconActive="false" id="detailHeader" introActive="false" number="" numberUnit="" title="{wellModel>/wellList/0/welltype}" titleActive="false">
				<attributes id="detailAttributes">
					<ObjectAttribute active="false" id="attribute" text="{i18n>detailText}"></ObjectAttribute>
				</attributes>
				<firstStatus id="detailStatus">
					<ObjectStatus id="status" text=""></ObjectStatus>
				</firstStatus>
			</ObjectHeader>
			
			
						
			<Panel id="panel1"  expandable="true" expanded="true" headerText="Grid View" width="auto" height="auto">
		<content>
			<Bar>
			    <contentLeft>
			        <DateRangeSelection id="DRS1" displayFormat="dd/MM/YY" width="300px"/>
			    </contentLeft>
			    <contentRight>
			        <Button text="Save" press="onSave"/>
			    </contentRight>
			</Bar>
			<Label/>
			<Table id="tabWell" items="{wellModel>/wellList/0/relateddata}"     selectionChange ="onRowSelect" >
	
	<columns>
	<Column>
	<Text text="measurement"></Text>
	</Column>
	<Column>
	<Text text="27/11/2015"></Text>
	</Column>
	<Column>
	<Text text="26/11/2015"></Text>
	</Column>
	<Column>
	<Text text="25/11/2015"></Text>
	</Column>
	<Column>
	<Text text="24/11/2015"></Text>
	</Column>
	<Column>
	<Text text="23/11/2015"></Text>
	</Column>
	<Column>
	<Text text="22/11/2015"></Text>
	</Column>
	<Column>
	<Text text="21/11/2015"></Text>
	</Column>
	</columns>
	
	<items>
		<ColumnListItem>
			<cells>
				<Text text="{wellModel>measurement}"> </Text>
				<Input value="{wellModel>date1}"> </Input>
				<Input value="{wellModel>date2}"> </Input>
				<Input value="{wellModel>date3}"> </Input>
				<Input value="{wellModel>date4}"> </Input>
				<Input value="{wellModel>date5}"> </Input>
				<Input value="{wellModel>date6}"> </Input>
				<Input value="{wellModel>date7}"> </Input>
				
				
			</cells>
		</ColumnListItem> 
	</items>
	
	</Table>
			
			
		</content>
	</Panel>
	<Panel id="panel2"  expandable="true" expanded="true" headerText="Graphical View" width="auto" height="auto">
		<content>
			<Bar>
			    <contentLeft>
			        <DateRangeSelection id="DRS2" width="300px" displayFormat="dd/MM/YY"/>
			    </contentLeft>
			</Bar>
			
			  	<viz:Popover id="idPopOver"></viz:Popover>
        		<viz:VizFrame id="idVizFrameBar"  vizType="line" width="100%" height="300px"></viz:VizFrame>
		    
		</content>
	</Panel>
			
			
			
			
			<IconTabBar expanded="{device>/isNoPhone}" id="idIconTabBar" visible="false">
			</IconTabBar>
			<core:ExtensionPoint name="extDetail"/>
		</content>
	
		
	</Page>
</core:View>