<core:View xmlns:core="sap.ui.core" xmlns:mvc="sap.ui.core.mvc" xmlns="sap.m"
		controllerName="devoneclipse.MasterView" xmlns:html="http://www.w3.org/1999/xhtml">
	<Page title="Measurement Points ">
	<subHeader id="masterSubHeader">
			<Bar id="searchBar">
				<contentMiddle>
					<SearchField id="searchField" placeholder="{i18n>masterSearchPlaceholder}" search="onSearch" showRefreshButton="{device>/isNoTouch}"
						tooltip="{i18n>masterSearchTooltip}" width="100%" liveChange="onSearch"></SearchField>
				</contentMiddle>
			</Bar>
		</subHeader>
		
	
		<content>
			<List growing="true" growingScrollToLoad="true" id="list" items="{wellModel>/wellList}" mode="SingleSelectMaster"
				noDataText="{i18n>masterListNoDataText}" select="onSelect">
				<items id="masterList">
					<ObjectListItem counter="0" id="mainListItem" markFavorite="false" markFlagged="false" number="" numberUnit="" press="onSelect"
						showMarkers="false" title="{wellModel>welltype}" type="{device>/listItemType}">
					<attributes>
					<ObjectAttribute text="{wellModel>Des}" />
					</attributes>
						<core:ExtensionPoint name="extListItemInfo"/>
					</ObjectListItem>
				</items>
			</List>
		</content>
	
	
		
	</Page>
</core:View>