<edmx:Edmx xmlns:edmx="http://schemas.microsoft.com/ado/2007/06/edmx" Version="1.0">
	<edmx:DataServices xmlns:m="http://schemas.microsoft.com/ado/2007/08/dataservices/metadata" m:DataServiceVersion="2.0">
		<Schema xmlns:d="http://schemas.microsoft.com/ado/2007/08/dataservices"
			xmlns:m="http://schemas.microsoft.com/ado/2007/08/dataservices/metadata" xmlns="http://schemas.microsoft.com/ado/2008/09/edm"
			Namespace="default">
			<EntityType Name="AuthorType">
				<Key>
					<PropertyRef Name="authorId"/>
				</Key>
				<Property Name="authorId" Type="Edm.Int32" Nullable="false"/>
				<Property Name="authorName" Type="Edm.String" MaxLength="250"/>
				<Property Name="numberOfBooks" Type="Edm.Int32" Nullable="false"/>
				<NavigationProperty Name="books" Relationship="default.AuthorBooksType" FromRole="AuthorPrincipal" ToRole="BookDependent"/>
			</EntityType>
			<EntityType Name="BookType">
				<Key>
					<PropertyRef Name="bookId"/>
					<PropertyRef Name="authorId"/>
				</Key>
				<Property Name="bookId" Type="Edm.Int32" Nullable="false"/>
				<Property Name="authorId" Type="Edm.Int32" Nullable="false"/>
				<Property Name="isbn" Type="Edm.String" MaxLength="100"/>
				<Property Name="bookName" Type="Edm.String" MaxLength="250"/>
				<Property Name="price" Type="Edm.Int32" Nullable="false"/>
				<Property Name="priceCurrency" Type="Edm.String" MaxLength="10"/>
				<Property Name="authorName" Type="Edm.String" MaxLength="250"/>
			</EntityType>
			<Association Name="AuthorBooksType">
				<End Type="default.AuthorType" Role="AuthorPrincipal" Multiplicity="1"/>
				<End Type="default.BookType" Role="BookDependent" Multiplicity="*"/>
			</Association>
			<EntityContainer Name="v2" m:IsDefaultEntityContainer="true">
				<EntitySet Name="Author" EntityType="default.AuthorType"/>
				<EntitySet Name="Book" EntityType="default.BookType"/>
				<AssociationSet Name="AuthorBooks" Association="default.AuthorBooksType">
					<End Role="AuthorPrincipal" EntitySet="Author"/>
					<End Role="BookDependent" EntitySet="Book"/>
				</AssociationSet>
			</EntityContainer>
		</Schema>
	</edmx:DataServices>
</edmx:Edmx>