[
	{
		"ContactEmail": "do.not.reply@sap.com",
		"Id": "100000000",
		"Name": "SAP",
		"Phone": "0622734567",
		"Email": "do.not.reply@sap.com",
		"WebAddress": "http://www.sap.com",
		"FormattedAddress": "Dietmar-Hopp-Allee 16, 69190 Walldorf, DE",
		"FormattedContactName": "Karl Müller",
		"ContactPhone1": "0622734567",
		"ContactPhone2": "01783456789"
	},
	{
		"ContactEmail": "dagmar.schulze@beckerberlin.de",
		"Id": "100000001",
		"Name": "Becker Berlin",
		"Phone": "3088530",
		"Email": "dagmar.schulze@beckerberlin.de",
		"WebAddress": "http://www.beckerberlin.de",
		"FormattedAddress": "Calvinstraße 36, 13467 Berlin, DE",
		"FormattedContactName": "Dagmar Schulze",
		"ContactPhone1": "3088530",
		"ContactPhone2": "01708530853"
	},
	{
		"ContactEmail": "maria.brown@delbont.com",
		"Id": "100000002",
		"Name": "DelBont Industries",
		"Phone": "3023352668",
		"Email": "maria.brown@delbont.com",
		"WebAddress": "http://www.delbont.com",
		"FormattedAddress": "1 2345 King Street 1, 19899 Wilmington, Delaware, US",
		"FormattedContactName": "Maria Brown",
		"ContactPhone1": "3023352668",
		"ContactPhone2": "2053352668"
	},
	{
		"ContactEmail": "saskia.sommer@talpa-hannover.de",
		"Id": "100000003",
		"Name": "Talpa",
		"Phone": "511403266",
		"Email": "saskia.sommer@talpa-hannover.de",
		"WebAddress": "http://www.talpa-hannover.de",
		"FormattedAddress": "An der Breiten Wiese 422, 30625 Hannover, DE",
		"FormattedContactName": "Saskia Sommer",
		"ContactPhone1": "511403266",
		"ContactPhone2": "01701403266"
	},
	{
		"ContactEmail": "bob.buyer@panorama-studios.biz",
		"Id": "100000004",
		"Name": "Panorama Studios",
		"Phone": "2244668800",
		"Email": "bob.buyer@panorama-studios.biz",
		"WebAddress": "http://www.panorama-studios.biz",
		"FormattedAddress": "Morning Drive 178, 91602 Hollywood, California, US",
		"FormattedContactName": "Bob Buyer",
		"ContactPhone1": "2244668800",
		"ContactPhone2": "20644668800"
	},
	{
		"ContactEmail": "bart.koenig@tecum-ag.de",
		"Id": "100000005",
		"Name": "TECUM",
		"Phone": "2511415",
		"Email": "bart.koenig@tecum-ag.de",
		"WebAddress": "http://www.tecum-ag.de",
		"FormattedAddress": "Albersloher Weg 24, 48155 Münster, DE",
		"FormattedContactName": "Bart Koenig",
		"ContactPhone1": "2511415",
		"ContactPhone2": "01712511415"
	},
	{
		"ContactEmail": "yoko.nakamura@asia-ht.com",
		"Id": "100000006",
		"Name": "Asia High tech",
		"Phone": "9078563412",
		"Email": "yoko.nakamura@asia-ht.com",
		"WebAddress": "http://www.asia-ht.com",
		"FormattedAddress": "1-7-2 Otemachi 1, 100-0004 Tokyo, JP",
		"FormattedContactName": "Yoko Nakamura",
		"ContactPhone1": "9078563412",
		"ContactPhone2": "09057600415"
	},
	{
		"ContactEmail": "sophie.ribery@laurent-paris.com",
		"Id": "100000007",
		"Name": "Laurent",
		"Phone": "149744423",
		"Email": "sophie.ribery@laurent-paris.com",
		"WebAddress": "http://www.laurent-paris.com",
		"FormattedAddress": "Rue de la Republique 863 1, 75015 Paris, FR",
		"FormattedContactName": "Sophie Ribery",
		"ContactPhone1": "149744423",
		"ContactPhone2": "06103426880"
	},
	{
		"ContactEmail": "victor.sanchez@avantel.com",
		"Id": "100000008",
		"Name": "AVANTEL",
		"Phone": "7257716",
		"Email": "victor.sanchez@avantel.com",
		"WebAddress": "http://www.avantel.com",
		"FormattedAddress": "Bosque de Duraznos 24, 17000 Mexiko City, MX",
		"FormattedContactName": "Victor Sanchez",
		"ContactPhone1": "7257716",
		"ContactPhone2": "05518508544"
	},
	{
		"ContactEmail": "jorge.velez@telecomunicacionesstar.com",
		"Id": "100000009",
		"Name": "Telecomunicaciones Star",
		"Phone": "1133557799",
		"Email": "jorge.velez@telecomunicacionesstar.com",
		"WebAddress": "http://www.telecomunicacionesstar.com",
		"FormattedAddress": "Av. Libertador 12221, 1511 Buenos Aires, AR",
		"FormattedContactName": "Jorge Velez",
		"ContactPhone1": "1133557799",
		"ContactPhone2": "01123224060"
	},
	{
		"ContactEmail": "franklin.jones@pear-computing.com",
		"Id": "100000010",
		"Name": "Pear Computing Services",
		"Phone": "6789012345",
		"Email": "franklin.jones@pear-computing.com",
		"WebAddress": "http://www.pear-computing.com",
		"FormattedAddress": "Dunwoody Xing 3000, 30338 Atlanta, Georgia, US",
		"FormattedContactName": "Franklin Jones",
		"ContactPhone1": "6789012345",
		"ContactPhone2": "2076789012346"
	},
	{
		"ContactEmail": "joseph_gschwandtner@alp-systems.at",
		"Id": "100000011",
		"Name": "Alpine Systems",
		"Phone": "6623612804",
		"Email": "joseph_gschwandtner@alp-systems.at",
		"WebAddress": "http://www.alp-systems.at",
		"FormattedAddress": "Aiglhofstraße 20, 5020 Salzburg, AT",
		"FormattedContactName": "Joseph Gschwandtner",
		"ContactPhone1": "6623612804",
		"ContactPhone2": "06508289569"
	},
	{
		"ContactEmail": "george_d_grant@newlinedesign.co.uk",
		"Id": "100000012",
		"Name": "New Line Design",
		"Phone": "2589436180",
		"Email": "george_d_grant@newlinedesign.co.uk",
		"WebAddress": "http://www.newlinedesign.co.uk",
		"FormattedAddress": "Edwin Road 9, M11 3ER Manchester, GB",
		"FormattedContactName": "George Grant",
		"ContactPhone1": "2589436180",
		"ContactPhone2": "07111748596"
	},
	{
		"ContactEmail": "sarah.schwind@hepa-tec.de",
		"Id": "100000013",
		"Name": "HEPA Tec",
		"Phone": "4507867136",
		"Email": "sarah.schwind@hepa-tec.de",
		"WebAddress": "http://www.hepa-tec.de",
		"FormattedAddress": "Theodor-Heuss-Allee 43, 28213 Bremen, DE",
		"FormattedContactName": "Sarah Schwind",
		"ContactPhone1": "4507867136",
		"ContactPhone2": "01707867136"
	},
	{
		"ContactEmail": "theodor.monathy@anavideon.com",
		"Id": "100000014",
		"Name": "Anav Ideon",
		"Phone": "5850428367",
		"Email": "theodor.monathy@anavideon.com",
		"WebAddress": "http://www.anavideon.com",
		"FormattedAddress": "Franklin Ave 153, 58501 Bismarck, North Dakota, US",
		"FormattedContactName": "Theodor Monathy",
		"ContactPhone1": "5850428367",
		"ContactPhone2": "208585042836"
	},
	{
		"ContactEmail": "robert_brown@rb-entertainment.ca",
		"Id": "100000015",
		"Name": "Robert Brown Entertainment",
		"Phone": "7609448173",
		"Email": "robert_brown@rb-entertainment.ca",
		"WebAddress": "http://www.rb-entertainment.ca",
		"FormattedAddress": "Rue du Sault au Matelot 65, G1K3X7 Quebec, CA",
		"FormattedContactName": "Robert Brown",
		"ContactPhone1": "7609448173",
		"ContactPhone2": "51494321664"
	},
	{
		"ContactEmail": "jorgemontalban@motc.mx",
		"Id": "100000016",
		"Name": "Mexican Oil Trading Company",
		"Phone": "6879342945",
		"Email": "jorgemontalban@motc.mx",
		"WebAddress": "http://www.motc.mx",
		"FormattedAddress": "Av. Hermanos Serdan 366, 40615 Puebla, MX",
		"FormattedContactName": "Jorge Montalban",
		"ContactPhone1": "6879342945",
		"ContactPhone2": "18112779979"
	},
	{
		"ContactEmail": "johanna.esther@meliva.de",
		"Id": "100000017",
		"Name": "Meliva",
		"Phone": "2208791738",
		"Email": "johanna.esther@meliva.de",
		"WebAddress": "http://www.meliva.de",
		"FormattedAddress": "Robert-Koch-Straße 14, 50827 Köln, DE",
		"FormattedContactName": "Johanna Esther",
		"ContactPhone1": "2208791738",
		"ContactPhone2": "01528791738"
	},
	{
		"ContactEmail": "miguel.luengo@compostela.ar",
		"Id": "100000018",
		"Name": "Compostela",
		"Phone": "4440238917",
		"Email": "miguel.luengo@compostela.ar",
		"WebAddress": "http://www.compostela.ar",
		"FormattedAddress": "Avenida De Julio 53, M5500 Mendoza, AR",
		"FormattedContactName": "Miguel Luengo",
		"ContactPhone1": "4440238917",
		"ContactPhone2": "91138321089"
	},
	{
		"ContactEmail": "isabel.nemours@pateu.fr",
		"Id": "100000019",
		"Name": "Pateu",
		"Phone": "6328490087",
		"Email": "isabel.nemours@pateu.fr",
		"WebAddress": "http://www.pateu.fr",
		"FormattedAddress": "Quai de Pierre Scize 81, 69007 Lyon, FR",
		"FormattedContactName": "Isabel Nemours",
		"ContactPhone1": "6328490087",
		"ContactPhone2": "61126098641"
	},
	{
		"ContactEmail": "igor.tarassow@retc.ru",
		"Id": "100000020",
		"Name": "Russian Electronic Trading Company",
		"Phone": "4050378468",
		"Email": "igor.tarassow@retc.ru",
		"WebAddress": "http://www.retc.ru",
		"FormattedAddress": "Elektrozavodskaya ulitsa 21, 125719 Moscow, RU",
		"FormattedContactName": "Igor Tarassow",
		"ContactPhone1": "4050378468",
		"ContactPhone2": "96884125599"
	},
	{
		"ContactEmail": "alexis.harper@flor-hc.com",
		"Id": "100000021",
		"Name": "Florida Holiday Company",
		"Phone": "6065470312",
		"Email": "alexis.harper@flor-hc.com",
		"WebAddress": "http://www.flor-hc.com",
		"FormattedAddress": "Marshall Street 77, 32229 Jacksonville, Florida, US",
		"FormattedContactName": "Alexis Harper",
		"ContactPhone1": "6065470312",
		"ContactPhone2": "21065470312"
	},
	{
		"ContactEmail": "c.alfaro@quimica-madrilenos.es",
		"Id": "100000022",
		"Name": "Quimica Madrilenos",
		"Phone": "7980023486",
		"Email": "c.alfaro@quimica-madrilenos.es",
		"WebAddress": "http://www.quimica-madrilenos.es",
		"FormattedAddress": "Calle de la Marquesa Viuda de Aldama 35, 28100 Madrid, ES",
		"FormattedContactName": "Cristal Alfaro",
		"ContactPhone1": "7980023486",
		"ContactPhone2": "629377875"
	},
	{
		"ContactEmail": "sven.j@getraenke-janssen.de",
		"Id": "100000023",
		"Name": "Getränkegroßhandel Janssen",
		"Phone": "3629731486",
		"Email": "sven.j@getraenke-janssen.de",
		"WebAddress": "http://www.getraenke-janssen.de",
		"FormattedAddress": "Albert-Schweitzer-Straße 16, 80935 München, DE",
		"FormattedContactName": "Sven Janssen",
		"ContactPhone1": "3629731486",
		"ContactPhone2": "01529731486"
	},
	{
		"ContactEmail": "yoshiko.kakuji@jateco.jp",
		"Id": "100000024",
		"Name": "JaTeCo",
		"Phone": "3206580974",
		"Email": "yoshiko.kakuji@jateco.jp",
		"WebAddress": "http://www.jateco.jp",
		"FormattedAddress": "Chome-1 Kita 7 Jonishi 7, 0600007 Sapporo-shi, JP",
		"FormattedContactName": "Yoshiko Kakuji",
		"ContactPhone1": "3206580974",
		"ContactPhone2": "8010003581"
	},
	{
		"ContactEmail": "alessio.galasso@tcdr.it",
		"Id": "100000025",
		"Name": "Tessile Casa Di Roma",
		"Phone": "4580963184",
		"Email": "alessio.galasso@tcdr.it",
		"WebAddress": "http://www.tcdr.it",
		"FormattedAddress": "Via San Martino della Battaglia 63, 00185 Rome, IT",
		"FormattedContactName": "Alessio Galasso",
		"ContactPhone1": "4580963184",
		"ContactPhone2": "34588303001"
	},
	{
		"ContactEmail": "romain.le_mason@verdo.fr",
		"Id": "100000026",
		"Name": "Vente Et Réparation de Ordinateur",
		"Phone": "1012697341",
		"Email": "romain.le_mason@verdo.fr",
		"WebAddress": "http://www.verdo.fr",
		"FormattedAddress": "Rue Lourmel 42, 75013 Paris, FR",
		"FormattedContactName": "Romain Le Mason",
		"ContactPhone1": "1012697341",
		"ContactPhone2": "642865493"
	},
	{
		"ContactEmail": "martha.calcagno@dpg.ar",
		"Id": "100000027",
		"Name": "Developement Para O Governo",
		"Phone": "7345697824",
		"Email": "martha.calcagno@dpg.ar",
		"WebAddress": "http://www.dpg.ar",
		"FormattedAddress": "de Enero 85, 1510 Santa Fe, AR",
		"FormattedContactName": "Martha Calcagno",
		"ContactPhone1": "7345697824",
		"ContactPhone2": "91138321194"
	},
	{
		"ContactEmail": "beatriz.da_silva@brazil-tec.br",
		"Id": "100000028",
		"Name": "Brazil Technologies",
		"Phone": "469614115",
		"Email": "beatriz.da_silva@brazil-tec.br",
		"WebAddress": "http://www.brazil-tec.br",
		"FormattedAddress": "Rua do Passeio 7, 20230 Rio de Janeiro, BR",
		"FormattedContactName": "Beatriz da Silva",
		"ContactPhone1": "469614115",
		"ContactPhone2": "117930811702"
	},
	{
		"ContactEmail": "anthony.lebouef@crtu.ca",
		"Id": "100000029",
		"Name": "C.R.T.U.",
		"Phone": "6839542781",
		"Email": "anthony.lebouef@crtu.ca",
		"WebAddress": "http://www.crtu.ca",
		"FormattedAddress": "Avenue du Mont-Royal Est 370, H2T1R1 Montreal, CA",
		"FormattedContactName": "Anthony Leboeuf",
		"ContactPhone1": "6839542781",
		"ContactPhone2": "5145015122"
	},
	{
		"ContactEmail": "lisa.felske@jologa.ch",
		"Id": "100000030",
		"Name": "Jologa",
		"Phone": "6714954542",
		"Email": "lisa.felske@jologa.ch",
		"WebAddress": "http://www.jologa.ch",
		"FormattedAddress": "Paul-Clairmont-Strasse 23, 2564 Zürich, CH",
		"FormattedContactName": "Lisa Felske",
		"ContactPhone1": "6714954542",
		"ContactPhone2": "792644206"
	},
	{
		"ContactEmail": "jonathan.d.mason@baleda.com",
		"Id": "100000031",
		"Name": "Baleda",
		"Phone": "2483693027",
		"Email": "jonathan.d.mason@baleda.com",
		"WebAddress": "http://www.baleda.com",
		"FormattedAddress": "McKinney Ave 2407, 75364 Dallas, Texas, US",
		"FormattedContactName": "Jonathan Mason",
		"ContactPhone1": "2483693027",
		"ContactPhone2": "2145976761"
	},
	{
		"ContactEmail": "amelie.troyat@angere.fr",
		"Id": "100000032",
		"Name": "Angeré",
		"Phone": "2094573421",
		"Email": "amelie.troyat@angere.fr",
		"WebAddress": "http://www.angere.fr",
		"FormattedAddress": "Rue de Rivoli 143, 75018 Paris, FR",
		"FormattedContactName": "Amélie Troyat",
		"ContactPhone1": "2094573421",
		"ContactPhone2": "613371485"
	},
	{
		"ContactEmail": "pete_waltham@pc-gym-tec.com",
		"Id": "100000033",
		"Name": "PC Gym Tec",
		"Phone": "4136278910",
		"Email": "pete_waltham@pc-gym-tec.com",
		"WebAddress": "http://www.pc-gym-tec.com",
		"FormattedAddress": "North Michigan Avenue 50, 60773 Chicago, Illinois, US",
		"FormattedContactName": "Pete Waltham",
		"ContactPhone1": "4136278910",
		"ContactPhone2": "3312141512"
	},
	{
		"ContactEmail": "ryu.toshiro@jip.jp",
		"Id": "100000034",
		"Name": "Japan Insurance Partner",
		"Phone": "3540671320",
		"Email": "ryu.toshiro@jip.jp",
		"WebAddress": "http://www.jip.jp",
		"FormattedAddress": "4-2-8-Shibakoen 8, 105-0011 Tokyo, JP",
		"FormattedContactName": "Ryu Toshiro",
		"ContactPhone1": "3540671320",
		"ContactPhone2": "9055534479"
	},
	{
		"ContactEmail": "jose-lopez@en-ar.ar",
		"Id": "100000035",
		"Name": "Entertainment Argentinia",
		"Phone": "7315064077",
		"Email": "jose-lopez@en-ar.ar",
		"WebAddress": "http://www.en-ar.ar",
		"FormattedAddress": "Avenida San Juan 350, 1147 Buenos Aires, AR",
		"FormattedContactName": "José Lopez",
		"ContactPhone1": "7315064077",
		"ContactPhone2": "91138321172"
	},
	{
		"ContactEmail": "dahoma.lawla@agadc.co.za",
		"Id": "100000036",
		"Name": "African Gold And Diamond Corporation",
		"Phone": "4381762683",
		"Email": "dahoma.lawla@agadc.co.za",
		"WebAddress": "http://www.agadc.co.za",
		"FormattedAddress": "Bay View Ave 45, 2006 Johannesburg, ZA",
		"FormattedContactName": "Dahoma Lawla",
		"ContactPhone1": "4381762683",
		"ContactPhone2": "734472882"
	},
	{
		"ContactEmail": "jefferson.parker@pico-bit.com",
		"Id": "100000037",
		"Name": "PicoBit",
		"Phone": "9703586412",
		"Email": "jefferson.parker@pico-bit.com",
		"WebAddress": "http://www.pico-bit.com",
		"FormattedAddress": "Fith Avenue 1843, 10184 New York City, US",
		"FormattedContactName": "Jefferson Parker",
		"ContactPhone1": "9703586412",
		"ContactPhone2": "21581526401"
	},
	{
		"ContactEmail": "tamara.flaig@brl-ag.de",
		"Id": "100000038",
		"Name": "Bionic Research Lab",
		"Phone": "6843585642",
		"Email": "tamara.flaig@brl-ag.de",
		"WebAddress": "http://www.brl-ag.de",
		"FormattedAddress": "Hauptstraße 12, 77815 Bühl, DE",
		"FormattedContactName": "Tamara Flaig",
		"ContactPhone1": "6843585642",
		"ContactPhone2": "015567833882"
	},
	{
		"ContactEmail": "sunita-kapoor@it-trade.in",
		"Id": "100000039",
		"Name": "Indian IT Trading Company",
		"Phone": "4203876954",
		"Email": "sunita-kapoor@it-trade.in",
		"WebAddress": "http://www.it-trade.in",
		"FormattedAddress": "Nariman Point 11, 400021 Mumbai, IN",
		"FormattedContactName": "Sunita Kapoor",
		"ContactPhone1": "4203876954",
		"ContactPhone2": "3125506947"
	},
	{
		"ContactEmail": "pawel-lewandoski@catf.pl",
		"Id": "100000040",
		"Name": "Chemia A Technicznie Fabryka",
		"Phone": "8367920106",
		"Email": "pawel-lewandoski@catf.pl",
		"WebAddress": "http://www.catf.pl",
		"FormattedAddress": "Koszykowa 28, 00564 Warsaw, PL",
		"FormattedContactName": "Pawel Lewandowski",
		"ContactPhone1": "8367920106",
		"ContactPhone2": "505107953"
	},
	{
		"ContactEmail": "laura.campillo@saitc.ar",
		"Id": "100000041",
		"Name": "South American IT Company",
		"Phone": "1438907230",
		"Email": "laura.campillo@saitc.ar",
		"WebAddress": "http://www.saitc.ar",
		"FormattedAddress": "Av. Ambrosio Olmos 297, 5003 Cordoba, AR",
		"FormattedContactName": "Laura Campillo",
		"ContactPhone1": "1438907230",
		"ContactPhone2": "91138321138"
	},
	{
		"ContactEmail": "jian.si@siwusha.cn",
		"Id": "100000042",
		"Name": "Siwusha",
		"Phone": "7412697340",
		"Email": "jian.si@siwusha.cn",
		"WebAddress": "http://www.siwusha.cn",
		"FormattedAddress": "Shui Dian Lu 37, 200083 Shanghai, CN",
		"FormattedContactName": "Jian Si",
		"ContactPhone1": "7412697340",
		"ContactPhone2": "6479751078"
	},
	{
		"ContactEmail": "frederik.christensen@dftc.dk",
		"Id": "100000043",
		"Name": "Danish Fish Trading Company",
		"Phone": "3102050749",
		"Email": "frederik.christensen@dftc.dk",
		"WebAddress": "http://www.dftc.dk",
		"FormattedAddress": "Stockholmsgade 79, 1907 Copenhagen, DK",
		"FormattedContactName": "Frederik Christensen",
		"ContactPhone1": "3102050749",
		"ContactPhone2": "29233248"
	},
	{
		"ContactEmail": "mirjam.schmidt@sorali.de",
		"Id": "100000044",
		"Name": "Sorali",
		"Phone": "3102050749",
		"Email": "mirjam.schmidt@sorali.de",
		"WebAddress": "http://www.sorali.de",
		"FormattedAddress": "Rubensstraße 140, 76188 Karlsruhe, DE",
		"FormattedContactName": "Mirjam Schmidt",
		"ContactPhone1": "3102050749",
		"ContactPhone2": "01602050749"
	}
]