{
  "run": [
    {
      "filePath": "/VizFrameChart/index.html",
      "previewMode": 0,
      "dataMode": 1,
      "workspace": "withoutWorkspace",
      "ui5ActiveVersion": null,
      "isDefaultVersion": 0,
      "urlParameters": [
        {
          "paramName": "",
          "paramValue": "",
          "paramActive": false
        },
        {
          "paramName": "",
          "paramValue": "",
          "paramActive": false
        }
      ],
      "_metadata": {
        "id": 2616125,
        "runnerId": "webapprunner",
        "displayName": "New Web Application 17",
        "lastRunTimeStamp": 1508134617438
      }
    }
  ]
}