<ViewSettingsDialog cancel="onCancelErrorFilterDialog" confirm="onConfirmErrorFilterDialog" id="ErrorsFilterDialog" resetFilters="onResetErrorsFilterDialog"
	xmlns="sap.m">
	<filterItems>
		<ViewSettingsCustomItem id="FiltertByDateE" key="3" text="Date Range">
			<customControl>
				<VBox direction="Column" fitContainer="true" id="DatesContainerE">
					<items>
						<Label design="Bold" id="DateFromE" labelFor="DateFromPicker" text="Start Date"/>
						<DatePicker change="onChangeDateFrom" id="DateFromPickerE" tooltip="Start Date" width="10em" xmlns="sap.m"/>
						<Label design="Bold" id="DateToE" labelFor="DateToPicker" text="End Date"/>
						<DatePicker change="onChangeDateTo" id="DateToPickerE" tooltip="End Date" width="10em" xmlns="sap.m"/>
					</items>
				</VBox>
			</customControl>
		</ViewSettingsCustomItem>
		
		<ViewSettingsCustomItem id="FiltertByMaterialE" key="4" text="Material Code">
			<customControl>
				<VBox direction="Column" fitContainer="true" id="MaterialCodeE">
					<items>
						<Input id="idMaterialCodeE" value=""></Input>
					</items>
				</VBox>
			</customControl>
		</ViewSettingsCustomItem>
	</filterItems>
</ViewSettingsDialog>