<ViewSettingsDialog cancel="onCancelFilterDialog" confirm="onConfirmFilterDialog" id="FilterDialog" resetFilters="onResetFilterDialog"
	xmlns="sap.m">
	<filterItems>
		<ViewSettingsFilterItem id="FiltertByStatus" key="1" text="Status">
			<items>
				<ViewSettingsItem id="StatusNew" key="1a" text="New">
					<customData>
						<CustomData value="{filters: {path:'StatusCode', operator:'EQ', value1:'0'}}" xmlns="sap.ui.core"/>
					</customData>
				</ViewSettingsItem>
				<ViewSettingsItem id="StatusNeedClar" key="1b" text="Need Clarification">
					<customData>
						<CustomData value="{filters: {path:'StatusCode', operator:'EQ', value1:'1'}}" xmlns="sap.ui.core"/>
					</customData>
				</ViewSettingsItem>
				<ViewSettingsItem id="StatusOnhold" key="1c" selected="false" text="onHold">
					<customData>
						<CustomData value="{filters: {path:'StatusCode', operator:'EQ', value1:'2'}}" xmlns="sap.ui.core"/>
					</customData>
				</ViewSettingsItem>
				<ViewSettingsItem id="StatusInprogress" key="1d" selected="false" text="Inprogress">
					<customData>
						<CustomData value="{filters: {path:'StatusCode', operator:'EQ', value1:'3'}}" xmlns="sap.ui.core"/>
					</customData>
				</ViewSettingsItem>
				<ViewSettingsItem id="StatusCompleted" key="1e" selected="false" text="Completed">
					<customData>
						<CustomData value="{filters: {path:'StatusCode', operator:'EQ', value1:'4'}}" xmlns="sap.ui.core"/>
					</customData>
				</ViewSettingsItem>
				
				<ViewSettingsItem id="StatusRejected" key="1d" selected="false" text="Rejected">
					<customData>
						<CustomData value="{filters: {path:'StatusCode', operator:'EQ', value1:'5'}}" xmlns="sap.ui.core"/>
					</customData>
				</ViewSettingsItem>
			</items>
		</ViewSettingsFilterItem>
		<ViewSettingsCustomItem id="FiltertByDate" key="3" text="Date Range">
			<customControl>
				<VBox direction="Column" fitContainer="true" id="DatesContainer">
					<items>
						<Label design="Bold" id="DateFrom" labelFor="DateFromPicker" text="Start Date"/>
						<DatePicker change="onChangeDateFrom" id="DateFromPicker" tooltip="Start Date" width="10em" xmlns="sap.m"/>
						<Label design="Bold" id="DateTo" labelFor="DateToPicker" text="End Date"/>
						<DatePicker change="onChangeDateTo" id="DateToPicker" tooltip="End Date" width="10em" xmlns="sap.m"/>
					</items>
				</VBox>
			</customControl>
		</ViewSettingsCustomItem>
		
		<ViewSettingsCustomItem id="FiltertByMaterial" key="4" text="Material Code">
			<customControl>
				<VBox direction="Column" fitContainer="true" id="MaterialCode">
					<items>
						<Input id="idMaterialCode" value=""></Input>
					</items>
				</VBox>
			</customControl>
		</ViewSettingsCustomItem>
	</filterItems>
</ViewSettingsDialog>