<mvc:View xmlns:mvc="sap.ui.core.mvc" xmlns:forms="sap.ui.layout.form"
	xmlns:core="sap.ui.core" xmlns:layout="sap.ui.layout" xmlns="sap.m">

	<forms:SimpleForm 
	labelSpanL="4" 
	labelSpanM="4" 
	labelSpanS="4" 
	emptySpanL="0" 
	emptySpanM="0"
	emptySpanS="0"
	maxContainerCols="2" layout="ResponsiveLayout"
		width="100%">
		<core:Title text="Adresses"></core:Title>
		<Label text="Home Address" />

		<layout:VerticalLayout>
			<Text text="2096 Misssion Street" />
			<Text text="San Franscisco, CA 94001" />
			<Text text="United States" />
		</layout:VerticalLayout>
		<Label text="Mailing Address" />
		<layout:VerticalLayout>
			<Text text="PO Box 32114" />
			<Text text="San Franscisco, CA 94001" />
			<Text text="United States" />
		</layout:VerticalLayout>
	</forms:SimpleForm>
</mvc:View>