[{"fileName":"id_1578288126712_55_propertyChange","fileType":"change","changeType":"propertyChange","moduleName":"","reference":"au.com.caltex.carrierdrivers.Component","packageName":"$TMP","content":{"property":"enableAutoBinding","newValue":true},"selector":{"id":"au.com.caltex.carrierdrivers::sap.suite.ui.generic.template.ListReport.view.ListReport::Drivers--listReport","type":"sap.ui.comp.smarttable.SmartTable","idIsLocal":false},"layer":"CUSTOMER_BASE","texts":{},"namespace":"apps/au.com.caltex.carrierdrivers/changes/","projectId":"au.com.caltex.carrierdrivers","creation":"2020-01-06T05:22:11.735Z","originalLanguage":"EN","conditions":{},"context":"","support":{"generator":"Change.createInitialFileContent","service":"","user":"","sapui5Version":"1.73.2","sourceChangeFileName":"","compositeCommand":""},"oDataInformation":{},"dependentSelector":{},"validAppVersions":{"creation":"1.0.0","from":"1.0.0","to":"1.0.0"},"jsOnly":false,"variantReference":"","appDescriptorChange":false},{"fileName":"id_1580330697628_123_propertyChange","fileType":"change","changeType":"propertyChange","moduleName":"","reference":"au.com.caltex.carrierdrivers.Component","packageName":"$TMP","content":{"property":"visible","newValue":false},"selector":{"id":"au.com.caltex.carrierdrivers::sap.suite.ui.generic.template.ObjectPage.view.Details::Drivers--DefaultTerminalsFacet::Table-btnPersonalisation","type":"sap.m.OverflowToolbarButton","idIsLocal":false},"layer":"CUSTOMER_BASE","texts":{},"namespace":"apps/au.com.caltex.carrierdrivers/changes/","projectId":"au.com.caltex.carrierdrivers","creation":"2020-01-29T20:45:48.456Z","originalLanguage":"EN","conditions":{},"context":"","support":{"generator":"Change.createInitialFileContent","service":"","user":"","sapui5Version":"1.73.2","sourceChangeFileName":"","compositeCommand":""},"oDataInformation":{},"dependentSelector":{},"validAppVersions":{"creation":"1.0.0","from":"1.0.0","to":"1.0.0"},"jsOnly":false,"variantReference":"","appDescriptorChange":false},{"fileName":"id_1580330705723_124_propertyChange","fileType":"change","changeType":"propertyChange","moduleName":"","reference":"au.com.caltex.carrierdrivers.Component","packageName":"$TMP","content":{"property":"visible","newValue":false},"selector":{"id":"au.com.caltex.carrierdrivers::sap.suite.ui.generic.template.ObjectPage.view.Details::Drivers--DefaultTerminalsFacet::Table::Toolbar::SearchField","type":"sap.m.SearchField","idIsLocal":false},"layer":"CUSTOMER_BASE","texts":{},"namespace":"apps/au.com.caltex.carrierdrivers/changes/","projectId":"au.com.caltex.carrierdrivers","creation":"2020-01-29T20:45:48.457Z","originalLanguage":"EN","conditions":{},"context":"","support":{"generator":"Change.createInitialFileContent","service":"","user":"","sapui5Version":"1.73.2","sourceChangeFileName":"","compositeCommand":""},"oDataInformation":{},"dependentSelector":{},"validAppVersions":{"creation":"1.0.0","from":"1.0.0","to":"1.0.0"},"jsOnly":false,"variantReference":"","appDescriptorChange":false},{"fileName":"id_1580331477117_122_propertyChange","fileType":"change","changeType":"propertyBindingChange","moduleName":"","reference":"au.com.caltex.carrierdrivers.Component","packageName":"$TMP","content":{"property":"visible","newBinding":"{= !${ui>/createMode}}"},"selector":{"id":"au.com.caltex.carrierdrivers::sap.suite.ui.generic.template.ObjectPage.view.Details::Drivers--DetailsFacet::Locked::GroupElement","type":"sap.ui.comp.smartform.GroupElement","idIsLocal":false},"layer":"CUSTOMER_BASE","texts":{},"namespace":"apps/au.com.caltex.carrierdrivers/changes/","projectId":"au.com.caltex.carrierdrivers","creation":"2020-01-29T20:58:06.453Z","originalLanguage":"EN","conditions":{},"context":"","support":{"generator":"Change.createInitialFileContent","service":"","user":"","sapui5Version":"1.73.2","sourceChangeFileName":"","compositeCommand":""},"oDataInformation":{},"dependentSelector":{},"validAppVersions":{"creation":"1.0.0","from":"1.0.0","to":"1.0.0"},"jsOnly":false,"variantReference":"","appDescriptorChange":false},{"fileName":"id_1580353220436_124_propertyChange","fileType":"change","changeType":"propertyChange","moduleName":"","reference":"au.com.caltex.carrierdrivers.Component","packageName":"$TMP","content":{"property":"visible","newValue":false},"selector":{"id":"au.com.caltex.carrierdrivers::sap.suite.ui.generic.template.ObjectPage.view.Details::Drivers--template::Share","type":"sap.uxap.ObjectPageHeaderActionButton","idIsLocal":false},"layer":"CUSTOMER_BASE","texts":{},"namespace":"apps/au.com.caltex.carrierdrivers/changes/","projectId":"au.com.caltex.carrierdrivers","creation":"2020-01-30T03:03:36.645Z","originalLanguage":"EN","conditions":{},"context":"","support":{"generator":"Change.createInitialFileContent","service":"","user":"","sapui5Version":"1.73.2","sourceChangeFileName":"","compositeCommand":""},"oDataInformation":{},"dependentSelector":{},"validAppVersions":{"creation":"1.0.0","from":"1.0.0","to":"1.0.0"},"jsOnly":false,"variantReference":"","appDescriptorChange":false},{"fileName":"id_1580691559222_124_propertyChange","fileType":"change","changeType":"propertyBindingChange","moduleName":"","reference":"au.com.caltex.carrierdrivers.Component","packageName":"$TMP","content":{"property":"visible","newBinding":"{= !(${ui>/createMode} || ${ui>/editable})}"},"selector":{"id":"au.com.caltex.carrierdrivers::sap.suite.ui.generic.template.ObjectPage.view.Details::Drivers--action::ResetPassword","type":"sap.uxap.ObjectPageHeaderActionButton","idIsLocal":false},"layer":"CUSTOMER_BASE","texts":{},"namespace":"apps/au.com.caltex.carrierdrivers/changes/","projectId":"au.com.caltex.carrierdrivers","creation":"2020-02-03T00:59:33.532Z","originalLanguage":"EN","conditions":{},"context":"","support":{"generator":"Change.createInitialFileContent","service":"","user":"","sapui5Version":"1.73.2","sourceChangeFileName":"","compositeCommand":""},"oDataInformation":{},"dependentSelector":{},"validAppVersions":{"creation":"1.0.0","from":"1.0.0","to":"1.0.0"},"jsOnly":false,"variantReference":"","appDescriptorChange":false},{"fileName":"id_1580872411717_124_propertyChange","fileType":"change","changeType":"propertyBindingChange","moduleName":"","reference":"au.com.caltex.carrierdrivers.Component","packageName":"$TMP","content":{"property":"enabled","newBinding":"{= (!${PasswordBeingSet} && ${CreationComplete} && !${Locked})}"},"selector":{"id":"au.com.caltex.carrierdrivers::sap.suite.ui.generic.template.ObjectPage.view.Details::Drivers--action::ResetPassword","type":"sap.uxap.ObjectPageHeaderActionButton","idIsLocal":false},"layer":"CUSTOMER_BASE","texts":{},"namespace":"apps/au.com.caltex.carrierdrivers/changes/","projectId":"au.com.caltex.carrierdrivers","creation":"2020-02-05T03:13:40.605Z","originalLanguage":"EN","conditions":{},"context":"","support":{"generator":"Change.createInitialFileContent","service":"","user":"","sapui5Version":"1.73.2","sourceChangeFileName":"","compositeCommand":""},"oDataInformation":{},"dependentSelector":{},"validAppVersions":{"creation":"1.0.0","from":"1.0.0","to":"1.0.0"},"jsOnly":false,"variantReference":"","appDescriptorChange":false},{"fileName":"id_1581047185199_124_propertyChange","fileType":"change","changeType":"propertyBindingChange","moduleName":"","reference":"au.com.caltex.carrierdrivers.Component","packageName":"$TMP","content":{"property":"visible","newBinding":"{ui>/createMode}"},"selector":{"id":"au.com.caltex.carrierdrivers::sap.suite.ui.generic.template.ObjectPage.view.Details::Drivers--DetailsFacet::Password::GroupElement","type":"sap.ui.comp.smartform.GroupElement","idIsLocal":false},"layer":"CUSTOMER_BASE","texts":{},"namespace":"apps/au.com.caltex.carrierdrivers/changes/","projectId":"au.com.caltex.carrierdrivers","creation":"2020-02-07T03:46:37.233Z","originalLanguage":"EN","conditions":{},"context":"","support":{"generator":"Change.createInitialFileContent","service":"","user":"","sapui5Version":"1.73.2","sourceChangeFileName":"","compositeCommand":""},"oDataInformation":{},"dependentSelector":{},"validAppVersions":{"creation":"1.0.0","from":"1.0.0","to":"1.0.0"},"jsOnly":false,"variantReference":"","appDescriptorChange":false},{"fileName":"id_1582070311917_79_propertyChange","fileType":"change","changeType":"propertyChange","moduleName":"","reference":"au.com.caltex.carrierdrivers.Component","packageName":"$TMP","content":{"property":"visible","newValue":true},"selector":{"id":"au.com.caltex.carrierdrivers::sap.suite.ui.generic.template.ListReport.view.ListReport::Drivers--template:::ListReportPage:::DynamicPageHeader","type":"sap.f.DynamicPageHeader","idIsLocal":false},"layer":"CUSTOMER_BASE","texts":{},"namespace":"apps/au.com.caltex.carrierdrivers/changes/","projectId":"au.com.caltex.carrierdrivers","creation":"2020-02-18T23:58:43.541Z","originalLanguage":"EN","conditions":{},"context":"","support":{"generator":"Change.createInitialFileContent","service":"","user":"","sapui5Version":"1.73.2","sourceChangeFileName":"","compositeCommand":""},"oDataInformation":{},"dependentSelector":{},"validAppVersions":{"creation":"1.0.0","from":"1.0.0","to":"1.0.0"},"jsOnly":false,"variantReference":"","appDescriptorChange":false},{"fileName":"id_1582080106603_75_propertyChange","fileType":"change","changeType":"propertyChange","moduleName":"","reference":"au.com.caltex.carrierdrivers.Component","packageName":"$TMP","content":{"property":"headerExpanded","newValue":true},"selector":{"id":"au.com.caltex.carrierdrivers::sap.suite.ui.generic.template.ListReport.view.ListReport::Drivers--page","type":"sap.f.DynamicPage","idIsLocal":false},"layer":"CUSTOMER_BASE","texts":{},"namespace":"apps/au.com.caltex.carrierdrivers/changes/","projectId":"au.com.caltex.carrierdrivers","creation":"2020-02-19T02:41:52.872Z","originalLanguage":"EN","conditions":{},"context":"","support":{"generator":"Change.createInitialFileContent","service":"","user":"","sapui5Version":"1.73.2","sourceChangeFileName":"","compositeCommand":""},"oDataInformation":{},"dependentSelector":{},"validAppVersions":{"creation":"1.0.0","from":"1.0.0","to":"1.0.0"},"jsOnly":false,"variantReference":"","appDescriptorChange":false},{"fileName":"id_1582091481584_119_propertyChange","fileType":"change","changeType":"propertyBindingChange","moduleName":"","reference":"au.com.caltex.carrierdrivers.Component","packageName":"$TMP","content":{"property":"enabled","newBinding":"{CreationComplete}"},"selector":{"id":"au.com.caltex.carrierdrivers::sap.suite.ui.generic.template.ObjectPage.view.Details::Drivers--edit","type":"sap.uxap.ObjectPageHeaderActionButton","idIsLocal":false},"layer":"CUSTOMER_BASE","texts":{},"namespace":"apps/au.com.caltex.carrierdrivers/changes/","projectId":"au.com.caltex.carrierdrivers","creation":"2020-02-19T05:51:51.376Z","originalLanguage":"EN","conditions":{},"context":"","support":{"generator":"Change.createInitialFileContent","service":"","user":"","sapui5Version":"1.73.2","sourceChangeFileName":"","compositeCommand":""},"oDataInformation":{},"dependentSelector":{},"validAppVersions":{"creation":"1.0.0","from":"1.0.0","to":"1.0.0"},"jsOnly":false,"variantReference":"","appDescriptorChange":false},{"fileName":"id_1582094033590_123_propertyChange","fileType":"change","changeType":"propertyBindingChange","moduleName":"","reference":"au.com.caltex.carrierdrivers.Component","packageName":"$TMP","content":{"property":"visible","newBinding":"{= !(${ui>/createMode} || ${ui>/editable})}"},"selector":{"id":"au.com.caltex.carrierdrivers::sap.suite.ui.generic.template.ObjectPage.view.Details::Drivers--DefaultTerminalsFacet::Section","type":"sap.uxap.ObjectPageSection","idIsLocal":false},"layer":"CUSTOMER_BASE","texts":{},"namespace":"apps/au.com.caltex.carrierdrivers/changes/","projectId":"au.com.caltex.carrierdrivers","creation":"2020-02-19T06:33:56.954Z","originalLanguage":"EN","conditions":{},"context":"","support":{"generator":"Change.createInitialFileContent","service":"","user":"","sapui5Version":"1.73.2","sourceChangeFileName":"","compositeCommand":""},"oDataInformation":{},"dependentSelector":{},"validAppVersions":{"creation":"1.0.0","from":"1.0.0","to":"1.0.0"},"jsOnly":false,"variantReference":"","appDescriptorChange":false},{"fileName":"id_1582145811137_76_propertyChange","fileType":"change","changeType":"propertyChange","moduleName":"","reference":"au.com.caltex.carrierdrivers.Component","packageName":"$TMP","content":{"property":"useExportToExcel","newValue":false},"selector":{"id":"au.com.caltex.carrierdrivers::sap.suite.ui.generic.template.ListReport.view.ListReport::Drivers--listReport","type":"sap.ui.comp.smarttable.SmartTable","idIsLocal":false},"layer":"CUSTOMER_BASE","texts":{},"namespace":"apps/au.com.caltex.carrierdrivers/changes/","projectId":"au.com.caltex.carrierdrivers","creation":"2020-02-19T20:57:37.884Z","originalLanguage":"EN","conditions":{},"context":"","support":{"generator":"Change.createInitialFileContent","service":"","user":"","sapui5Version":"1.73.2","sourceChangeFileName":"","compositeCommand":""},"oDataInformation":{},"dependentSelector":{},"validAppVersions":{"creation":"1.0.0","from":"1.0.0","to":"1.0.0"},"jsOnly":false,"variantReference":"","appDescriptorChange":false},{"fileName":"id_1586125121574_128_propertyChange","fileType":"change","changeType":"propertyBindingChange","moduleName":"","reference":"au.com.caltex.carrierdrivers.Component","packageName":"$TMP","content":{"property":"enabled","newBinding":"{ui>/inputOk}"},"selector":{"id":"au.com.caltex.carrierdrivers::sap.suite.ui.generic.template.ObjectPage.view.Details::Drivers--save","type":"sap.m.Button","idIsLocal":false},"layer":"CUSTOMER_BASE","texts":{},"namespace":"apps/au.com.caltex.carrierdrivers/changes/","projectId":"au.com.caltex.carrierdrivers","creation":"2020-04-05T22:18:46.426Z","originalLanguage":"EN","conditions":{},"context":"","support":{"generator":"Change.createInitialFileContent","service":"","user":"","sapui5Version":"1.75.0","sourceChangeFileName":"","compositeCommand":""},"oDataInformation":{},"dependentSelector":{},"validAppVersions":{"creation":"1.0.0","from":"1.0.0","to":"1.0.0"},"jsOnly":false,"variantReference":"","appDescriptorChange":false}]