{
  "webapp/view/View1.view.xml": "1461663677000",
  "webapp/controller/View1.controller.js": "1464761425000",
  "webapp/i18n/i18n.properties": "1461663623000",
  "webapp/i18n/i18n_de.properties": "1460974459000",
  "webapp/i18n/i18n_en.properties": "1460974747000",
  "webapp/i18n/i18n_sp.properties": "1460974358000",
  "webapp/model/models.js": "1460965077000",
  "webapp/Component.js": "1460965077000",
  "webapp/css/style.css": "1460965077000",
  "webapp/manifest.json": "1460965077000",
  "webapp/index.html": "1460965077000"
}