{
  "run": [
    {
      "filePath": "/ZGST_CUST/index.html",
      "previewMode": 0,
      "dataMode": 1,
      "workspace": "withoutWorkspace",
      "ui5ActiveVersion": null,
      "ui5VerSource": null,
      "isDefaultVersion": 0,
      "urlParameters": [],
      "_metadata": {
        "runnerId": "webapprunner",
        "id": 7848734,
        "displayName": "New Web Application 16",
        "lastRunTimeStamp": 1511964087155
      }
    },
    {
      "filePath": "/GST/Component.js",
      "previewMode": 0,
      "dataMode": 1,
      "workspace": "withoutWorkspace",
      "ui5ActiveVersion": null,
      "ui5VerSource": null,
      "isDefaultVersion": 0,
      "urlParameters": [],
      "_metadata": {
        "runnerId": "fiorirunner",
        "id": 4709091,
        "displayName": "New SAP Fiori Component on Sandbox"
      }
    },
    {
      "filePath": "/ZGST/index.html",
      "previewMode": 0,
      "dataMode": 1,
      "workspace": "withoutWorkspace",
      "ui5ActiveVersion": null,
      "ui5VerSource": null,
      "isDefaultVersion": 0,
      "urlParameters": [],
      "_metadata": {
        "runnerId": "webapprunner",
        "id": 1592045,
        "displayName": "New Web Application 26"
      }
    },
    {
      "filePath": "/GST/index.html",
      "previewMode": 0,
      "dataMode": 1,
      "workspace": "withoutWorkspace",
      "ui5ActiveVersion": null,
      "ui5VerSource": null,
      "isDefaultVersion": 0,
      "urlParameters": [],
      "_metadata": {
        "runnerId": "webapprunner",
        "id": 9525775,
        "displayName": "New Web Application 22"
      }
    },
    {
      "filePath": "/webapp/index.html",
      "previewMode": 1,
      "dataMode": 1,
      "workspace": "withoutWorkspace",
      "ui5ActiveVersion": null,
      "ui5VerSource": null,
      "isDefaultVersion": 0,
      "urlParameters": [],
      "hashParameter": "",
      "backendSystem": [],
      "urlParametersNotNeeded": false,
      "_metadata": {
        "runnerId": "webapprunner",
        "id": 2146324,
        "displayName": "Run index.html",
        "lastRunTimeStamp": 1491803304515
      }
    }
  ]
}