{
  "Blocks/Customer/CustomerBlock.js": "1496916248594",
  "Blocks/Customer/CustomerBlock.view.xml": "1496916248596",
  "Blocks/Customer/CustomerBlockController.controller.js": "1496916283096",
  "Component.js": "1496916248611",
  "controller/App.controller.js": "1496916248614",
  "controller/gst.controller.js": "1496916344037",
  "controller/Home.controller.js": "1496916248620",
  "css/style.css": "1496916248623",
  "fragments/BillAddressesDetails.fragment.xml": "1496916248628",
  "fragments/UploadDocs.fragment.xml": "1496916248631",
  "fragments/VendorDocs.fragment.xml": "1496916248657",
  "i18n/i18n.properties": "1496916248661",
  "images/dr-reddys-logo-2015.png": "1496916248666",
  "index.html": "1496916248669",
  "manifest.json": "1496916248671",
  "model/models.js": "1496916248676",
  "utils/Formatter.js": "1496916248684",
  "view/App.view.xml": "1496916248700",
  "view/gst.view.xml": "1496916248704",
  "view/Home.view.xml": "1496916248707"
}