{
  "webapp/Component.js": "1522749223889",
  "webapp/controller/App.controller.js": "1522756799355",
  "webapp/controller/Chart.controller.js": "1523249715035",
  "webapp/controller/Login.controller.js": "1523249704143",
  "webapp/controller/View1.controller.js": "1523167099520",
  "webapp/css/style.css": "1515128090996",
  "webapp/i18n/i18n.properties": "1513676901503",
  "webapp/images/dr-reddys-logo-2015.png": "1491808959069",
  "webapp/index.html": "1522749216385",
  "webapp/manifest.json": "1522749244177",
  "webapp/model/models.js": "1513676901508",
  "webapp/utils/CustomFormatter.js": "1515141700017",
  "webapp/utils/Formatter.js": "1522837581876",
  "webapp/view/App.view.xml": "1522749185589",
  "webapp/view/Chart.view.xml": "1522837820154",
  "webapp/view/Login.view.xml": "1522749193016",
  "webapp/view/View1.view.xml": "1522749209723"
}