<!--

    Copyright (C) 2009-2014 SAP SE or an SAP affiliate company. All rights reserved

-->
<core:FragmentDefinition xmlns="sap.m" xmlns:core="sap.ui.core">
	<ObjectListItem title="{detail>/TaskTitle}">
		<attributes>
			<ObjectAttribute text="{detail>/CreatedByName}" />
			<ObjectAttribute text="{path:'detail>/IsEscalated', formatter: 'cross.fnd.fiori.inbox.Conversions.formatterEscalationState'}" />
		</attributes>
		<firstStatus>
			<ObjectStatus text="{parts: ['detail>/SAP__Origin', 'detail>/Priority'], formatter: 'cross.fnd.fiori.inbox.Conversions.formatterPriority'}" />
		</firstStatus>
		<secondStatus>
			<ObjectStatus text="{path: 'detail>/CompletionDeadLine', type: 'sap.ui.model.type.Date'}" />
		</secondStatus>
	</ObjectListItem>
</core:FragmentDefinition>