<core:FragmentDefinition xmlns:core="sap.ui.core" xmlns:f="sap.ui.layout.form" xmlns:l="sap.ui.layout" xmlns:u="sap.ui.unified" xmlns="sap.m">
	<Dialog contentWidth="70%" id="idDialogFilterDetails" title="Filter" class="sapUiSizeCompact" contentHeight="100%">
		<content>
		<!--	<Panel class="sapUiSizeCompact" expandable="true" expanded="true" headerText="Include" width="auto">
				<content>-->
				<l:Grid defaultSpan="L4 M6 S6" class="">
		<l:content>
            <!-- Employee ID -->
			<Input value="Employee ID" enabled="false">
			    	<layoutData>
					<l:GridData span="L3 M3 S12"/>
				</layoutData>
			</Input>
			<Select width="100%" id="empId" change="onSelection">
					<core:Item key="select" text="Select" />
					<core:Item key="contains" text="contains" />
					<core:Item key="EQ" text="equal to" />
					<core:Item key="BT" text="between" />
					<core:Item key="SW" text="starts with" />
					<core:Item key="EW" text="ends with" />
					<core:Item key="LT" text="less than" />
					<core:Item key="LE" text="less than or equal to" />
					<core:Item key="GT" text="greater than" />
					<core:Item key="GE" text="greater than or equal to" />
					<core:Item key="NE" text="not equal to" />
						<layoutData>
					<l:GridData span="L3 M3 S12" />
				</layoutData>
				</Select>
				
				<HBox>
        			<Input value = "" id="idEmpValue" placeholder="Enter value" width="25rem"></Input>
        			<Input value = "" id="idEmpFromValue" placeholder="From" visible="false" ></Input>
        			<Label text="" width="1.5rem"></Label>
        			<Input value = "" id="idEmpToValue" placeholder="To" visible="false" ></Input>
            	<layoutData>
					<l:GridData span="L6 M6 S12" />
				</layoutData>
            </HBox>
            
             <!-- Employee Group -->
			<Input value="Employee Group" enabled="false">
			    	<layoutData>
					<l:GridData span="L3 M3 S12" linebreakL="true" linebreakM="true" linebreakS="true" />
				</layoutData>
			</Input>
			<Select width="100%" id="idEmpGrp" change="onSelection">
					<core:Item key="select" text="Select" />
					<core:Item key="contains" text="contains" />
					<core:Item key="EQ" text="equal to" />
					<layoutData>
					<l:GridData span="L3 M3 S12" />
				</layoutData>
				</Select>
			<Input value = "" id="idEmpGrpVal" placeholder="Enter value" width="25rem">
			    	<layoutData>
					<l:GridData span="L6 M6 S12" />
				</layoutData>
			</Input>
                
            <!-- Employee SubGroup -->
			<Input value="Employee Subgroup" enabled="false">
			    	<layoutData>
					<l:GridData span="L3 M3 S12" linebreakL="true" linebreakM="true" linebreakS="true" />
				</layoutData>
			</Input>
			<Select width="100%" id="idEmpSubgrp" change="onSelection">
					<core:Item key="select" text="Select" />
					<core:Item key="contains" text="contains" />
					<core:Item key="EQ" text="equal to" />
					<layoutData>
					<l:GridData span="L3 M3 S12" />
				</layoutData>
				</Select>
			<Input value = "" id="idEmpSubgrpVal" placeholder="Enter value" width="25rem">
			    	<layoutData>
					<l:GridData span="L6 M6 S12" />
				</layoutData>
			</Input>
			
			
            <!-- Personnel Area -->
			<Input value="Personnel Area" enabled="false">
			    	<layoutData>
					<l:GridData span="L3 M3 S12" linebreakL="true" linebreakM="true" linebreakS="true" />
				</layoutData>
			</Input>
			<Select width="100%" id="idPersArea" change="onSelection">
					<core:Item key="select" text="Select" />
					<core:Item key="contains" text="contains" />
					<core:Item key="EQ" text="equal to" />
					<layoutData>
					<l:GridData span="L3 M3 S12" />
				</layoutData>
				</Select>
			<Input value = "" id="idPersAreaVal" placeholder="Enter value" width="25rem">
			    	<layoutData>
					<l:GridData span="L6 M6 S12" />
				</layoutData>
			</Input>
			
			<!-- Personnel Subarea -->
			<Input value="Personnel Subarea" enabled="false">
			    	<layoutData>
					<l:GridData span="L3 M3 S12" linebreakL="true" linebreakM="true" linebreakS="true" />
				</layoutData>
			</Input>
			<Select width="100%" id="idPersSubarea" change="onSelection">
					<core:Item key="select" text="Select" />
					<core:Item key="contains" text="contains" />
					<core:Item key="EQ" text="equal to" />
					<layoutData>
					<l:GridData span="L3 M3 S12" />
				</layoutData>
				</Select>
			<Input value = "" id="idPerSubareaVal" placeholder="Enter value" width="25rem">
			    	<layoutData>
					<l:GridData span="L6 M6 S12" />
				</layoutData>
			</Input>
			
			<!-- Creation Date -->
			<Input value="Creation Date" enabled="false">
			    	<layoutData>
					<l:GridData span="L3 M3 S12" linebreakL="true" linebreakM="true" linebreakS="true" />
				</layoutData>
			</Input>
			<Select width="100%" id="idCreationDate" change="onSelection">
					<core:Item key="select" text="Select" />
					<core:Item key="EQ" text="equal to" />
					<core:Item key="BT" text="between" />
					<core:Item key="LT" text="before" />
					<core:Item key="LE" text="before or on" />
					<core:Item key="GT" text="after" />
					<core:Item key="GE" text="after or on" />
					<layoutData>
					<l:GridData span="L3 M3 S12" />
				</layoutData>
				</Select>
		<HBox>
			<DatePicker
			id="DP1" width="25rem" valueFormat="yyyy-MM-dd" displayFormat="long"
			placeholder="Enter Date ..."
			change="handleChange"
			class="sapUiSizeCompact">
			</DatePicker>
			
			<DatePicker
			id="DP2" visible="false"  width="12rem" valueFormat="yyyy-MM-dd" displayFormat="long"
			placeholder="Enter Date ..."
			change="handleChange"
			class="sapUiSizeCompact">
			</DatePicker>
				<Label text="" width="1rem"></Label>
			<DatePicker valueFormat="yyyy-MM-dd" displayFormat="long"
			id="DP3" visible="false"  width="12rem"
			placeholder="Enter Date ..."
			change="handleChange"
			class="sapUiSizeCompact">
			</DatePicker>
				<layoutData>
					<l:GridData span="L6 M6 S12" />
				</layoutData>
			</HBox>
				<!-- Creation Time 
			<Input value="Creation Time" enabled="false">
			    	<layoutData>
					<l:GridData span="L3 M3 S12" linebreakL="true" linebreakM="true" linebreakS="true" />
				</layoutData>
			</Input>
			<Select width="100%" id="idCreationTime" change="onSelection">
					<core:Item key="select" text="Select" />
					<core:Item key="EQ" text="equal to" />
					<core:Item key="BT" text="between" />
					<core:Item key="LT" text="before" />
					<core:Item key="LE" text="before or on" />
					<core:Item key="GT" text="after" />
					<core:Item key="GE" text="after or on" />
					<layoutData>
					<l:GridData span="L3 M3 S12" />
				</layoutData>
				</Select>
			<HBox>
				<TimePicker
				id="TP1" width="25rem"
				valueFormat="HH:mm:ss"
				displayFormat="HH:mm:ss"
				change="handleTimeChange"
				placeholder="Enter time">
			</TimePicker>
			<TimePicker visible="false"
				id="TP2" width="12rem"
				valueFormat="HH:mm:ss"
				displayFormat="HH:mm:ss"
				change="handleTimeChange"
				placeholder="From">
			</TimePicker>
				<Label text="" width="1rem"></Label>
			<TimePicker visible="false"
				id="TP3" width="12rem"
				valueFormat="HH:mm:ss"
				displayFormat="HH:mm:ss"
				change="handleTimeChange"
				placeholder="To">
			</TimePicker>
			<layoutData>
					<l:GridData span="L6 M6 S12" />
				</layoutData>
			</HBox> -->
				<!-- Infotype -->
			<Input value="Infotype" enabled="false">
			    	<layoutData>
					<l:GridData span="L3 M3 S12" linebreakL="true" linebreakM="true" linebreakS="true" />
				</layoutData>
			</Input>
			<Select width="100%" id="idInfotype" change="onSelection">
					<core:Item key="select" text="Select" />
					<core:Item key="EQ" text="equal to" />
					<core:Item key="BT" text="between" />
					<core:Item key="LT" text="before" />
					<core:Item key="LE" text="before or on" />
					<core:Item key="GT" text="after" />
					<core:Item key="GE" text="after or on" />
					<layoutData>
					<l:GridData span="L3 M3 S12" />
				</layoutData>
				</Select>
			<HBox>
			<Input value = "" id="infoVal" placeholder="Enter value" width="25rem">
			</Input>
				<Input value = "" id="infoFromVal" placeholder="From" visible="false">
			</Input>
				<Label text="" width="1.5rem"></Label>
				<Input value = "" id="infoToVal" placeholder="To" visible="false">
			</Input>
			<layoutData>
					<l:GridData span="L6 M6 S12" />
				</layoutData>
			</HBox>
				<!-- HRFAC ID -->
			<Input value="HRFAC ID" enabled="false">
			    	<layoutData>
					<l:GridData span="L3 M3 S12" linebreakL="true" linebreakM="true" linebreakS="true" />
				</layoutData>
			</Input>
			<Select width="100%" id="idHRFACID" change="onSelection">
					<core:Item key="select" text="Select" />
					<core:Item key="contains" text="contains" />
					<core:Item key="EQ" text="equal to" />
					<core:Item key="BT" text="between" />
					<core:Item key="SW" text="starts with" />
					<core:Item key="EW" text="ends with" />
					<core:Item key="LT" text="less than" />
					<core:Item key="LE" text="less than or equal to" />
					<core:Item key="GT" text="greater than" />
					<core:Item key="GE" text="greater than or equal to" />
					<core:Item key="NE" text="not equal to" />
					<layoutData>
					<l:GridData span="L3 M3 S12" />
				</layoutData>
				</Select>
				<HBox>
			<Input value = "" id="idHRFACVal" placeholder="Enter value" width="25rem">
			</Input>
			<Input value = "" id="idHRFACVal1" placeholder="From" visible="false">
			</Input>
				<Label text="" width="1.5rem"></Label>
			<Input value = "" id="idHRFACVal2" placeholder="To" visible="false">
			</Input>
				<layoutData>
					<l:GridData span="L6 M6 S12" />
				</layoutData>
		</HBox>
		</l:content>
	</l:Grid>
				       
		<!--		</content>
			</Panel>-->
		</content>
		<buttons>
			<Button id="idOK" press="onFilterApply" text="Apply" type="Emphasized"></Button>
			<Button press="onCloseFilterDialog" text="Cancel" type="Emphasized"></Button>
			<Button press="onRestoreFilter" text="Restore" type="Emphasized"></Button>
		</buttons>
	</Dialog>
</core:FragmentDefinition>