{
  "run": [
    {
      "filePath": "/ZHSN_REQ/index.html",
      "previewMode": 0,
      "dataMode": 1,
      "workspace": "withoutWorkspace",
      "ui5ActiveVersion": null,
      "ui5VerSource": null,
      "isDefaultVersion": 0,
      "urlParameters": [],
      "_metadata": {
        "runnerId": "webapprunner",
        "id": 7552055,
        "displayName": "New Web Application 2"
      }
    },
    {
      "filePath": "/MDM/index.html",
      "previewMode": 0,
      "dataMode": 1,
      "workspace": "withoutWorkspace",
      "ui5ActiveVersion": null,
      "ui5VerSource": null,
      "isDefaultVersion": 0,
      "urlParameters": [],
      "_metadata": {
        "runnerId": "webapprunner",
        "id": 8723049,
        "displayName": "New Web Application 17"
      }
    }
  ]
}