<core:FragmentDefinition xmlns:commons="sap.ui.commons" xmlns:core="sap.ui.core" xmlns:form="sap.ui.layout.form" xmlns:l="sap.ui.layout"
	xmlns:sfi="sap.ui.comp.smartfield" xmlns:sfo="sap.ui.comp.smartform" xmlns:table="sap.ui.table"
	xmlns:template="http://schemas.sap.com/sapui5/extension/sap.ui.core.template/1" xmlns:uxap="sap.uxap" xmlns="sap.m">
	<l:VerticalLayout>
		<form:SimpleForm editable="true" layout="ResponsiveGridLayout" labelSpanXL="12" labelSpanL="12" labelSpanM="12" labelSpanS="12"
			emptySpanXL="8" emptySpanL="8" emptySpanM="6" columnsM="1" columnsL="1" columnsXL="1">
			<form:content>
				<Label id="initial2PasswordLabel" text="{i18n>INITIAL_PASSWORD}" required="true"/>
				<Input id="initial2PasswordText" value="{Password}" valueLiveUpdate="true" liveChange="onInitialPasswordChange"/>
			</form:content>
		</form:SimpleForm>
		<ObjectStatus id="initial2PasswordErrorText" text="" state="Error"/>
		<Text text="The password must:"/>
		<CheckBox id="initial2PasswordCheckLength" editable="false" text="be at least {PasswordPolicy>/minimumPasswordLength} characters long"/>
		<Text text="and include at least {PasswordPolicy>/requiredCharacterGroupsCountText} of the following"/>
		<CheckBox id="initial2PasswordCheckUpper" editable="false" text="uppercase letters"/>
		<CheckBox id="initial2PasswordCheckLower" editable="false" text="lowercase letters"/>
		<CheckBox id="initial2PasswordCheckNumber" editable="false" text="numbers"/>
		<CheckBox id="initial2PasswordCheckSymbol" editable="false" text="symbols"/>
	</l:VerticalLayout>
</core:FragmentDefinition>