<core:FragmentDefinition xmlns:sfo="sap.ui.comp.smartform" xmlns:core="sap.ui.core" xmlns="sap.m" xmlns:sfi="sap.ui.comp.smartfield">
	<sfo:GroupElement>
		<VBox visible="{ui>/createMode}">
			<Label id="initialPasswordLabel" text="{i18n>INITIAL_PASSWORD}" required="true"/>
			<Input id="initialPasswordText" value="{Password}" valueLiveUpdate="true" liveChange="onInitialPasswordChange"/>
			<ObjectStatus id="initialPasswordErrorText" text="" state="Error"/>
			<Text text="{i18n>PASSWORD_MUST}"/>
			<CheckBox id="initialPasswordCheckLength" editable="false" core:require="{ formatMessage: 'sap/base/strings/formatMessage' }" text="{parts: ['i18n>MINIMUM_LENGTH', 'PasswordPolicy>/minimumPasswordLength'], formatter: 'formatMessage'}"/>
			<Text core:require="{ formatMessage: 'sap/base/strings/formatMessage' }" text="{parts: ['i18n>MINIMUM_GROUPS', 'PasswordPolicy>/requiredCharacterGroupsCountText'], formatter: 'formatMessage'}"/>
			<CheckBox id="initialPasswordCheckUpper" editable="false" text="{i18n>UPPERCASE_LETTERS}"/>
			<CheckBox id="initialPasswordCheckLower" editable="false" text="{i18n>LOWERCASE_LETTERS}"/>
			<CheckBox id="initialPasswordCheckNumber" editable="false" text="{i18n>NUMBERS}"/>
			<CheckBox id="initialPasswordCheckSymbol" editable="false" text="{i18n>SYMBOLS}"/>
		</VBox>
	</sfo:GroupElement>
</core:FragmentDefinition>