{
  "run": [
    {
      "filePath": "/ZSRM_SC_MON/index.html",
      "previewMode": 0,
      "dataMode": 1,
      "workspace": "withoutWorkspace",
      "ui5ActiveVersion": null,
      "ui5VerSource": null,
      "isDefaultVersion": 0,
      "urlParameters": [],
      "_metadata": {
        "runnerId": "webapprunner",
        "id": 8983778,
        "displayName": "New Web Application 20"
      }
    },
    {
      "filePath": "/ZSRM_SC_MON/localIndex.html",
      "previewMode": 0,
      "dataMode": 1,
      "workspace": "withoutWorkspace",
      "ui5ActiveVersion": null,
      "ui5VerSource": null,
      "isDefaultVersion": 0,
      "urlParameters": [],
      "_metadata": {
        "runnerId": "webapprunner",
        "id": 880072,
        "displayName": "New Web Application 19"
      }
    }
  ]
}