{
  "Component.js": "1491390712703",
  "fragments/ViewSettingsFilterDialog.fragment.xml": "1491463034979",
  "i18n/i18n.properties": "1491461850938",
  "i18n/i18n_en.properties": "1491461857058",
  "i18n/i18n_en_US_sappsd.properties": "1489142921824",
  "i18n/i18n_en_US_saptrc.properties": "1489142921840",
  "index.html": "1490700735237",
  "localIndex.html": "1489672844464",
  "model/metadata.xml": "1489672844488",
  "model/Product.json": "1489672844466",
  "model/PurchaseOrder.json": "1489672844468",
  "model/PurchaseOrderItem.json": "1489672844483",
  "model/Supplier.json": "1489672844486",
  "util/Formatter.js": "1491221261894",
  "util/HelperExt.js": "1491483460424",
  "util/StatusHelperExt.js": "1491464171714",
  "view/ItemDetailCustom.controller.js": "1493122253484",
  "view/ItemDetailCustom.view.xml": "1493123156016",
  "view/S2Custom.controller.js": "1491483327860",
  "view/S2Custom.view.xml": "1491376731577",
  "view/S3Custom.controller.js": "1493121959042",
  "view/S3Custom.view.xml": "1493121947937",
  "visual_ext_index.html": "1489672946284"
}