{
  "run": [
    {
      "filePath": "/MasterDetailEmployees/webapp/test/flpSandbox.html",
      "previewMode": 1,
      "dataMode": 1,
      "workspace": "withoutWorkspace",
      "urlParameters": [
        {
          "paramName": "",
          "paramValue": "",
          "paramActive": false
        },
        {
          "paramName": "",
          "paramValue": "",
          "paramActive": false
        }
      ],
      "hashParameter": "Employees-display",
      "ui5ActiveVersion": null,
      "ui5VerSource": null,
      "isDefaultVersion": 1,
      "_metadata": {
        "id": 1978925,
        "runnerId": "webapprunner",
        "displayName": "App in FLP Sandbox",
        "lastRunTimeStamp": 1516698899032
      }
    },
    {
      "filePath": "/MasterDetailEmployees/webapp/test/flpSandboxMockServer.html",
      "previewMode": 1,
      "dataMode": 1,
      "workspace": "withoutWorkspace",
      "urlParameters": [
        {
          "paramName": "",
          "paramValue": "",
          "paramActive": false
        },
        {
          "paramName": "",
          "paramValue": "",
          "paramActive": false
        }
      ],
      "hashParameter": "Employees-display",
      "ui5ActiveVersion": null,
      "ui5VerSource": null,
      "isDefaultVersion": 1,
      "_metadata": {
        "id": 1978926,
        "runnerId": "webapprunner",
        "displayName": "App in FLP Sandbox (Mock Server)"
      }
    },
    {
      "filePath": "/MasterDetailEmployees/webapp/test/unit/unitTests.qunit.html",
      "previewMode": 1,
      "dataMode": 1,
      "workspace": "withoutWorkspace",
      "ui5ActiveVersion": null,
      "ui5VerSource": null,
      "isDefaultVersion": 1,
      "urlParameters": [
        {
          "paramName": "",
          "paramValue": "",
          "paramActive": false
        },
        {
          "paramName": "",
          "paramValue": "",
          "paramActive": false
        }
      ],
      "_metadata": {
        "id": 8735167,
        "runnerId": "webapprunner",
        "displayName": "Unit Tests"
      }
    },
    {
      "filePath": "/MasterDetailEmployees/webapp/test/integration/opaTests.qunit.html",
      "previewMode": 1,
      "dataMode": 1,
      "workspace": "withoutWorkspace",
      "ui5ActiveVersion": null,
      "ui5VerSource": null,
      "isDefaultVersion": 1,
      "urlParameters": [
        {
          "paramName": "",
          "paramValue": "",
          "paramActive": false
        },
        {
          "paramName": "",
          "paramValue": "",
          "paramActive": false
        }
      ],
      "hashParameter": "",
      "_metadata": {
        "id": 3635224,
        "runnerId": "webapprunner",
        "displayName": "OPA Tests"
      }
    },
    {
      "filePath": "/MasterDetailEmployees/webapp/test/testsuite.qunit.html",
      "previewMode": 1,
      "dataMode": 1,
      "workspace": "withoutWorkspace",
      "ui5ActiveVersion": null,
      "ui5VerSource": null,
      "isDefaultVersion": 1,
      "urlParameters": [
        {
          "paramName": "",
          "paramValue": "",
          "paramActive": false
        },
        {
          "paramName": "",
          "paramValue": "",
          "paramActive": false
        }
      ],
      "hashParameter": "",
      "_metadata": {
        "id": 7524840,
        "runnerId": "webapprunner",
        "displayName": "Test Suite (Unit, OPA)"
      }
    },
    {
      "filePath": "/MasterDetailEmployees/webapp/Component.js",
      "previewMode": 1,
      "dataMode": 1,
      "workspace": "withoutWorkspace",
      "ui5ActiveVersion": null,
      "ui5VerSource": null,
      "isDefaultVersion": 1,
      "urlParameters": [
        {
          "paramName": "",
          "paramValue": "",
          "paramActive": false
        },
        {
          "paramName": "",
          "paramValue": "",
          "paramActive": false
        }
      ],
      "hashParameter": "",
      "_metadata": {
        "id": 5239014,
        "runnerId": "fiorirunner",
        "displayName": "App as Fiori Component"
      }
    }
  ]
}