<edmx:Edmx xmlns:edmx="http://docs.oasis-open.org/odata/ns/edmx" Version="4.0">
	<edmx:Reference Uri="/sap/opu/odata/sap/ZOIG_CARRIER_DRIVER_SRV/$metadata">
		<edmx:Include Alias="Metadata" Namespace="ZOIG_CARRIER_DRIVER_SRV"/>
	</edmx:Reference>
	<edmx:Reference Uri="https://wiki.scn.sap.com/wiki/download/attachments/448470968/UI.xml?api=v2">
		<edmx:Include Alias="UI" Namespace="com.sap.vocabularies.UI.v1"/>
	</edmx:Reference>
	<edmx:Reference Uri="https://wiki.scn.sap.com/wiki/download/attachments/448470974/Common.xml?api=v2">
		<edmx:Include Alias="Common" Namespace="com.sap.vocabularies.Common.v1"/>
	</edmx:Reference>
	<edmx:Reference Uri="https://wiki.scn.sap.com/wiki/download/attachments/448470971/Communication.xml?api=v2">
		<edmx:Include Alias="Communication" Namespace="com.sap.vocabularies.Communication.v1"/>
	</edmx:Reference>
	<edmx:Reference Uri="https://oasis-tcs.github.io/odata-vocabularies/vocabularies/Org.OData.Validation.V1.xml">
		<edmx:Include Alias="Validation" Namespace="Org.OData.Validation.V1"/>
	</edmx:Reference>
	<edmx:DataServices>
		<Schema xmlns="http://docs.oasis-open.org/odata/ns/edm" Namespace="carrierdrivers.annotation0.ZOIG_CARRIER_DRIVER_SRV">
			<Annotations Target="Metadata.Driver">
				<Annotation Term="UI.FilterFacets" Qualifier="Drivers">
					<Collection>
						<Record Type="UI.ReferenceFacet">
							<PropertyValue Property="Target" AnnotationPath="@UI.LineItem#Drivers"/>
						</Record>
					</Collection>
				</Annotation>
				<Annotation Term="UI.SelectionFields">
					<Collection>
						<PropertyPath>FirstName</PropertyPath>
						<PropertyPath>LastName</PropertyPath>
						<PropertyPath>LicenceNo</PropertyPath>
						<PropertyPath>Locked</PropertyPath>
					</Collection>
				</Annotation>
				<Annotation Term="UI.FieldGroup" Qualifier="Driver">
					<Record Type="UI.FieldGroupType">
						<PropertyValue Property="Data">
							<Collection>
								<Record Type="UI.DataField">
									<PropertyValue Property="Value" Path="FirstName"/>
									<PropertyValue Property="Label" String="{@i18n&gt;FIRST_NAME}"/>
									<Annotation Term="UI.Importance" EnumMember="UI.ImportanceType/High"/>
								</Record>
								<Record Type="UI.DataField">
									<PropertyValue Property="Value" Path="LastName"/>
									<PropertyValue Property="Label" String="{@i18n&gt;LAST_NAME}"/>
									<Annotation Term="UI.Importance" EnumMember="UI.ImportanceType/High"/>
								</Record>
								<Record Type="UI.DataField">
									<PropertyValue Property="Value" Path="LicenceNo"/>
									<PropertyValue Property="Label" String="{@i18n&gt;LICENCE_NO}"/>
									<Annotation Term="UI.Importance" EnumMember="UI.ImportanceType/High"/>
								</Record>
								<Record Type="UI.DataField">
									<PropertyValue Property="Value" Path="Locked"/>
									<PropertyValue Property="Label" String="{@i18n&gt;LOCKED}"/>
									<Annotation Term="UI.Importance" EnumMember="UI.ImportanceType/Low"/>
								</Record>
							</Collection>
						</PropertyValue>
					</Record>
				</Annotation>
				<Annotation Term="UI.Facets">
					<Collection>
						<Record Type="UI.ReferenceFacet">
							<PropertyValue Property="Target" AnnotationPath="@UI.FieldGroup#Driver"/>
							<PropertyValue Property="Label" String="{@i18n&gt;DETAILS}"/>
							<PropertyValue Property="ID" String="DetailsFacet"/>
						</Record>
						<Record Type="UI.ReferenceFacet">
							<PropertyValue Property="Target" AnnotationPath="ShippingPointPreferences/@UI.LineItem#Terminals"/>
							<PropertyValue Property="Label" String="{@i18n&gt;DEFAULT_TERMINALS}"/>
							<PropertyValue Property="ID" String="DefaultTerminalsFacet"/>
						</Record>
					</Collection>
				</Annotation>
				<Annotation Term="UI.HeaderInfo">
					<Record Type="UI.HeaderInfoType">
						<PropertyValue Property="TypeName" String="{@i18n&gt;DRIVER}"/>
						<PropertyValue Property="TypeNamePlural" String="{@i18n&gt;DRIVERS}"/>
						<PropertyValue Property="Title">
							<Record Type="UI.DataField">
								<PropertyValue Property="Value" Path="DriverId"/>
							</Record>
						</PropertyValue>
						<PropertyValue Property="Description">
							<Record Type="UI.DataField">
								<PropertyValue Property="Value">
									<Apply Function="odata.concat">
										<Path>FirstName</Path>
										<String> </String>
										<Path>LastName</Path>
									</Apply>
								</PropertyValue>
							</Record>
						</PropertyValue>
					</Record>
				</Annotation>
				<Annotation Term="UI.Identification">
					<Collection>
						<Record Type="UI.DataField">
							<PropertyValue Property="Value" Path="DriverId"/>
							<PropertyValue Property="Label" String="{@i18n&gt;DRIVER_ID}"/>
							<Annotation Term="UI.Importance" EnumMember="UI.ImportanceType/High"/>
						</Record>
						<Record Type="UI.DataField">
							<PropertyValue Property="Value" Path="LastName"/>
							<PropertyValue Property="Label" String="{@i18n&gt;LAST_NAME}"/>
							<Annotation Term="UI.Importance" EnumMember="UI.ImportanceType/High"/>
						</Record>
						<Record Type="UI.DataField">
							<PropertyValue Property="Value" Path="FirstName"/>
							<PropertyValue Property="Label" String="{@i18n&gt;FIRST_NAME}"/>
							<Annotation Term="UI.Importance" EnumMember="UI.ImportanceType/High"/>
						</Record>
						<Record Type="UI.DataField">
							<PropertyValue Property="Value" Path="LicenceNo"/>
							<PropertyValue Property="Label" String="{@i18n&gt;LICENCE_NO}"/>
							<Annotation Term="UI.Importance" EnumMember="UI.ImportanceType/High"/>
						</Record>
						<Record Type="UI.DataField">
							<PropertyValue Property="Value" Path="Locked"/>
							<PropertyValue Property="Label" String="{@i18n&gt;LOCKED}"/>
							<Annotation Term="UI.Importance" EnumMember="UI.ImportanceType/Low"/>
						</Record>
					</Collection>
				</Annotation>
				<Annotation Term="UI.LineItem" Qualifier="Drivers">
					<Collection>
						<Record Type="UI.DataField">
							<PropertyValue Property="Value" Path="DriverId"/>
							<PropertyValue Property="Label" String="{@i18n&gt;DRIVER_ID}"/>
							<Annotation Term="UI.Importance" EnumMember="UI.ImportanceType/High"/>
						</Record>
						<Record Type="UI.DataField">
							<PropertyValue Property="Value" Path="FirstName"/>
							<PropertyValue Property="Label" String="{@i18n&gt;FIRST_NAME}"/>
							<Annotation Term="UI.Importance" EnumMember="UI.ImportanceType/High"/>
						</Record>
						<Record Type="UI.DataField">
							<PropertyValue Property="Value" Path="LastName"/>
							<PropertyValue Property="Label" String="{@i18n&gt;LAST_NAME}"/>
							<Annotation Term="UI.Importance" EnumMember="UI.ImportanceType/High"/>
						</Record>
						<Record Type="UI.DataField">
							<PropertyValue Property="Value" Path="LicenceNo"/>
							<PropertyValue Property="Label" String="{@i18n&gt;LICENCE_NO}"/>
							<Annotation Term="UI.Importance" EnumMember="UI.ImportanceType/High"/>
						</Record>
						<Record Type="UI.DataField">
							<PropertyValue Property="Value" Path="Locked"/>
							<PropertyValue Property="Label" String="{@i18n&gt;LOCKED}"/>
							<Annotation Term="UI.Importance" EnumMember="UI.ImportanceType/Low"/>
						</Record>
					</Collection>
				</Annotation>
				<Annotation Term="UI.PresentationVariant">
					<Record Type="UI.PresentationVariantType">
						<PropertyValue Property="Visualizations">
							<Collection>
								<AnnotationPath>@UI.LineItem#Drivers</AnnotationPath>
							</Collection>
						</PropertyValue>
						<PropertyValue Property="SortOrder">
							<Collection>
								<Record Type="Common.SortOrderType">
									<PropertyValue Property="Property" PropertyPath="DriverId"/>
								</Record>
							</Collection>
						</PropertyValue>
					</Record>
				</Annotation>
			</Annotations>
			<Annotations Target="Metadata.Driver/ShippingPointId">
				<Annotation Term="Common.Label" String="{@i18n&gt;DEFAULT_TERMINAL}"/>
				<Annotation Term="Common.ValueList">
					<Record Type="Common.ValueListType">
						<PropertyValue Property="CollectionPath" String="ShippingPoints"/>
						<PropertyValue Property="Label" String="{@i18n&gt;TERMINALS}"/>
						<PropertyValue Property="Parameters">
							<Collection>
								<Record Type="Common.ValueListParameterOut">
									<PropertyValue Property="LocalDataProperty" PropertyPath="ShippingPointId"/>
									<PropertyValue Property="ValueListProperty" String="ShippingPointId"/>
								</Record>
								<Record Type="Common.ValueListParameterDisplayOnly">
									<PropertyValue Property="ValueListProperty" String="ShippingPointName"/>
								</Record>
							</Collection>
						</PropertyValue>
						<PropertyValue Property="SearchSupported" Bool="true"/>
					</Record>
				</Annotation>
			</Annotations>
			<Annotations Target="Metadata.Driver/ShippingPointId2">
				<Annotation Term="UI.Hidden" Bool="true"/>
				<Annotation Term="Common.ValueList">
					<Record Type="Common.ValueListType">
						<PropertyValue Property="CollectionPath" String="ShippingPoints"/>
						<PropertyValue Property="Label" String="{@i18n&gt;TERMINALS}"/>
						<PropertyValue Property="Parameters">
							<Collection>
								<Record Type="Common.ValueListParameterOut">
									<PropertyValue Property="LocalDataProperty" PropertyPath="ShippingPointId2"/>
									<PropertyValue Property="ValueListProperty" String="ShippingPointId"/>
								</Record>
								<Record Type="Common.ValueListParameterDisplayOnly">
									<PropertyValue Property="ValueListProperty" String="ShippingPointName"/>
								</Record>
							</Collection>
						</PropertyValue>
						<PropertyValue Property="SearchSupported" Bool="true"/>
					</Record>
				</Annotation>
			</Annotations>
			<Annotations Target="Metadata.Driver/PhoneNo">
				<Annotation Term="UI.Hidden" Bool="true"/>
				<Annotation Term="Validation.Pattern" String="^[0-9]*$"/>
				<Annotation Term="Communication.IsPhoneNumber" Bool="true"/>
			</Annotations>
			<Annotations Target="Metadata.Driver/EmailAddress">
				<Annotation Term="UI.Hidden" Bool="true"/>
				<Annotation Term="Communication.IsEmailAddress" Bool="true"/>
			</Annotations>
			<Annotations Target="Metadata.ShippingPointPreference/ShippingPointId">
				<Annotation Term="Common.ValueList">
					<Record Type="Common.ValueListType">
						<PropertyValue Property="CollectionPath" String="ShippingPoints"/>
						<PropertyValue Property="Label" String="{@i18n&gt;TERMINALS}"/>
						<PropertyValue Property="Parameters">
							<Collection>
								<Record Type="Common.ValueListParameterOut">
									<PropertyValue Property="LocalDataProperty" PropertyPath="ShippingPointId"/>
									<PropertyValue Property="ValueListProperty" String="ShippingPointId"/>
								</Record>
								<Record Type="Common.ValueListParameterDisplayOnly">
									<PropertyValue Property="ValueListProperty" String="ShippingPointName"/>
								</Record>
							</Collection>
						</PropertyValue>
						<PropertyValue Property="SearchSupported" Bool="true"/>
					</Record>
				</Annotation>
			</Annotations>
			<Annotations Target="Metadata.ShippingPointPreference">
				<Annotation Term="UI.Identification">
					<Collection>
						<Record Type="UI.DataField">
							<PropertyValue Property="Value" Path="Id"/>
							<PropertyValue Property="Label" String="{@i18n&gt;DRIVER_ID}"/>
						</Record>
						<Record Type="UI.DataField">
							<PropertyValue Property="Value" Path="ShippingPointId"/>
							<PropertyValue Property="Label" String="{@i18n&gt;DEFAULT_TERMINAL}"/>
						</Record>
					</Collection>
				</Annotation>
				<Annotation Term="UI.PresentationVariant">
					<Record Type="UI.PresentationVariantType">
						<PropertyValue Property="Visualizations">
							<Collection>
								<AnnotationPath>@UI.LineItem#Terminals</AnnotationPath>
							</Collection>
						</PropertyValue>
					</Record>
				</Annotation>
				<Annotation Term="UI.LineItem" Qualifier="Terminals">
					<Collection>
						<Record Type="UI.DataField">
							<PropertyValue Property="Value" Path="ShippingPointName"/>
							<PropertyValue Property="Label" String="{@i18n&gt;TERMINAL}"/>
						</Record>
					</Collection>
				</Annotation>
			</Annotations>
			<Annotations Target="Metadata.Driver/Id">
				<Annotation Term="UI.Hidden" Bool="true"/>
			</Annotations>
			<Annotations Target="Metadata.ShippingPointPreference/Id">
				<Annotation Term="UI.Hidden" Bool="true"/>
			</Annotations>
			<Annotations Target="Metadata.Driver/ShippingPointName">
				<Annotation Term="UI.Hidden" Bool="true"/>
			</Annotations>
			<Annotations Target="Metadata.Driver/ShippingPointName2">
				<Annotation Term="UI.Hidden" Bool="true"/>
			</Annotations>
			<Annotations Target="Metadata.Driver/Password">
				<Annotation Term="UI.Hidden" Bool="true"/>
			</Annotations>
			<Annotations Target="Metadata.Driver/Locked">
				<Annotation Term="Common.Label" String="{@i18n&gt;LOCKED}"/>
			</Annotations>
		</Schema>
	</edmx:DataServices>
</edmx:Edmx>