{
  "Component.js": "1439868857000",
  "index.html": "1439868857000",
  "localIndex.html": "1439868857000",
  "MyRouter.js": "1439868857000",
  "css/style.css": "1439868857000",
  "i18n/messageBundle.properties": "1439868857000",
  "view/App.controller.js": "1439868857000",
  "view/App.view.xml": "1439868857000",
  "view/Detail.controller.js": "1439868857000",
  "view/Detail.view.xml": "1439868857000",
  "view/Master.controller.js": "1439868857000",
  "view/Master.view.xml": "1439868857000",
  "view/NotFound.controller.js": "1439868857000",
  "view/NotFound.view.xml": "1439868857000",
  "model/metadata.xml": "1439868861000"
}