{
  "webapp/controller/App.controller.js": "1461646475000",
  "webapp/controller/BaseController.js": "1461646475000",
  "webapp/controller/Detail.controller.js": "1461646475000",
  "webapp/controller/ErrorHandler.js": "1461646475000",
  "webapp/controller/ListSelector.js": "1461646475000",
  "webapp/controller/Master.controller.js": "1461646475000",
  "webapp/i18n/i18n.properties": "1461646475000",
  "webapp/localService/metadata.xml": "1461646476000",
  "webapp/localService/mockserver.js": "1461646475000",
  "webapp/model/formatter.js": "1461646475000",
  "webapp/model/grouper.js": "1461646475000",
  "webapp/model/GroupSortState.js": "1461646475000",
  "webapp/model/models.js": "1461646475000",
  "webapp/test/integration/pages/App.js": "1461646475000",
  "webapp/test/integration/pages/Browser.js": "1461646475000",
  "webapp/test/integration/pages/Common.js": "1461646475000",
  "webapp/test/integration/pages/Detail.js": "1461646475000",
  "webapp/test/integration/pages/Master.js": "1461646475000",
  "webapp/test/integration/pages/NotFound.js": "1461646475000",
  "webapp/test/integration/AllJourneys.js": "1461646475000",
  "webapp/test/integration/BusyJourney.js": "1461646475000",
  "webapp/test/integration/BusyJourneyPhone.js": "1461646475000",
  "webapp/test/integration/FLPIntegrationJourney.js": "1461646475000",
  "webapp/test/integration/MasterJourney.js": "1461646475000",
  "webapp/test/integration/NavigationJourney.js": "1461646475000",
  "webapp/test/integration/NavigationJourneyPhone.js": "1461646475000",
  "webapp/test/integration/NotFoundJourney.js": "1461646475000",
  "webapp/test/integration/NotFoundJourneyPhone.js": "1461646475000",
  "webapp/test/integration/opaTests.qunit.html": "1461646475000",
  "webapp/test/integration/opaTestsPhone.qunit.html": "1461646475000",
  "webapp/test/integration/PhoneJourneys.js": "1461646475000",
  "webapp/test/unit/controller/App.controller.js": "1461646475000",
  "webapp/test/unit/controller/ListSelector.js": "1461646475000",
  "webapp/test/unit/model/formatter.js": "1461646475000",
  "webapp/test/unit/model/grouper.js": "1461646475000",
  "webapp/test/unit/model/GroupSortState.js": "1461646475000",
  "webapp/test/unit/model/models.js": "1461646475000",
  "webapp/test/unit/allTests.js": "1461646475000",
  "webapp/test/unit/unitTests.qunit.html": "1461646475000",
  "webapp/test/flpSandbox.html": "1461646475000",
  "webapp/test/flpSandboxMockServer.html": "1461646475000",
  "webapp/test/testsuite.qunit.html": "1461646475000",
  "webapp/view/App.view.xml": "1461646475000",
  "webapp/view/Detail.view.xml": "1461646774000",
  "webapp/view/DetailNoObjectsAvailable.view.xml": "1461646475000",
  "webapp/view/DetailObjectNotFound.view.xml": "1461646475000",
  "webapp/view/Master.view.xml": "1461646475000",
  "webapp/view/NotFound.view.xml": "1461646475000",
  "webapp/view/ViewSettingsDialog.fragment.xml": "1461646475000",
  "webapp/Component.js": "1461646475000",
  "webapp/manifest.json": "1461646478000",
  "webapp/test.html": "1461646475000",
  "readme.txt": "1461646475000",
  "webapp/mock_preview_sapui5.html": "1461649094000"
}