<!--

    Copyright (C) 2009-2014 SAP SE or an SAP affiliate company. All rights reserved

-->
<mvc:View
        xmlns:core="sap.ui.core"
        xmlns:mvc="sap.ui.core.mvc"
        xmlns:layout="sap.ui.layout"
        xmlns:f="sap.ui.layout.form"
        xmlns:m="sap.m"
        xmlns:suite="sap.suite.ui.commons" 
        controllerName="hcm.people.profile.blocks.TimeBalanceController">


            <layout:VerticalLayout>
            <m:Label text="{i18n>TIME_BALANCE_HEADER}" design="Bold"/>
            <m:Label id="spaceHolder" visible="false" />
            <m:Label id="spaceHolder2" visible="false" />
            <suite:NumericContent id="ctrlNumericContent" size="S" formatterValue="true" icon="sap-icon://create-entry-time" />
            <m:Label id="ctrlDispText" design="Bold" width="100%"/>
            <m:Label id="ctrlDispAsOf"/>
            <m:Label text=""/>
            <m:Link text="{i18n>CREATE_TIME_EVENT}" press="onCreateTimePress" emphasized="true"></m:Link>
            </layout:VerticalLayout>
            
</mvc:View>