<!--

    Copyright (C) 2009-2014 SAP SE or an SAP affiliate company. All rights reserved

-->
<mvc:View
        xmlns:core="sap.ui.core"
        xmlns:mvc="sap.ui.core.mvc"
        xmlns:layout="sap.ui.layout"
        xmlns:f="sap.ui.layout.form"
        xmlns:m="sap.m"
        xmlns:suite="sap.suite.ui.commons" 
        controllerName="hcm.people.profile.blocks.TimeRecordingController">


            <layout:VerticalLayout>
            <m:Label text="{i18n>TIME_RECORDING}" design="Bold"/>
            <suite:NumericContent id="ctrlNumericContent" size="S" formatterValue="true" icon="sap-icon://time-entry-request" />
            <m:Label id="ctrlDispText" design="Bold" width="100%"/>
            <m:Label id="ctrlDispSince"/>
            <m:Label text=""/>
            <m:Link text="{i18n>RECORD_TIME}" press="onRecordTimePress" emphasized="true"></m:Link>
            </layout:VerticalLayout>
            
</mvc:View>
