<!--

    Copyright (C) 2009-2014 SAP SE or an SAP affiliate company. All rights reserved

-->
<mvc:View
        xmlns:core="sap.ui.core"
        xmlns:mvc="sap.ui.core.mvc"
        xmlns:layout="sap.ui.layout"
        xmlns:f="sap.ui.layout.form"
        xmlns:m="sap.m"
        xmlns:suite="sap.suite.ui.commons" 
        controllerName="hcm.people.profile.blocks.VacationsController">

            <layout:VerticalLayout>
            <m:Label text="{i18n>UPCOMING_LEAVE}" design="Bold"/>
            <suite:NumericContent id="ctrlNumericContent" size="S" formatterValue="true" icon="sap-icon://general-leave-request" />
            <m:Label id="spaceHolder" visible="false" />
            <m:Label id="spaceHolder2" visible="false" />
            <m:Label id="cntrlVacStatus" visible="false" design="Bold" width="100%"/>
            <m:Label id="cntrlVacType" design="Bold"/>
            <m:Label id="cntrlVacDateRange"/>
            <m:Label text=""/>
            <m:Link text="{i18n>APPLY_LEAVE}" press="onApplyLeavePress" emphasized="true"></m:Link>
             </layout:VerticalLayout>

</mvc:View>
