{
  "run": [
    {
      "filePath": "/SAP-Fiori-Example-App-master/index.html",
      "previewMode": 1,
      "dataMode": 1,
      "workspace": "withoutWorkspace",
      "ui5ActiveVersion": null,
      "ui5VerSource": null,
      "isDefaultVersion": 0,
      "urlParameters": [],
      "hashParameter": "",
      "backendSystem": [],
      "_metadata": {
        "runnerId": "webapprunner",
        "id": 6533112,
        "displayName": "Run index.html",
        "lastRunTimeStamp": 1503298715565
      }
    }
  ]
}