{"results" : [{
	"InvDate": "/Date(1130493679000)/",
	"InvNum": "45778367",
	"PODate": "/Date(1542880879000)/",
	"AsnObjectId": "34646756",
	"PoObjectId": "34678457",
	"AsnDate": "/Date(1376560879000)/",
	"AsnStat": "02",
	"AsnStatTxt": "In-Transit",
	"DataRange": "M03",
	"DataType": "ASN",
	"Status": "02",
	"__metadata": {
		"uri": "AsnHubSet('DataType%201')",
		"type": "ZGW_PO_HUB_FIORI_SRV.AsnHub"
	}
}, {
	"InvDate": "/Date(1146477679000)/",
	"InvNum": "InvNum 2",
	"PODate": "/Date(1158832879000)/",
	"AsnObjectId": "AsnObjectId 2",
	"PoObjectId": "PoObjectId 2",
	"AsnDate": "/Date(1406628079000)/",
	"AsnStat": "01",
	"AsnStatTxt": "Pending",
	"DataRange": "M03",
	"DataType": "ASN",
	"Status": "Status 2",
	"__metadata": {
		"uri": "AsnHubSet('DataType%202')",
		"type": "ZGW_PO_HUB_FIORI_SRV.AsnHub"
	}
}, {
	"InvDate": "/Date(1443002479000)/",
	"InvNum": "InvNum 3",
	"PODate": "/Date(1561716079000)/",
	"AsnObjectId": "AsnObjectId 3",
	"PoObjectId": "PoObjectId 3",
	"AsnDate": "/Date(977220079000)/",
	"AsnStat": "01",
	"AsnStatTxt": "Pending",
	"DataRange": "M03",
	"DataType": "ASN",
	"Status": "Status 3",
	"__metadata": {
		"uri": "AsnHubSet('DataType%203')",
		"type": "ZGW_PO_HUB_FIORI_SRV.AsnHub"
	}
}, {
	"InvDate": "/Date(1275127279000)/",
	"InvNum": "InvNum 4",
	"PODate": "/Date(1132480879000)/",
	"AsnObjectId": "AsnObjectId 4",
	"PoObjectId": "PoObjectId 4",
	"AsnDate": "/Date(1378893679000)/",
	"AsnStat": "03",
	"AsnStatTxt": "Gate Entry",
	"DataRange": "M03",
	"DataType": "ASN",
	"Status": "Status 4",
	"__metadata": {
		"uri": "AsnHubSet('DataType%204')",
		"type": "ZGW_PO_HUB_FIORI_SRV.AsnHub"
	}
}, {
	"InvDate": "/Date(1080122479000)/",
	"InvNum": "InvNum 5",
	"PODate": "/Date(1474970479000)/",
	"AsnObjectId": "AsnObjectId 5",
	"PoObjectId": "PoObjectId 5",
	"AsnDate": "/Date(1506592879000)/",
	"AsnStat": "03",
	"AsnStatTxt": "Gate Entry",
	"DataRange": "M03",
	"DataType": "ASN",
	"Status": "Status 5",
	"__metadata": {
		"uri": "AsnHubSet('DataType%205')",
		"type": "ZGW_PO_HUB_FIORI_SRV.AsnHub"
	}
}, {
	"InvDate": "/Date(1429351279000)/",
	"InvNum": "InvNum 6",
	"PODate": "/Date(1189936879000)/",
	"AsnObjectId": "AsnObjectId 6",
	"PoObjectId": "PoObjectId 6",
	"AsnDate": "/Date(1557482479000)/",
	"AsnStat": "03",
	"AsnStatTxt": "Gate Entry",
	"DataRange": "M03",
	"DataType": "ASN",
	"Status": "Status 6",
	"__metadata": {
		"uri": "AsnHubSet('DataType%206')",
		"type": "ZGW_PO_HUB_FIORI_SRV.AsnHub"
	}
}, {
	"InvDate": "/Date(1008756079000)/",
	"InvNum": "InvNum 7",
	"PODate": "/Date(1335002479000)/",
	"AsnObjectId": "AsnObjectId 7",
	"PoObjectId": "PoObjectId 7",
	"AsnDate": "/Date(1488448879000)/",
	"AsnStat": "04",
	"AsnStatTxt": "Pending GRN",
	"DataRange": "M03",
	"DataType": "ASN",
	"Status": "Status 7",
	"__metadata": {
		"uri": "AsnHubSet('DataType%207')",
		"type": "ZGW_PO_HUB_FIORI_SRV.AsnHub"
	}
}, {
	"InvDate": "/Date(1368093679000)/",
	"InvNum": "InvNum 8",
	"PODate": "/Date(1448964079000)/",
	"AsnObjectId": "AsnObjectId 8",
	"PoObjectId": "PoObjectId 8",
	"AsnDate": "/Date(1539165679000)/",
	"AsnStat": "04",
	"AsnStatTxt": "Pending GRN",
	"DataRange": "M03",
	"DataType": "ASN",
	"Status": "Status 8",
	"__metadata": {
		"uri": "AsnHubSet('DataType%208')",
		"type": "ZGW_PO_HUB_FIORI_SRV.AsnHub"
	}
}, {
	"InvDate": "/Date(1345802479000)/",
	"InvNum": "InvNum 9",
	"PODate": "/Date(1473933679000)/",
	"AsnObjectId": "AsnObjectId 9",
	"PoObjectId": "PoObjectId 9",
	"AsnDate": "/Date(1031738479000)/",
	"AsnStat": "04",
	"AsnStatTxt": "Pending GRN",
	"DataRange": "M03",
	"DataType": "ASN",
	"Status": "Status 9",
	"__metadata": {
		"uri": "AsnHubSet('DataType%209')",
		"type": "ZGW_PO_HUB_FIORI_SRV.AsnHub"
	}
}, {
	"InvDate": "/Date(1228471279000)/",
	"InvNum": "InvNum 10",
	"PODate": "/Date(1204192879000)/",
	"AsnObjectId": "AsnObjectId 10",
	"PoObjectId": "PoObjectId 10",
	"AsnDate": "/Date(1316426479000)/",
	"AsnStat": "04",
	"AsnStatTxt": "Pending GRN",
	"DataRange": "M03",
	"DataType": "ASN",
	"Status": "Status 10",
	"__metadata": {
		"uri": "AsnHubSet('DataType%2010')",
		"type": "ZGW_PO_HUB_FIORI_SRV.AsnHub"
	}
}, {
	"InvDate": "/Date(1362564320000)/",
	"InvNum": "InvNum 11",
	"PODate": "/Date(1466935520000)/",
	"AsnObjectId": "AsnObjectId 11",
	"PoObjectId": "PoObjectId 11",
	"AsnDate": "/Date(1528884320000)/",
	"AsnStat": "02",
	"AsnStatTxt": "In-Transit",
	"DataRange": "M06",
	"DataType": "ASN",
	"Status": "Status 11",
	"__metadata": {
		"uri": "AsnHubSet('DataType%2011')",
		"type": "ZGW_PO_HUB_FIORI_SRV.AsnHub"
	}
}, {
	"InvDate": "/Date(1378893920000)/",
	"InvNum": "InvNum 12",
	"PODate": "/Date(1562321120000)/",
	"AsnObjectId": "AsnObjectId 12",
	"PoObjectId": "PoObjectId 12",
	"AsnDate": "/Date(974887520000)/",
	"AsnStat": "02",
	"AsnStatTxt": "In-Transit",
	"DataRange": "M06",
	"DataType": "ASN",
	"Status": "Status 12",
	"__metadata": {
		"uri": "AsnHubSet('DataType%2012')",
		"type": "ZGW_PO_HUB_FIORI_SRV.AsnHub"
	}
}, {
	"InvDate": "/Date(1174903520000)/",
	"InvNum": "InvNum 13",
	"PODate": "/Date(1446890720000)/",
	"AsnObjectId": "AsnObjectId 13",
	"PoObjectId": "PoObjectId 13",
	"AsnDate": "/Date(1340273120000)/",
	"AsnStat": "02",
	"AsnStatTxt": "In-Transit",
	"DataRange": "M06",
	"DataType": "ASN",
	"Status": "Status 13",
	"__metadata": {
		"uri": "AsnHubSet('DataType%2013')",
		"type": "ZGW_PO_HUB_FIORI_SRV.AsnHub"
	}
}, {
	"InvDate": "/Date(1133258720000)/",
	"InvNum": "InvNum 14",
	"PODate": "/Date(1532772320000)/",
	"AsnObjectId": "AsnObjectId 14",
	"PoObjectId": "PoObjectId 14",
	"AsnDate": "/Date(1278065120000)/",
	"AsnStat": "01",
	"AsnStatTxt": "Pending",
	"DataRange": "M06",
	"DataType": "ASN",
	"Status": "Status 14",
	"__metadata": {
		"uri": "AsnHubSet('DataType%2014')",
		"type": "ZGW_PO_HUB_FIORI_SRV.AsnHub"
	}
}, {
	"InvDate": "/Date(1495015520000)/",
	"InvNum": "InvNum 15",
	"PODate": "/Date(1036749920000)/",
	"AsnObjectId": "AsnObjectId 15",
	"PoObjectId": "PoObjectId 15",
	"AsnDate": "/Date(1184407520000)/",
	"AsnStat": "01",
	"AsnStatTxt": "Pending",
	"DataRange": "M06",
	"DataType": "ASN",
	"Status": "Status 15",
	"__metadata": {
		"uri": "AsnHubSet('DataType%2015')",
		"type": "ZGW_PO_HUB_FIORI_SRV.AsnHub"
	}
}, {
	"InvDate": "/Date(1557914720000)/",
	"InvNum": "InvNum 16",
	"PODate": "/Date(1054548320000)/",
	"AsnObjectId": "AsnObjectId 16",
	"PoObjectId": "PoObjectId 16",
	"AsnDate": "/Date(947239520000)/",
	"AsnStat": "03",
	"AsnStatTxt": "Gate Entry",
	"DataRange": "M06",
	"DataType": "ASN",
	"Status": "Status 16",
	"__metadata": {
		"uri": "AsnHubSet('DataType%2016')",
		"type": "ZGW_PO_HUB_FIORI_SRV.AsnHub"
	}
}, {
	"InvDate": "/Date(1485943520000)/",
	"InvNum": "InvNum 17",
	"PODate": "/Date(1516529120000)/",
	"AsnObjectId": "AsnObjectId 17",
	"PoObjectId": "PoObjectId 17",
	"AsnDate": "/Date(1353492320000)/",
	"AsnStat": "03",
	"AsnStatTxt": "Gate Entry",
	"DataRange": "M06",
	"DataType": "ASN",
	"Status": "Status 17",
	"__metadata": {
		"uri": "AsnHubSet('DataType%2017')",
		"type": "ZGW_PO_HUB_FIORI_SRV.AsnHub"
	}
}, {
	"InvDate": "/Date(1550484320000)/",
	"InvNum": "InvNum 18",
	"PODate": "/Date(1293962720000)/",
	"AsnObjectId": "AsnObjectId 18",
	"PoObjectId": "PoObjectId 18",
	"AsnDate": "/Date(1546077920000)/",
	"AsnStat": "03",
	"AsnStatTxt": "Gate Entry",
	"DataRange": "M06",
	"DataType": "ASN",
	"Status": "Status 18",
	"__metadata": {
		"uri": "AsnHubSet('DataType%2018')",
		"type": "ZGW_PO_HUB_FIORI_SRV.AsnHub"
	}
}, {
	"InvDate": "/Date(1259748320000)/",
	"InvNum": "InvNum 19",
	"PODate": "/Date(1330423520000)/",
	"AsnObjectId": "AsnObjectId 19",
	"PoObjectId": "PoObjectId 19",
	"AsnDate": "/Date(972641120000)/",
	"AsnStat": "03",
	"AsnStatTxt": "Gate Entry",
	"DataRange": "M06",
	"DataType": "ASN",
	"Status": "Status 19",
	"__metadata": {
		"uri": "AsnHubSet('DataType%2019')",
		"type": "ZGW_PO_HUB_FIORI_SRV.AsnHub"
	}
}, {
	"InvDate": "/Date(1489313120000)/",
	"InvNum": "InvNum 20",
	"PODate": "/Date(1219140320000)/",
	"AsnObjectId": "AsnObjectId 20",
	"PoObjectId": "PoObjectId 20",
	"AsnDate": "/Date(1440237920000)/",
	"AsnStat": "04",
	"AsnStatTxt": "Pending GRN",
	"DataRange": "M06",
	"DataType": "ASN",
	"Status": "Status 20",
	"__metadata": {
		"uri": "AsnHubSet('DataType%2020')",
		"type": "ZGW_PO_HUB_FIORI_SRV.AsnHub"
	}
}, {
	"InvDate": "/Date(1146218926000)/",
	"InvNum": "InvNum 21",
	"PODate": "/Date(1480068526000)/",
	"AsnObjectId": "AsnObjectId 21",
	"PoObjectId": "PoObjectId 21",
	"AsnDate": "/Date(1568455726000)/",
	"AsnStat": "04",
	"AsnStatTxt": "Pending GRN",
	"DataRange": "M06",
	"DataType": "ASN",
	"Status": "Status 21",
	"__metadata": {
		"uri": "AsnHubSet('DataType%2021')",
		"type": "ZGW_PO_HUB_FIORI_SRV.AsnHub"
	}
}, {
	"InvDate": "/Date(1450346926000)/",
	"InvNum": "InvNum 22",
	"PODate": "/Date(1538561326000)/",
	"AsnObjectId": "AsnObjectId 22",
	"PoObjectId": "PoObjectId 22",
	"AsnDate": "/Date(1308132526000)/",
	"AsnStat": "04",
	"AsnStatTxt": "Pending GRN",
	"DataRange": "M06",
	"DataType": "ASN",
	"Status": "Status 22",
	"__metadata": {
		"uri": "AsnHubSet('DataType%2022')",
		"type": "ZGW_PO_HUB_FIORI_SRV.AsnHub"
	}
}, {
	"InvDate": "/Date(1267610926000)/",
	"InvNum": "InvNum 23",
	"PODate": "/Date(1233396526000)/",
	"AsnObjectId": "AsnObjectId 23",
	"PoObjectId": "PoObjectId 23",
	"AsnDate": "/Date(1413367726000)/",
	"AsnStat": "02",
	"AsnStatTxt": "In-Transit",
	"DataRange": "M12",
	"DataType": "ASN",
	"Status": "Status 23",
	"__metadata": {
		"uri": "AsnHubSet('DataType%2023')",
		"type": "ZGW_PO_HUB_FIORI_SRV.AsnHub"
	}
}, {
	"InvDate": "/Date(1135850926000)/",
	"InvNum": "InvNum 24",
	"PODate": "/Date(1563098926000)/",
	"AsnObjectId": "AsnObjectId 24",
	"PoObjectId": "PoObjectId 24",
	"AsnDate": "/Date(979726126000)/",
	"AsnStat": "02",
	"AsnStatTxt": "In-Transit",
	"DataRange": "M12",
	"DataType": "ASN",
	"Status": "Status 24",
	"__metadata": {
		"uri": "AsnHubSet('DataType%2024')",
		"type": "ZGW_PO_HUB_FIORI_SRV.AsnHub"
	}
}, {
	"InvDate": "/Date(1055066926000)/",
	"InvNum": "InvNum 25",
	"PODate": "/Date(1096366126000)/",
	"AsnObjectId": "AsnObjectId 25",
	"PoObjectId": "PoObjectId 25",
	"AsnDate": "/Date(1380017326000)/",
	"AsnStat": "01",
	"AsnStatTxt": "Pending",
	"DataRange": "M12",
	"DataType": "ASN",
	"Status": "Status 25",
	"__metadata": {
		"uri": "AsnHubSet('DataType%2025')",
		"type": "ZGW_PO_HUB_FIORI_SRV.AsnHub"
	}
}, {
	"InvDate": "/Date(1348826926000)/",
	"InvNum": "InvNum 26",
	"PODate": "/Date(1187431726000)/",
	"AsnObjectId": "AsnObjectId 26",
	"PoObjectId": "PoObjectId 26",
	"AsnDate": "/Date(976615726000)/",
	"AsnStat": "03",
	"AsnStatTxt": "Gate Entry",
	"DataRange": "M12",
	"DataType": "ASN",
	"Status": "Status 26",
	"__metadata": {
		"uri": "AsnHubSet('DataType%2026')",
		"type": "ZGW_PO_HUB_FIORI_SRV.AsnHub"
	}
}, {
	"InvDate": "/Date(1518689326000)/",
	"InvNum": "InvNum 27",
	"PODate": "/Date(1425290926000)/",
	"AsnObjectId": "AsnObjectId 27",
	"PoObjectId": "PoObjectId 27",
	"AsnDate": "/Date(1512641326000)/",
	"AsnStat": "03",
	"AsnStatTxt": "Gate Entry",
	"DataRange": "M12",
	"DataType": "ASN",
	"Status": "Status 27",
	"__metadata": {
		"uri": "AsnHubSet('DataType%2027')",
		"type": "ZGW_PO_HUB_FIORI_SRV.AsnHub"
	}
}, {
	"InvDate": "/Date(1285495726000)/",
	"InvNum": "InvNum 28",
	"PODate": "/Date(953460526000)/",
	"AsnObjectId": "AsnObjectId 28",
	"PoObjectId": "PoObjectId 28",
	"AsnDate": "/Date(1382522926000)/",
	"AsnStat": "04",
	"AsnStatTxt": "Pending GRN",
	"DataRange": "M12",
	"DataType": "ASN",
	"Status": "Status 28",
	"__metadata": {
		"uri": "AsnHubSet('DataType%2028')",
		"type": "ZGW_PO_HUB_FIORI_SRV.AsnHub"
	}
}, {
	"InvDate": "/Date(1257588526000)/",
	"InvNum": "InvNum 29",
	"PODate": "/Date(1237198126000)/",
	"AsnObjectId": "AsnObjectId 29",
	"PoObjectId": "PoObjectId 29",
	"AsnDate": "/Date(1510913326000)/",
	"AsnStat": "04",
	"AsnStatTxt": "Pending GRN",
	"DataRange": "M12",
	"DataType": "ASN",
	"Status": "Status 29",
	"__metadata": {
		"uri": "AsnHubSet('DataType%2029')",
		"type": "ZGW_PO_HUB_FIORI_SRV.AsnHub"
	}
}, {
	"InvDate": "/Date(1349690926000)/",
	"InvNum": "InvNum 30",
	"PODate": "/Date(1041502126000)/",
	"AsnObjectId": "AsnObjectId 30",
	"PoObjectId": "PoObjectId 30",
	"AsnDate": "/Date(1277028526000)/",
	"AsnStat": "04",
	"AsnStatTxt": "Pending GRN",
	"DataRange": "M12",
	"DataType": "ASN",
	"Status": "Status 30",
	"__metadata": {
		"uri": "AsnHubSet('DataType%2030')",
		"type": "ZGW_PO_HUB_FIORI_SRV.AsnHub"
	}
}, {
	"InvDate": "/Date(1578249000000)/",
	"InvNum": "2423547",
	"PODate": "/Date(1578594600000)/",
	"AsnObjectId": "235235",
	"PoObjectId": "3546456",
	"AsnDate": "/Date(1577817000000)/",
	"AsnStat": "04",
	"AsnStatTxt": "Pending GRN",
	"DataRange": "M12",
	"DataType": "ASN",
	"Status": "Pending GRN"
}]
}