[{
	"UserName": "UserName 1",
	"Count": 6,
	"Status": "01",
	"StatusText": "New",
	"DataRange": "M03",
	"DataType": "PO",
	"Status1": "01",
	"__metadata": {
		"uri": "PoHubCountSet('DataType%201')",
		"type": "ZGW_PO_HUB_FIORI_SRV.PoHubCount"
	}
}, {
	"UserName": "UserName 1",
	"Count": 3,
	"Status": "01",
	"StatusText": "New",
	"DataRange": "M06",
	"DataType": "PO",
	"Status1": "01",
	"__metadata": {
		"uri": "PoHubCountSet('DataType%201')",
		"type": "ZGW_PO_HUB_FIORI_SRV.PoHubCount"
	}
}, {
	"UserName": "UserName 1",
	"Count": 10,
	"Status": "01",
	"StatusText": "New",
	"DataRange": "M12",
	"DataType": "PO",
	"Status1": "01",
	"__metadata": {
		"uri": "PoHubCountSet('DataType%202')",
		"type": "ZGW_PO_HUB_FIORI_SRV.PoHubCount"
	}
}, {
	"UserName": "UserName 1",
	"Count": 1,
	"Status": "02",
	"StatusText": "Confirmed",
	"DataRange": "M03",
	"DataType": "PO",
	"Status1": "02",
	"__metadata": {
		"uri": "PoHubCountSet('DataType%203')",
		"type": "ZGW_PO_HUB_FIORI_SRV.PoHubCount"
	}
}, {
	"UserName": "UserName 1",
	"Count": 2,
	"Status": "02",
	"StatusText": "Confirmed",
	"DataRange": "M06",
	"DataType": "PO",
	"Status1": "02",
	"__metadata": {
		"uri": "PoHubCountSet('DataType%204')",
		"type": "ZGW_PO_HUB_FIORI_SRV.PoHubCount"
	}
}, {
	"UserName": "UserName 1",
	"Count": 6,
	"Status": "02",
	"StatusText": "Confirmed",
	"DataRange": "M12",
	"DataType": "PO",
	"Status1": "02",
	"__metadata": {
		"uri": "PoHubCountSet('DataType%205')",
		"type": "ZGW_PO_HUB_FIORI_SRV.PoHubCount"
	}
}]