{"results" : [{
	"PoObjectId": "678909012",
	"PoAmount": 900.85,
	"RfxObjectId": "RfxObjectId 1",
	"PoStat": "01",
	"PoStatTxt": "New",
	"DataRange": "M03",
	"DataType": "PO",
	"Status": "Status 1",
	"__metadata": {
		"uri": "PoHubSet('DataType%201')",
		"type": "ZGW_PO_HUB_FIORI_SRV.PoHub"
	}
}, {
	"PoObjectId": "767988901",
	"PoAmount": 416.31,
	"RfxObjectId": "RfxObjectId 2",
	"PoStat": "01",
	"PoStatTxt": "New",
	"DataRange": "M03",
	"DataType": "PO",
	"Status": "Status 2",
	"__metadata": {
		"uri": "PoHubSet('DataType%202')",
		"type": "ZGW_PO_HUB_FIORI_SRV.PoHub"
	}
}, {
	"PoObjectId": "878689080",
	"PoAmount": 6671.92,
	"RfxObjectId": "RfxObjectId 3",
	"PoStat": "01",
	"PoStatTxt": "New",
	"DataRange": "M03",
	"DataType": "PO",
	"Status": "Status 3",
	"__metadata": {
		"uri": "PoHubSet('DataType%203')",
		"type": "ZGW_PO_HUB_FIORI_SRV.PoHub"
	}
}, {
	"PoObjectId": "235716830",
	"PoAmount": 2613.6,
	"RfxObjectId": "RfxObjectId 4",
	"PoStat": "01",
	"PoStatTxt": "New",
	"DataRange": "M03",
	"DataType": "PO",
	"Status": "Status 4",
	"__metadata": {
		"uri": "PoHubSet('DataType%204')",
		"type": "ZGW_PO_HUB_FIORI_SRV.PoHub"
	}
}, {
	"PoObjectId": "134565782",
	"PoAmount": 7960.43,
	"RfxObjectId": "RfxObjectId 5",
	"PoStat": "01",
	"PoStatTxt": "New",
	"DataRange": "M03",
	"DataType": "PO",
	"Status": "Status 5",
	"__metadata": {
		"uri": "PoHubSet('DataType%205')",
		"type": "ZGW_PO_HUB_FIORI_SRV.PoHub"
	}
}, {
	"PoObjectId": "567680920",
	"PoAmount": 2584.86,
	"RfxObjectId": "RfxObjectId 6",
	"PoStat": "01",
	"PoStatTxt": "New",
	"DataRange": "M03",
	"DataType": "PO",
	"Status": "Status 6",
	"__metadata": {
		"uri": "PoHubSet('DataType%206')",
		"type": "ZGW_PO_HUB_FIORI_SRV.PoHub"
	}
}, {
	"PoObjectId": "768268300",
	"PoAmount": 5101.49,
	"RfxObjectId": "RfxObjectId 7",
	"PoStat": "02",
	"PoStatTxt": "Confirmed",
	"DataRange": "M03",
	"DataType": "PO",
	"Status": "Status 7",
	"__metadata": {
		"uri": "PoHubSet('DataType%207')",
		"type": "ZGW_PO_HUB_FIORI_SRV.PoHub"
	}
}, {
	"PoObjectId": "363718193",
	"PoAmount": 7638.68,
	"RfxObjectId": "RfxObjectId 8",
	"PoStat": "01",
	"PoStatTxt": "New",
	"DataRange": "M06",
	"DataType": "PO",
	"Status": "Status 8",
	"__metadata": {
		"uri": "PoHubSet('DataType%208')",
		"type": "ZGW_PO_HUB_FIORI_SRV.PoHub"
	}
}, {
	"PoObjectId": "379730910",
	"PoAmount": 100.85,
	"RfxObjectId": "RfxObjectId 9",
	"PoStat": "01",
	"PoStatTxt": "New",
	"DataRange": "M06",
	"DataType": "PO",
	"Status": "Status 9",
	"__metadata": {
		"uri": "PoHubSet('DataType%209')",
		"type": "ZGW_PO_HUB_FIORI_SRV.PoHub"
	}
}, {
	"PoObjectId": "378464827",
	"PoAmount": 8688.55,
	"RfxObjectId": "RfxObjectId 10",
	"PoStat": "01",
	"PoStatTxt": "New",
	"DataRange": "M06",
	"DataType": "PO",
	"Status": "Status 10",
	"__metadata": {
		"uri": "PoHubSet('DataType%2010')",
		"type": "ZGW_PO_HUB_FIORI_SRV.PoHub"
	}
}, {
	"PoObjectId": "327847910",
	"PoAmount": 9.85,
	"RfxObjectId": "RfxObjectId 1",
	"PoStat": "02",
	"PoStatTxt": "Confirmed",
	"DataRange": "M06",
	"DataType": "PO",
	"Status": "Status 1",
	"__metadata": {
		"uri": "PoHubSet('DataType%201')",
		"type": "ZGW_PO_HUB_FIORI_SRV.PoHub"
	}
}, {
	"PoObjectId": "346282010",
	"PoAmount": 416.31,
	"RfxObjectId": "RfxObjectId 2",
	"PoStat": "02",
	"PoStatTxt": "Confirmed",
	"DataRange": "M06",
	"DataType": "PO",
	"Status": "Status 2",
	"__metadata": {
		"uri": "PoHubSet('DataType%202')",
		"type": "ZGW_PO_HUB_FIORI_SRV.PoHub"
	}
}, {
	"PoObjectId": "567898965",
	"PoAmount": 6671.92,
	"RfxObjectId": "RfxObjectId 3",
	"PoStat": "01",
	"PoStatTxt": "New",
	"DataRange": "M12",
	"DataType": "PO",
	"Status": "Status 3",
	"__metadata": {
		"uri": "PoHubSet('DataType%203')",
		"type": "ZGW_PO_HUB_FIORI_SRV.PoHub"
	}
}, {
	"PoObjectId": "789534784",
	"PoAmount": 2613.6,
	"RfxObjectId": "RfxObjectId 4",
	"PoStat": "01",
	"PoStatTxt": "New",
	"DataRange": "M12",
	"DataType": "PO",
	"Status": "Status 4",
	"__metadata": {
		"uri": "PoHubSet('DataType%204')",
		"type": "ZGW_PO_HUB_FIORI_SRV.PoHub"
	}
}, {
	"PoObjectId": "467857893",
	"PoAmount": 7960.43,
	"RfxObjectId": "RfxObjectId 5",
	"PoStat": "01",
	"PoStatTxt": "New",
	"DataRange": "M12",
	"DataType": "PO",
	"Status": "Status 5",
	"__metadata": {
		"uri": "PoHubSet('DataType%205')",
		"type": "ZGW_PO_HUB_FIORI_SRV.PoHub"
	}
}, {
	"PoObjectId": "465783677",
	"PoAmount": 2584.86,
	"RfxObjectId": "RfxObjectId 6",
	"PoStat": "01",
	"PoStatTxt": "New",
	"DataRange": "M12",
	"DataType": "PO",
	"Status": "Status 6",
	"__metadata": {
		"uri": "PoHubSet('DataType%206')",
		"type": "ZGW_PO_HUB_FIORI_SRV.PoHub"
	}
}, {
	"PoObjectId": "678994646",
	"PoAmount": 5101.49,
	"RfxObjectId": "RfxObjectId 7",
	"PoStat": "01",
	"PoStatTxt": "New",
	"DataRange": "M12",
	"DataType": "PO",
	"Status": "Status 7",
	"__metadata": {
		"uri": "PoHubSet('DataType%207')",
		"type": "ZGW_PO_HUB_FIORI_SRV.PoHub"
	}
}, {
	"PoObjectId": "789574678",
	"PoAmount": 7638.68,
	"RfxObjectId": "RfxObjectId 8",
	"PoStat": "01",
	"PoStatTxt": "New",
	"DataRange": "M12",
	"DataType": "PO",
	"Status": "Status 8",
	"__metadata": {
		"uri": "PoHubSet('DataType%208')",
		"type": "ZGW_PO_HUB_FIORI_SRV.PoHub"
	}
}, {
	"PoObjectId": "356789536",
	"PoAmount": 100.85,
	"RfxObjectId": "RfxObjectId 9",
	"PoStat": "01",
	"PoStatTxt": "New",
	"DataRange": "M12",
	"DataType": "PO",
	"Status": "Status 9",
	"__metadata": {
		"uri": "PoHubSet('DataType%209')",
		"type": "ZGW_PO_HUB_FIORI_SRV.PoHub"
	}
}, {
	"PoObjectId": "784678846",
	"PoAmount": 8688.55,
	"RfxObjectId": "RfxObjectId 10",
	"PoStat": "01",
	"PoStatTxt": "New",
	"DataRange": "M12",
	"DataType": "PO",
	"Status": "Status 10",
	"__metadata": {
		"uri": "PoHubSet('DataType%2010')",
		"type": "ZGW_PO_HUB_FIORI_SRV.PoHub"
	}
}, {
	"PoObjectId": "328048917",
	"PoAmount": 9523.1,
	"RfxObjectId": "RfxObjectId 11",
	"PoStat": "01",
	"PoStatTxt": "New",
	"DataRange": "M12",
	"DataType": "PO",
	"Status": "Status 11",
	"__metadata": {
		"uri": "PoHubSet('DataType%2011')",
		"type": "ZGW_PO_HUB_FIORI_SRV.PoHub"
	}
}, {
	"PoObjectId": "627478289",
	"PoAmount": 8078.05,
	"RfxObjectId": "RfxObjectId 12",
	"PoStat": "01",
	"PoStatTxt": "New",
	"DataRange": "M12",
	"DataType": "PO",
	"Status": "Status 12",
	"__metadata": {
		"uri": "PoHubSet('DataType%2012')",
		"type": "ZGW_PO_HUB_FIORI_SRV.PoHub"
	}
}, {
	"PoObjectId": "PoObjectId 13",
	"PoAmount": 3324.62,
	"RfxObjectId": "RfxObjectId 13",
	"PoStat": "02",
	"PoStatTxt": "Confirmed",
	"DataRange": "M12",
	"DataType": "PO",
	"Status": "Status 13",
	"__metadata": {
		"uri": "PoHubSet('DataType%2013')",
		"type": "ZGW_PO_HUB_FIORI_SRV.PoHub"
	}
}, {
	"PoObjectId": "PoObjectId 14",
	"PoAmount": 591.67,
	"RfxObjectId": "RfxObjectId 14",
	"PoStat": "02",
	"PoStatTxt": "Confirmed",
	"DataRange": "M12",
	"DataType": "PO",
	"Status": "Status 14",
	"__metadata": {
		"uri": "PoHubSet('DataType%2014')",
		"type": "ZGW_PO_HUB_FIORI_SRV.PoHub"
	}
}, {
	"PoObjectId": "PoObjectId 15",
	"PoAmount": 4853.71,
	"RfxObjectId": "RfxObjectId 15",
	"PoStat": "02",
	"PoStatTxt": "Confirmed",
	"DataRange": "M12",
	"DataType": "PO",
	"Status": "Status 15",
	"__metadata": {
		"uri": "PoHubSet('DataType%2015')",
		"type": "ZGW_PO_HUB_FIORI_SRV.PoHub"
	}
}, {
	"PoObjectId": "PoObjectId 16",
	"PoAmount": 4053.58,
	"RfxObjectId": "RfxObjectId 16",
	"PoStat": "02",
	"PoStatTxt": "Confirmed",
	"DataRange": "M12",
	"DataType": "PO",
	"Status": "Status 16",
	"__metadata": {
		"uri": "PoHubSet('DataType%2016')",
		"type": "ZGW_PO_HUB_FIORI_SRV.PoHub"
	}
}, {
	"PoObjectId": "PoObjectId 17",
	"PoAmount": 7495.46,
	"RfxObjectId": "RfxObjectId 17",
	"PoStat": "02",
	"PoStatTxt": "Confirmed",
	"DataRange": "M12",
	"DataType": "PO",
	"Status": "Status 17",
	"__metadata": {
		"uri": "PoHubSet('DataType%2017')",
		"type": "ZGW_PO_HUB_FIORI_SRV.PoHub"
	}
}, {
	"PoObjectId": "PoObjectId 18",
	"PoAmount": 7826.71,
	"RfxObjectId": "RfxObjectId 18",
	"PoStat": "02",
	"PoStatTxt": "Confirmed",
	"DataRange": "M12",
	"DataType": "PO",
	"Status": "Status 18",
	"__metadata": {
		"uri": "PoHubSet('DataType%2018')",
		"type": "ZGW_PO_HUB_FIORI_SRV.PoHub"
	}
}]
}