<edmx:Edmx xmlns:edmx="http://docs.oasis-open.org/odata/ns/edmx" Version="4.0">
	<edmx:Reference
		Uri="./IWFND/CATALOGSERVICE;v=2/Vocabularies(TechnicalName='%2FIWBEP%2FVOC_COMMON',Version='0001',SAP__Origin='LOCAL')/$value">
		<edmx:Include Namespace="com.sap.vocabularies.Common.v1" Alias="Common"/>
	</edmx:Reference>
	<edmx:Reference Uri="./IWFND/CATALOGSERVICE;v=2/Vocabularies(TechnicalName='%2FIWBEP%2FVOC_UI',Version='0001',SAP__Origin='LOCAL')/$value">
		<edmx:Include Namespace="com.sap.vocabularies.UI.v1" Alias="UI"/>
	</edmx:Reference>
	<edmx:Reference
		Uri="./IWFND/CATALOGSERVICE;v=2/Vocabularies(TechnicalName='%2FIWBEP%2FVOC_COMMUNICATION',Version='0001',SAP__Origin='LOCAL')/$value">
		<edmx:Include Namespace="com.sap.vocabularies.Communication.v1" Alias="Communication"/>
	</edmx:Reference>
	<edmx:Reference Uri="./SAP/ZALLOC_EMPLOYEE_SRV/$metadata">
		<edmx:Include Namespace="ZALLOC_EMPLOYEE_SRV" Alias="SAP"/>
	</edmx:Reference>
	<edmx:Reference Uri="https://oasis-tcs.github.io/odata-vocabularies/vocabularies/Org.OData.Aggregation.V1.xml">
		<edmx:Include Alias="Aggregation" Namespace="Org.OData.Aggregation.V1"/>
	</edmx:Reference>
	<edmx:Reference Uri="https://oasis-tcs.github.io/odata-vocabularies/vocabularies/Org.OData.Authorization.V1.xml">
		<edmx:Include Alias="Auth" Namespace="Org.OData.Authorization.V1"/>
	</edmx:Reference>
	<edmx:Reference Uri="https://oasis-tcs.github.io/odata-vocabularies/vocabularies/Org.OData.Capabilities.V1.xml">
		<edmx:Include Alias="Capabilities" Namespace="Org.OData.Capabilities.V1"/>
	</edmx:Reference>
	<edmx:Reference Uri="https://oasis-tcs.github.io/odata-vocabularies/vocabularies/Org.OData.Core.V1.xml">
		<edmx:Include Alias="Core" Namespace="Org.OData.Core.V1"/>
	</edmx:Reference>
	<edmx:Reference Uri="https://oasis-tcs.github.io/odata-vocabularies/vocabularies/Org.OData.Measures.V1.xml">
		<edmx:Include Alias="Measures" Namespace="Org.OData.Measures.V1"/>
	</edmx:Reference>
	<edmx:Reference Uri="https://oasis-tcs.github.io/odata-vocabularies/vocabularies/Org.OData.Validation.V1.xml">
		<edmx:Include Alias="Validation" Namespace="Org.OData.Validation.V1"/>
	</edmx:Reference>
	<edmx:DataServices>
		<Schema xmlns="http://docs.oasis-open.org/odata/ns/edm" Namespace="zalloc_employee_anno_mdl.v1">
			<Annotations Target="ZALLOC_EMPLOYEE_SRV.Zc_allocsalesType/Accept_ac">
				<Annotation Term="Common.FieldControl" EnumMember="Common.FieldControlType/Hidden"/>
				<Annotation Term="UI.Hidden"/>
			</Annotations>
			<Annotations Target="ZALLOC_EMPLOYEE_SRV.Zc_allocsalesType/Reject_ac">
				<Annotation Term="Common.FieldControl" EnumMember="Common.FieldControlType/Hidden"/>
				<Annotation Term="UI.Hidden"/>
			</Annotations>
			<Annotations Target="ZALLOC_EMPLOYEE_SRV.Zc_allocsalesType">
				<Annotation Term="UI.DataPoint" Qualifier="SalesTargetAch">
					<Record>
						<PropertyValue Property="Value" Path="SalesTargetAch"/>
						<PropertyValue Property="Title" String="Target Achieved"/>
						<PropertyValue Property="TargetValue" Path="SalesTargetAch"/>
					</Record>
				</Annotation>
				<Annotation Term="UI.DataPoint" Qualifier="allctdexpns">
					<Record>
						<PropertyValue Property="Value" Path="allctdexpns"/>
						<PropertyValue Property="Title" String="Allocated Expense"/>
						<PropertyValue Property="TargetValue" Path="allctdexpns"/>
					</Record>
				</Annotation>
				<Annotation Term="UI.DataPoint" Qualifier="slstrgt">
					<Record>
						<PropertyValue Property="Value" Path="slstrgt"/>
						<PropertyValue Property="Title" String="Sales Target"/>
						<PropertyValue Property="TargetValue" Path="slstrgt"/>
					</Record>
				</Annotation>
				<Annotation Term="UI.HeaderInfo">
					<Record>
						<PropertyValue Property="TypeName" String="Assignment No"/>
						<PropertyValue Property="TypeNamePlural" String="Assignment No"/>
						<PropertyValue Property="Title">
							<Record Type="UI.DataField">
								<PropertyValue Property="Value" Path="assigmentno"/>
							</Record>
						</PropertyValue>
						<PropertyValue Property="Description">
							<Record Type="UI.DataField">
								<PropertyValue Property="Value" Path="assigmentno"/>
							</Record>
						</PropertyValue>
					</Record>
				</Annotation>
				<Annotation Term="UI.Identification">
					<Collection>
						<Record Type="UI.DataField">
							<PropertyValue Property="Value" Path="assigmentno"/>
						</Record>
					</Collection>
				</Annotation>
				<Annotation Term="UI.LineItem">
					<Collection>
						<Record Type="UI.DataFieldForAction">
							<PropertyValue Property="Label" String="ACCEPT"/>
							<PropertyValue Property="Action" String="ZALLOC_EMPLOYEE_SRV.ZALLOC_EMPLOYEE_SRV_Entities/Zc_allocsalesAccept"/>
							<PropertyValue Property="InvocationGrouping" EnumMember="UI.OperationGroupingType/Isolated"/>
						</Record>
						<Record Type="UI.DataFieldForAction">
							<PropertyValue Property="Label" String="REJECT"/>
							<PropertyValue Property="Action" String="ZALLOC_EMPLOYEE_SRV.ZALLOC_EMPLOYEE_SRV_Entities/Zc_allocsalesReject"/>
							<PropertyValue Property="InvocationGrouping" EnumMember="UI.OperationGroupingType/Isolated"/>
						</Record>
						<Record Type="UI.DataField">
							<PropertyValue Property="Value" Path="assigmentno"/>
							<Annotation Term="UI.Importance" EnumMember="UI.ImportanceType/High"/>
						</Record>
						<Record Type="UI.DataField">
							<PropertyValue Property="Value" Path="rdes"/>
							<Annotation Term="UI.Importance" EnumMember="UI.ImportanceType/High"/>
						</Record>
						<Record Type="UI.DataField">
							<PropertyValue Property="Value" Path="fromdate"/>
							<Annotation Term="UI.Importance" EnumMember="UI.ImportanceType/High"/>
						</Record>
						<Record Type="UI.DataField">
							<PropertyValue Property="Value" Path="todate"/>
							<Annotation Term="UI.Importance" EnumMember="UI.ImportanceType/High"/>
						</Record>
						<Record Type="UI.DataField">
							<PropertyValue Property="Value" Path="slstrgt"/>
							<Annotation Term="UI.Importance" EnumMember="UI.ImportanceType/High"/>
						</Record>
						<Record Type="UI.DataField">
							<PropertyValue Property="Value" Path="cstmrtrgt"/>
							<Annotation Term="UI.Importance" EnumMember="UI.ImportanceType/High"/>
						</Record>
						<Record Type="UI.DataField">
							<PropertyValue Property="Value" Path="StatusText"/>
							<Annotation Term="UI.Importance" EnumMember="UI.ImportanceType/High"/>
						</Record>
					</Collection>
				</Annotation>
				<Annotation Term="UI.SelectionFields">
					<Collection>
						<PropertyPath>fromdate</PropertyPath>
						<PropertyPath>todate</PropertyPath>
						<PropertyPath>statu</PropertyPath>
					</Collection>
				</Annotation>
			</Annotations>
			<Annotations Target="ZALLOC_EMPLOYEE_SRV.Zi_Assstatus_TextType/domname">
				<Annotation Term="Common.FieldControl" EnumMember="Common.FieldControlType/Hidden"/>
				<Annotation Term="UI.Hidden"/>
			</Annotations>
			<Annotations Target="ZALLOC_EMPLOYEE_SRV.Zi_Assstatus_TextType/ddlanguage">
				<Annotation Term="Common.FieldControl" EnumMember="Common.FieldControlType/Hidden"/>
				<Annotation Term="UI.Hidden"/>
			</Annotations>
			<Annotations Target="ZALLOC_EMPLOYEE_SRV.Zi_Expense_CatType/domname">
				<Annotation Term="Common.FieldControl" EnumMember="Common.FieldControlType/Hidden"/>
				<Annotation Term="UI.Hidden"/>
			</Annotations>
			<Annotations Target="ZALLOC_EMPLOYEE_SRV.Zi_Expense_CatType/ddlanguage">
				<Annotation Term="Common.FieldControl" EnumMember="Common.FieldControlType/Hidden"/>
				<Annotation Term="UI.Hidden"/>
			</Annotations>
			<Annotations Target="ZALLOC_EMPLOYEE_SRV.Zi_Worklog_StatusType/domname">
				<Annotation Term="Common.FieldControl" EnumMember="Common.FieldControlType/Hidden"/>
				<Annotation Term="UI.Hidden"/>
			</Annotations>
			<Annotations Target="ZALLOC_EMPLOYEE_SRV.Zi_Worklog_StatusType/ddlanguage">
				<Annotation Term="Common.FieldControl" EnumMember="Common.FieldControlType/Hidden"/>
				<Annotation Term="UI.Hidden"/>
			</Annotations>
			<Annotations Target="ZALLOC_EMPLOYEE_SRV.Zi_Wrkfb_StatusType/domname">
				<Annotation Term="Common.FieldControl" EnumMember="Common.FieldControlType/Hidden"/>
				<Annotation Term="UI.Hidden"/>
			</Annotations>
			<Annotations Target="ZALLOC_EMPLOYEE_SRV.Zi_Wrkfb_StatusType/ddlanguage">
				<Annotation Term="Common.FieldControl" EnumMember="Common.FieldControlType/Hidden"/>
				<Annotation Term="UI.Hidden"/>
			</Annotations>
			<Annotations Target="ZALLOC_EMPLOYEE_SRV.Zc_expensesaleType">
				<Annotation Term="UI.FieldGroup" Qualifier="ExpenseDetail">
					<Record>
						<PropertyValue Property="Data">
							<Collection>
								<Record Type="UI.DataField">
									<PropertyValue Property="Value" Path="expcatid"/>
									<Annotation Term="UI.Importance" EnumMember="UI.ImportanceType/High"/>
								</Record>
								<Record Type="UI.DataField">
									<PropertyValue Property="Value" Path="amount"/>
									<Annotation Term="UI.Importance" EnumMember="UI.ImportanceType/High"/>
								</Record>
								<Record Type="UI.DataField">
									<PropertyValue Property="Value" Path="frmdate"/>
									<Annotation Term="UI.Importance" EnumMember="UI.ImportanceType/High"/>
								</Record>
								<Record Type="UI.DataField">
									<PropertyValue Property="Value" Path="todate"/>
									<Annotation Term="UI.Importance" EnumMember="UI.ImportanceType/High"/>
								</Record>
								<Record Type="UI.DataField">
									<PropertyValue Property="Value" Path="remarks"/>
									<Annotation Term="UI.Importance" EnumMember="UI.ImportanceType/High"/>
								</Record>
							</Collection>
						</PropertyValue>
						<PropertyValue Property="Label" String="Expense Detail"/>
					</Record>
				</Annotation>
				<Annotation Term="UI.HeaderInfo">
					<Record>
						<PropertyValue Property="TypeName" String=""/>
						<PropertyValue Property="TypeNamePlural" String=""/>
						<PropertyValue Property="Title">
							<Record Type="UI.DataField">
								<PropertyValue Property="Value" Path="assigmentno"/>
							</Record>
						</PropertyValue>
					</Record>
				</Annotation>
				<Annotation Term="UI.Identification">
					<Collection>
						<Record Type="UI.DataField">
							<PropertyValue Property="Value" Path="expno"/>
						</Record>
						<Record Type="UI.DataField">
							<PropertyValue Property="Value" Path="assigmentno"/>
						</Record>
					</Collection>
				</Annotation>
				<Annotation Term="UI.LineItem">
					<Collection>
						<Record Type="UI.DataField">
							<PropertyValue Property="Value" Path="assigmentno"/>
							<Annotation Term="UI.Importance" EnumMember="UI.ImportanceType/High"/>
						</Record>
						<Record Type="UI.DataField">
							<PropertyValue Property="Value" Path="rdes"/>
							<Annotation Term="UI.Importance" EnumMember="UI.ImportanceType/High"/>
						</Record>
						<Record Type="UI.DataField">
							<PropertyValue Property="Value" Path="todate"/>
							<Annotation Term="UI.Importance" EnumMember="UI.ImportanceType/High"/>
						</Record>
						<Record Type="UI.DataField">
							<PropertyValue Property="Value" Path="frmdate"/>
							<Annotation Term="UI.Importance" EnumMember="UI.ImportanceType/High"/>
						</Record>
						<Record Type="UI.DataField">
							<PropertyValue Property="Value" Path="CategoryText"/>
							<Annotation Term="UI.Importance" EnumMember="UI.ImportanceType/High"/>
						</Record>
						<Record Type="UI.DataField">
							<PropertyValue Property="Value" Path="amount"/>
							<Annotation Term="UI.Importance" EnumMember="UI.ImportanceType/High"/>
						</Record>
						<Record Type="UI.DataField">
							<PropertyValue Property="Value" Path="StatusDesc"/>
							<Annotation Term="UI.Importance" EnumMember="UI.ImportanceType/High"/>
						</Record>
					</Collection>
				</Annotation>
			</Annotations>
			<Annotations Target="ZALLOC_EMPLOYEE_SRV.Zc_worklogsalesType">
				<Annotation Term="UI.FieldGroup" Qualifier="CustomerDetail">
					<Record>
						<PropertyValue Property="Data">
							<Collection>
								<Record Type="UI.DataField">
									<PropertyValue Property="Value" Path="custdetail"/>
									<Annotation Term="UI.Importance" EnumMember="UI.ImportanceType/High"/>
								</Record>
								<Record Type="UI.DataField">
									<PropertyValue Property="Value" Path="custaddres"/>
									<Annotation Term="UI.Importance" EnumMember="UI.ImportanceType/High"/>
								</Record>
								<Record Type="UI.DataField">
									<PropertyValue Property="Value" Path="custphno"/>
									<Annotation Term="UI.Importance" EnumMember="UI.ImportanceType/High"/>
								</Record>
							</Collection>
						</PropertyValue>
						<PropertyValue Property="Label" String="Customer Detail"/>
					</Record>
				</Annotation>
				<Annotation Term="UI.FieldGroup" Qualifier="WorkLogDetail">
					<Record>
						<PropertyValue Property="Data">
							<Collection>
								<Record Type="UI.DataField">
									<PropertyValue Property="Value" Path="prdid"/>
									<Annotation Term="UI.Importance" EnumMember="UI.ImportanceType/High"/>
								</Record>
								<Record Type="UI.DataField">
									<PropertyValue Property="Value" Path="quantity"/>
									<Annotation Term="UI.Importance" EnumMember="UI.ImportanceType/High"/>
								</Record>
								<Record Type="UI.DataField">
									<PropertyValue Property="Value" Path="statu"/>
									<Annotation Term="UI.Importance" EnumMember="UI.ImportanceType/High"/>
								</Record>
								<Record Type="UI.DataField">
									<PropertyValue Property="Value" Path="feedback"/>
									<Annotation Term="UI.Importance" EnumMember="UI.ImportanceType/High"/>
								</Record>
							</Collection>
						</PropertyValue>
						<PropertyValue Property="Label" String="Worklog Detail"/>
					</Record>
				</Annotation>
				<Annotation Term="UI.HeaderInfo">
					<Record>
						<PropertyValue Property="TypeName" String=""/>
						<PropertyValue Property="TypeNamePlural" String=""/>
						<PropertyValue Property="Title">
							<Record Type="UI.DataField">
								<PropertyValue Property="Value" Path="assigmentno"/>
							</Record>
						</PropertyValue>
					</Record>
				</Annotation>
				<Annotation Term="UI.Identification">
					<Collection>
						<Record Type="UI.DataField">
							<PropertyValue Property="Value" Path="worklogno"/>
						</Record>
						<Record Type="UI.DataField">
							<PropertyValue Property="Value" Path="assigmentno"/>
						</Record>
					</Collection>
				</Annotation>
				<Annotation Term="UI.LineItem">
					<Collection>
						<Record Type="UI.DataField">
							<PropertyValue Property="Value" Path="assigmentno"/>
							<Annotation Term="UI.Importance" EnumMember="UI.ImportanceType/High"/>
						</Record>
						<Record Type="UI.DataField">
							<PropertyValue Property="Value" Path="rdes"/>
							<Annotation Term="UI.Importance" EnumMember="UI.ImportanceType/High"/>
						</Record>
						<Record Type="UI.DataField">
							<PropertyValue Property="Value" Path="custdetail"/>
							<Annotation Term="UI.Importance" EnumMember="UI.ImportanceType/High"/>
						</Record>
						<Record Type="UI.DataField">
							<PropertyValue Property="Value" Path="CreatedTime"/>
							<Annotation Term="UI.Importance" EnumMember="UI.ImportanceType/High"/>
						</Record>
						<Record Type="UI.DataField">
							<PropertyValue Property="Value" Path="custaddres"/>
							<Annotation Term="UI.Importance" EnumMember="UI.ImportanceType/High"/>
						</Record>
						<Record Type="UI.DataField">
							<PropertyValue Property="Value" Path="FeedbackDesc"/>
							<Annotation Term="UI.Importance" EnumMember="UI.ImportanceType/High"/>
						</Record>
						<Record Type="UI.DataField">
							<PropertyValue Property="Value" Path="amount"/>
							<Annotation Term="UI.Importance" EnumMember="UI.ImportanceType/High"/>
						</Record>
						<Record Type="UI.DataField">
							<PropertyValue Property="Value" Path="SalesStatusText"/>
							<Annotation Term="UI.Importance" EnumMember="UI.ImportanceType/High"/>
						</Record>
					</Collection>
				</Annotation>
			</Annotations>
		</Schema>
	</edmx:DataServices>
</edmx:Edmx>