<?xml version="1.0"?>
<Edmx xmlns:edmx="http://schemas.microsoft.com/ado/2007/06/edmx" Version="1.0">
	<DataServices xmlns:m="http://schemas.microsoft.com/ado/2007/08/dataservices/metadata" m:DataServiceVersion="1.0">
		<Schema xmlns="http://schemas.microsoft.com/ado/2008/09/edm" Namespace="ESPM">
			<EntityType Name="Customer">
				<Key><PropertyRef Name="CustomerId"/></Key><Property Name="City" Type="Edm.String" Nullable="true" MaxLength="40"/><Property Name="Country" Type="Edm.String" Nullable="true" MaxLength="3"/><Property Name="CustomerId" Type="Edm.String" Nullable="false" MaxLength="36"/><Property Name="DateOfBirth" Type="Edm.DateTime" Nullable="false"/><Property Name="EmailAddress" Type="Edm.String" Nullable="true" MaxLength="255"/><Property Name="FirstName" Type="Edm.String" Nullable="true" MaxLength="40"/><Property Name="HouseNumber" Type="Edm.String" Nullable="true" MaxLength="10"/><Property Name="LastName" Type="Edm.String" Nullable="true" MaxLength="40"/><Property Name="PhoneNumber" Type="Edm.String" Nullable="true" MaxLength="30"/><Property Name="PostalCode" Type="Edm.String" Nullable="true" MaxLength="10"/><Property Name="Street" Type="Edm.String" Nullable="true" MaxLength="60"/><Property Name="Address" Type="ESPM.Address" Nullable="true"/><Property Name="UpdatedTimestamp" Type="Edm.DateTime"/><NavigationProperty Name="SalesOrders" Relationship="ESPM.Customer_to_SalesOrderHeaders" FromRole="Customer" ToRole="SalesOrderHeader"/></EntityType>
			<ComplexType Name="Address"><Property Name="HouseNumber" Type="Edm.String" Nullable="true"/><Property Name="Street" Type="Edm.String" Nullable="true"/><Property Name="City" Type="Edm.String" Nullable="true"/><Property Name="Country" Type="Edm.String" Nullable="true"/><Property Name="PostalCode" Type="Edm.String" Nullable="true"/></ComplexType>
			<EntityType Name="Supplier">
				<Key><PropertyRef Name="SupplierId"/></Key><Property Name="City" Type="Edm.String" Nullable="true" MaxLength="40"/><Property Name="Country" Type="Edm.String" Nullable="true" MaxLength="3"/><Property Name="EmailAddress" Type="Edm.String" Nullable="true" MaxLength="255"/><Property Name="HouseNumber" Type="Edm.String" Nullable="true" MaxLength="10"/><Property Name="PhoneNumber" Type="Edm.String" Nullable="true" MaxLength="30"/><Property Name="PostalCode" Type="Edm.String" Nullable="true" MaxLength="10"/><Property Name="Street" Type="Edm.String" Nullable="true" MaxLength="60"/><Property Name="SupplierId" Type="Edm.String" Nullable="false" MaxLength="36"/><Property Name="SupplierName" Type="Edm.String" Nullable="true" MaxLength="80"/><Property Name="Address" Type="ESPM.Address" Nullable="true"/><Property Name="UpdatedTimestamp" Type="Edm.DateTime"/><NavigationProperty Name="Products" Relationship="ESPM.Supplier_to_Products" FromRole="Supplier" ToRole="Product"/><NavigationProperty Name="PurchaseOrders" Relationship="ESPM.Supplier_to_PurchaseOrderHeaders" FromRole="Supplier"
					ToRole="PurchaseOrderHeader"/></EntityType>
			<EntityType Name="Product" m:HasStream="true">
				<Key><PropertyRef Name="ProductId"/></Key><Property Name="Category" Type="Edm.String" Nullable="true" MaxLength="40"/><Property Name="CategoryName" Type="Edm.String" Nullable="true" MaxLength="40"/><Property Name="CurrencyCode" Type="Edm.String" Nullable="true" MaxLength="5"/><Property Name="DimensionDepth" Type="Edm.Decimal" Nullable="true" Precision="13" Scale="4"/><Property Name="DimensionHeight" Type="Edm.Decimal" Nullable="true" Precision="13" Scale="4"/><Property Name="DimensionUnit" Type="Edm.String" Nullable="true" MaxLength="3"/><Property Name="DimensionWidth" Type="Edm.Decimal" Nullable="true" Precision="13" Scale="4"/><Property Name="LongDescription" Type="Edm.String" Nullable="true" MaxLength="255"/><Property Name="Name" Type="Edm.String"/><Property Name="PictureUrl" Type="Edm.String" Nullable="true" MaxLength="255"/><Property Name="Price" Type="Edm.Decimal" Nullable="true" Precision="23" Scale="3"/><Property Name="ProductId" Type="Edm.String" Nullable="false" MaxLength="36"/><Property Name="QuantityUnit" Type="Edm.String" Nullable="true" MaxLength="3"/><Property Name="ShortDescription" Type="Edm.String" Nullable="true" MaxLength="255"/><Property Name="SupplierId" Type="Edm.String" Nullable="false" MaxLength="36"/><Property Name="UpdatedTimestamp" Type="Edm.DateTime"/><Property Name="Weight" Type="Edm.Decimal" Nullable="true" Precision="13" Scale="3"/><Property Name="WeightUnit" Type="Edm.String" Nullable="true" MaxLength="3"/><NavigationProperty Name="StockDetails" Relationship="ESPM.Product_to_Stock" FromRole="Product" ToRole="Stock"/><NavigationProperty Name="SupplierDetails" Relationship="ESPM.Supplier_to_Products" FromRole="Product" ToRole="Supplier"/></EntityType>
			<EntityType Name="ProductCategory">
				<Key><PropertyRef Name="Category"/></Key><Property Name="Category" Type="Edm.String" Nullable="false" MaxLength="40"/><Property Name="CategoryName" Type="Edm.String" Nullable="true" MaxLength="40"/><Property Name="MainCategory" Type="Edm.String" Nullable="true" MaxLength="40"/><Property Name="MainCategoryName" Type="Edm.String" Nullable="true" MaxLength="40"/><Property Name="NumberOfProducts" Type="Edm.Int64" Nullable="true"/><Property Name="UpdatedTimestamp" Type="Edm.DateTime"/></EntityType>
			<EntityType Name="ProductText">
				<Key><PropertyRef Name="Id"/></Key><Property Name="Id" Type="Edm.Int64" Nullable="false"/><Property Name="Language" Type="Edm.String" Nullable="true" MaxLength="2"/><Property Name="LongDescription" Type="Edm.String" Nullable="true" MaxLength="255"/><Property Name="Name" Type="Edm.String"/><Property Name="ProductId" Type="Edm.String" Nullable="false" MaxLength="36"/><Property Name="ShortDescription" Type="Edm.String" Nullable="true" MaxLength="255"/></EntityType>
			<EntityType Name="Stock">
				<Key><PropertyRef Name="ProductId"/></Key><Property Name="LotSize" Type="Edm.Decimal" Nullable="true" Precision="13" Scale="3"/><Property Name="MinStock" Type="Edm.Decimal" Nullable="true" Precision="13" Scale="3"/><Property Name="ProductId" Type="Edm.String" Nullable="false" MaxLength="255"/><Property Name="Quantity" Type="Edm.Decimal" Nullable="true" Precision="13" Scale="3"/><Property Name="QuantityLessMin" Type="Edm.Boolean" Nullable="true"/><Property Name="UpdatedTimestamp" Type="Edm.DateTime"/><NavigationProperty Name="ProductDetails" Relationship="ESPM.Product_to_Stock" FromRole="Stock" ToRole="Product"/></EntityType>
			<EntityType Name="PurchaseOrderHeader">
				<Key><PropertyRef Name="PurchaseOrderId"/></Key><Property Name="CurrencyCode" Type="Edm.String" Nullable="true" MaxLength="5"/><Property Name="GrossAmount" Type="Edm.Decimal" Nullable="true" Precision="15" Scale="3"/><Property Name="NetAmount" Type="Edm.Decimal" Nullable="true" Precision="15" Scale="3"/><Property Name="PurchaseOrderId" Type="Edm.String" Nullable="false" MaxLength="36"/><Property Name="SupplierId" Type="Edm.String" Nullable="false" MaxLength="36"/><Property Name="TaxAmount" Type="Edm.Decimal" Nullable="true" Precision="15" Scale="3"/><NavigationProperty Name="Items" Relationship="ESPM.PurchaseOrderHeader_to_PurchaseOrderItems" FromRole="PurchaseOrderHeader"
					ToRole="PurchaseOrderItem"/><NavigationProperty Name="SupplierDetails" Relationship="ESPM.Supplier_to_PurchaseOrderHeaders" FromRole="PurchaseOrderHeader"
					ToRole="Supplier"/></EntityType>
			<EntityType Name="PurchaseOrderItem">
				<Key><PropertyRef Name="ItemNumber"/><PropertyRef Name="PurchaseOrderId"/></Key><Property Name="CurrencyCode" Type="Edm.String" Nullable="true" MaxLength="5"/><Property Name="GrossAmount" Type="Edm.Decimal" Nullable="true" Precision="15" Scale="3"/><Property Name="ItemNumber" Type="Edm.Int32" Nullable="false"/><Property Name="NetAmount" Type="Edm.Decimal" Nullable="true" Precision="15" Scale="3"/><Property Name="ProductId" Type="Edm.String" Nullable="false" MaxLength="36"/><Property Name="PurchaseOrderId" Type="Edm.String" Nullable="false" MaxLength="36"/><Property Name="Quantity" Type="Edm.Decimal" Nullable="true" Precision="13" Scale="3"/><Property Name="QuantityUnit" Type="Edm.String" Nullable="true" MaxLength="3"/><Property Name="TaxAmount" Type="Edm.Decimal" Nullable="true" Precision="15" Scale="3"/><NavigationProperty Name="Header" Relationship="ESPM.PurchaseOrderHeader_to_PurchaseOrderItems" FromRole="PurchaseOrderItem"
					ToRole="PurchaseOrderHeader"/><NavigationProperty Name="ProductDetails" Relationship="ESPM.Product_to_PurchaseOrderItems" FromRole="PurchaseOrderItem" ToRole="Product"/></EntityType>
			<EntityType Name="SalesOrderHeader">
				<Key><PropertyRef Name="SalesOrderId"/></Key><Property Name="CreatedAt" Type="Edm.DateTime" Nullable="true"/><Property Name="CurrencyCode" Type="Edm.String" Nullable="true" MaxLength="5"/><Property Name="CustomerId" Type="Edm.String" Nullable="false" MaxLength="36"/><Property Name="GrossAmount" Type="Edm.Decimal" Nullable="true" Precision="15" Scale="3"/><Property Name="LifeCycleStatus" Type="Edm.String" Nullable="false" MaxLength="1"/><Property Name="LifeCycleStatusName" Type="Edm.String" Nullable="false" MaxLength="255"/><Property Name="NetAmount" Type="Edm.Decimal" Nullable="true" Precision="15" Scale="3"/><Property Name="SalesOrderId" Type="Edm.String" Nullable="false" MaxLength="36"/><Property Name="TaxAmount" Type="Edm.Decimal" Nullable="true" Precision="15" Scale="3"/><NavigationProperty Name="Items" Relationship="ESPM.SalesOrderHeader_to_SalesOrderItems" FromRole="SalesOrderHeader" ToRole="SalesOrderItem"/><NavigationProperty Name="CustomerDetails" Relationship="ESPM.Customer_to_SalesOrderHeaders" FromRole="SalesOrderHeader" ToRole="Customer"/></EntityType>
			<EntityType Name="SalesOrderItem">
				<Key><PropertyRef Name="ItemNumber"/><PropertyRef Name="SalesOrderId"/></Key><Property Name="CurrencyCode" Type="Edm.String" Nullable="true" MaxLength="5"/><Property Name="DeliveryDate" Type="Edm.DateTime" Nullable="true"/><Property Name="GrossAmount" Type="Edm.Decimal" Nullable="true" Precision="15" Scale="3"/><Property Name="ItemNumber" Type="Edm.Int32" Nullable="false"/><Property Name="NetAmount" Type="Edm.Decimal" Nullable="true" Precision="15" Scale="3"/><Property Name="ProductId" Type="Edm.String" Nullable="false" MaxLength="36"/><Property Name="Quantity" Type="Edm.Decimal" Nullable="true" Precision="13" Scale="3"/><Property Name="QuantityUnit" Type="Edm.String" Nullable="true" MaxLength="3"/><Property Name="SalesOrderId" Type="Edm.String" Nullable="false" MaxLength="36"/><Property Name="TaxAmount" Type="Edm.Decimal" Nullable="true" Precision="15" Scale="3"/><NavigationProperty Name="Header" Relationship="ESPM.SalesOrderHeader_to_SalesOrderItems" FromRole="SalesOrderItem"
					ToRole="SalesOrderHeader"/><NavigationProperty Name="ProductDetails" Relationship="ESPM.Product_to_SalesOrderItems" FromRole="SalesOrderItem" ToRole="Product"/></EntityType>
			<Association Name="Customer_to_SalesOrderHeaders">
				<End Type="ESPM.Customer" Multiplicity="1" Role="Customer"><OnDelete Action="None"/></End><End Type="ESPM.SalesOrderHeader" Multiplicity="*" Role="SalesOrderHeader"/>
				<ReferentialConstraint>
					<Principal Role="Customer"><PropertyRef Name="CustomerId"/></Principal>
					<Dependent Role="SalesOrderHeader"><PropertyRef Name="CustomerId"/></Dependent>
				</ReferentialConstraint>
			</Association>
			<Association Name="Supplier_to_PurchaseOrderHeaders">
				<End Type="ESPM.Supplier" Multiplicity="1" Role="Supplier"><OnDelete Action="None"/></End><End Type="ESPM.PurchaseOrderHeader" Multiplicity="*" Role="PurchaseOrderHeader"/>
				<ReferentialConstraint>
					<Principal Role="Supplier"><PropertyRef Name="SupplierId"/></Principal>
					<Dependent Role="PurchaseOrderHeader"><PropertyRef Name="SupplierId"/></Dependent>
				</ReferentialConstraint>
			</Association>
			<Association Name="Supplier_to_Products">
				<End Type="ESPM.Supplier" Multiplicity="1" Role="Supplier"><OnDelete Action="None"/></End><End Type="ESPM.Product" Multiplicity="*" Role="Product"/>
				<ReferentialConstraint>
					<Principal Role="Supplier"><PropertyRef Name="SupplierId"/></Principal>
					<Dependent Role="Product"><PropertyRef Name="SupplierId"/></Dependent>
				</ReferentialConstraint>
			</Association>
			<Association Name="Product_to_PurchaseOrderItems">
				<End Type="ESPM.Product" Multiplicity="1" Role="Product"><OnDelete Action="None"/></End><End Type="ESPM.PurchaseOrderItem" Multiplicity="*" Role="PurchaseOrderItem"/>
				<ReferentialConstraint>
					<Principal Role="Product"><PropertyRef Name="ProductId"/></Principal>
					<Dependent Role="PurchaseOrderItem"><PropertyRef Name="ProductId"/></Dependent>
				</ReferentialConstraint>
			</Association>
			<Association Name="Product_to_SalesOrderItems">
				<End Type="ESPM.Product" Multiplicity="1" Role="Product"><OnDelete Action="None"/></End><End Type="ESPM.SalesOrderItem" Multiplicity="*" Role="SalesOrderItem"/>
				<ReferentialConstraint>
					<Principal Role="Product"><PropertyRef Name="ProductId"/></Principal>
					<Dependent Role="SalesOrderItem"><PropertyRef Name="ProductId"/></Dependent>
				</ReferentialConstraint>
			</Association>
			<Association Name="Product_to_Stock">
				<End Type="ESPM.Product" Multiplicity="1" Role="Product"><OnDelete Action="Cascade"/></End><End Type="ESPM.Stock" Multiplicity="1" Role="Stock"/>
				<ReferentialConstraint>
					<Principal Role="Product"><PropertyRef Name="ProductId"/></Principal>
					<Dependent Role="Stock"><PropertyRef Name="ProductId"/></Dependent>
				</ReferentialConstraint>
			</Association>
			<Association Name="PurchaseOrderHeader_to_PurchaseOrderItems">
				<End Type="ESPM.PurchaseOrderHeader" Multiplicity="1" Role="PurchaseOrderHeader"><OnDelete Action="Cascade"/></End><End Type="ESPM.PurchaseOrderItem" Multiplicity="*" Role="PurchaseOrderItem"/>
				<ReferentialConstraint>
					<Principal Role="PurchaseOrderHeader"><PropertyRef Name="PurchaseOrderId"/></Principal>
					<Dependent Role="PurchaseOrderItem"><PropertyRef Name="PurchaseOrderId"/></Dependent>
				</ReferentialConstraint>
			</Association>
			<Association Name="SalesOrderHeader_to_SalesOrderItems">
				<End Type="ESPM.SalesOrderHeader" Multiplicity="1" Role="SalesOrderHeader"><OnDelete Action="Cascade"/></End><End Type="ESPM.SalesOrderItem" Multiplicity="*" Role="SalesOrderItem"/>
				<ReferentialConstraint>
					<Principal Role="SalesOrderHeader"><PropertyRef Name="SalesOrderId"/></Principal>
					<Dependent Role="SalesOrderItem"><PropertyRef Name="SalesOrderId"/></Dependent>
				</ReferentialConstraint>
			</Association>
			<EntityContainer Name="ESPMContainer" m:IsDefaultEntityContainer="true"><EntitySet Name="Customers" EntityType="ESPM.Customer"/><EntitySet Name="Suppliers" EntityType="ESPM.Supplier"/><EntitySet Name="Products" EntityType="ESPM.Product"/><EntitySet Name="ProductCategories" EntityType="ESPM.ProductCategory"/><EntitySet Name="ProductTexts" EntityType="ESPM.ProductText"/><EntitySet Name="Stock" EntityType="ESPM.Stock"/><EntitySet Name="PurchaseOrderHeaders" EntityType="ESPM.PurchaseOrderHeader"/><EntitySet Name="PurchaseOrderItems" EntityType="ESPM.PurchaseOrderItem"/><EntitySet Name="SalesOrderHeaders" EntityType="ESPM.SalesOrderHeader"/><EntitySet Name="SalesOrderItems" EntityType="ESPM.SalesOrderItem"/>
				<AssociationSet Name="Customer_to_SalesOrderHeaders" Association="ESPM.Customer_to_SalesOrderHeaders"><End EntitySet="Customers" Role="Customer"/><End EntitySet="SalesOrderHeaders" Role="SalesOrderHeader"/></AssociationSet>
				<AssociationSet Name="Supplier_to_PurchaseOrderHeaders" Association="ESPM.Supplier_to_PurchaseOrderHeaders"><End EntitySet="Suppliers" Role="Supplier"/><End EntitySet="PurchaseOrderHeaders" Role="PurchaseOrderHeader"/></AssociationSet>
				<AssociationSet Name="Supplier_to_Products" Association="ESPM.Supplier_to_Products"><End EntitySet="Suppliers" Role="Supplier"/><End EntitySet="Products" Role="Product"/></AssociationSet>
				<AssociationSet Name="Product_to_PurchaseOrderItems" Association="ESPM.Product_to_PurchaseOrderItems"><End EntitySet="Products" Role="Product"/><End EntitySet="PurchaseOrderItems" Role="PurchaseOrderItem"/></AssociationSet>
				<AssociationSet Name="Product_to_SalesOrderItems" Association="ESPM.Product_to_SalesOrderItems"><End EntitySet="SalesOrderItems" Role="SalesOrderItem"/><End EntitySet="Products" Role="Product"/></AssociationSet>
				<AssociationSet Name="Product_to_Stock" Association="ESPM.Product_to_Stock"><End EntitySet="Products" Role="Product"/><End EntitySet="Stock" Role="Stock"/></AssociationSet>
				<AssociationSet Name="PurchaseOrderHeader_to_PurchaseOrderItems" Association="ESPM.PurchaseOrderHeader_to_PurchaseOrderItems"><End EntitySet="PurchaseOrderItems" Role="PurchaseOrderItem"/><End EntitySet="PurchaseOrderHeaders" Role="PurchaseOrderHeader"/></AssociationSet>
				<AssociationSet Name="SalesOrderHeader_to_SalesOrderItems" Association="ESPM.SalesOrderHeader_to_SalesOrderItems"><End EntitySet="SalesOrderItems" Role="SalesOrderItem"/><End EntitySet="SalesOrderHeaders" Role="SalesOrderHeader"/></AssociationSet><FunctionImport Name="GenerateSamplePurchaseOrders" ReturnType="Edm.Boolean" m:HttpMethod="POST"/><FunctionImport Name="GenerateSampleSalesOrders" ReturnType="Edm.Boolean" m:HttpMethod="POST"/><FunctionImport Name="ResetSampleData" ReturnType="Edm.Boolean" m:HttpMethod="POST"/>
				<FunctionImport Name="UpdateSalesOrderStatus" ReturnType="Edm.Boolean" m:HttpMethod="POST"><Parameter Name="id" Type="Edm.String" Nullable="false"/><Parameter Name="newStatus" Type="Edm.String" Nullable="false"/></FunctionImport>
			</EntityContainer>
		</Schema>
	</DataServices>
</Edmx>