<edmx:Edmx Version="1.0"
    xmlns:edmx="http://schemas.microsoft.com/ado/2007/06/edmx"
    xmlns:sap="http://www.sap.com/Protocols/SAPData">
    <edmx:DataServices
        xmlns:m="http://schemas.microsoft.com/ado/2007/08/dataservices/metadata" m:DataServiceVersion="2.0">
        <Schema
            xmlns="http://schemas.microsoft.com/ado/2008/09/edm"
			Namespace="ZUPS_BULK_DATA_ENT" xml:lang="en" sap:schema-version="1">
            <EntityType Name="Route" sap:content-version="1">
                <Key>
                    <PropertyRef Name="RouteId" />
                </Key>
                <Property Name="RouteId" Type="Edm.String" Nullable="false"
					sap:label="Route ID" sap:creatable="false" sap:updatable="false"
					sap:sortable="false" sap:filterable="false" />
                <Property Name="RouteName" Type="Edm.String" Nullable="false"
					MaxLength="30" sap:label="RouteName" sap:creatable="false"
					sap:updatable="false" sap:sortable="false" sap:filterable="false" />
                <Property Name="StopCount" Type="Edm.Int16" Nullable="false"
					MaxLength="3" sap:label="StopCount" sap:creatable="false"
					sap:updatable="false" sap:sortable="false" sap:filterable="false" />
                <NavigationProperty Name="Stops"
					Relationship="ZUPS_BULK_DATA_ENT.Route_Stops" FromRole="FromRole_Route_Stops"
					ToRole="ToRole_Route_Stops" />
            </EntityType>
            <EntityType Name="Stop" sap:content-version="1">
                <Key>
                    <PropertyRef Name="StopId" />
                </Key>
                <Property Name="StopId" Type="Edm.String" Nullable="false"
					sap:label="Stop ID" sap:creatable="false" sap:updatable="false"
					sap:sortable="false" sap:filterable="false" />
                <Property Name="Seqno" Type="Edm.String" Nullable="false"
					MaxLength="3" sap:label="Stops SeqNo" sap:creatable="false"
					sap:updatable="false" sap:sortable="false" sap:filterable="false" />
                <Property Name="RouteId" Type="Edm.String" Nullable="false"
					sap:label="Route ID" sap:creatable="false" sap:updatable="false"
					sap:sortable="false" sap:filterable="false" />
                <Property Name="RouteName" Type="Edm.String" Nullable="false"
					MaxLength="30" sap:label="Route Name" sap:creatable="false"
					sap:updatable="false" sap:sortable="false" sap:filterable="false" />
                <Property Name="StopName" Type="Edm.String" Nullable="false"
					MaxLength="30" sap:label="Stop Name" sap:creatable="false"
					sap:updatable="false" sap:sortable="false" sap:filterable="false" />
                <Property Name="ObjectCount" Type="Edm.Int16" Nullable="false"
					MaxLength="1" sap:label="ObjectCount" sap:creatable="false"
					sap:updatable="false" sap:sortable="false" sap:filterable="false" />
                <NavigationProperty Name="Objects"
					Relationship="ZUPS_BULK_DATA_ENT.Stop_Objects" FromRole="FromRole_Stop_Objects"
					ToRole="ToRole_Stop_Objects" />
            </EntityType>
            <EntityType Name="Object" sap:content-version="1">
                <Key>
                    <PropertyRef Name="ObjectId" />
                </Key>
                <Property Name="ObjectId" Type="Edm.String" Nullable="false"
					sap:label="Object ID" sap:creatable="false" sap:updatable="false"
					sap:sortable="false" sap:filterable="false" />
                <Property Name="StopId" Type="Edm.String" Nullable="false"
					sap:label="Stop ID" sap:creatable="false" sap:updatable="false"
					sap:sortable="false" sap:filterable="false" />
                <Property Name="ObjectName" Type="Edm.String" Nullable="false"
					MaxLength="30" sap:label="ObjectName" sap:creatable="false"
					sap:updatable="false" sap:sortable="false" sap:filterable="false" />
                <NavigationProperty Name="Measurements"
					Relationship="ZUPS_BULK_DATA_ENT.Object_Measurements" FromRole="FromRole_Object_Measurements"
					ToRole="ToRole_Object_Measurements" />
            </EntityType>
            <EntityType Name="Measurement" sap:content-version="1">
                <Key>
                    <PropertyRef Name="MeasurementId" />
                </Key>
                <Property Name="MeasurementId" Type="Edm.String" Nullable="false"
					sap:label="Measurement ID" sap:creatable="false" sap:updatable="false"
					sap:sortable="false" sap:filterable="false" />
                <Property Name="MeasurementName" Type="Edm.String"
					Nullable="false" MaxLength="30" sap:label="MeasurementName"
					sap:creatable="false" sap:updatable="false" sap:sortable="false"
					sap:filterable="false" />
                <Property Name="ObjectId" Type="Edm.String" Nullable="false"
					sap:label="Object ID" sap:creatable="false" sap:updatable="false"
					sap:sortable="false" sap:filterable="false" />
                <Property Name="Date" Type="Edm.DateTime" Nullable="false"
					sap:label="Timestamp" sap:creatable="false" sap:updatable="false"
					sap:sortable="false" sap:filterable="false" />
                <Property Name="Value1" Type="Edm.Int16" Nullable="false"
					MaxLength="3" sap:label="Value1" sap:creatable="false"
					sap:updatable="false" sap:sortable="false" sap:filterable="false" />
                <Property Name="Value2" Type="Edm.Int16" Nullable="false"
					MaxLength="3" sap:label="Value2" sap:creatable="false"
					sap:updatable="false" sap:sortable="false" sap:filterable="false" />
                <Property Name="Value3" Type="Edm.Int16" Nullable="false"
					MaxLength="3" sap:label="Value3" sap:creatable="false"
					sap:updatable="false" sap:sortable="false" sap:filterable="false" />
                <Property Name="Value4" Type="Edm.Int16" Nullable="false"
					MaxLength="3" sap:label="Value4" sap:creatable="false"
					sap:updatable="false" sap:sortable="false" sap:filterable="false" />
                <Property Name="Value5" Type="Edm.Int16" Nullable="false"
					MaxLength="3" sap:label="Value5" sap:creatable="false"
					sap:updatable="false" sap:sortable="false" sap:filterable="false" />
                <Property Name="Value6" Type="Edm.Int16" Nullable="false"
					MaxLength="3" sap:label="Value6" sap:creatable="false"
					sap:updatable="false" sap:sortable="false" sap:filterable="false" />
                <Property Name="Value7" Type="Edm.Int16" Nullable="false"
					MaxLength="3" sap:label="Value7" sap:creatable="false"
					sap:updatable="false" sap:sortable="false" sap:filterable="false" />
            </EntityType>
            <Association Name="Route_Stops" sap:content-version="1">
                <End Type="ZUPS_BULK_DATA_ENT.Route" Multiplicity="1"
					Role="FromRole_Route_Stops" />
                <End Type="ZUPS_BULK_DATA_ENT.Stop" Multiplicity="*"
					Role="ToRole_Route_Stops" />
                <ReferentialConstraint>
                    <Principal Role="FromRole_Route_Stops">
                        <PropertyRef Name="RouteId" />
                    </Principal>
                    <Dependent Role="ToRole_Route_Stops">
                        <PropertyRef Name="RouteId" />
                    </Dependent>
                </ReferentialConstraint>
            </Association>
            <Association Name="Stop_Objects" sap:content-version="1">
                <End Type="ZUPS_BULK_DATA_ENT.Stop" Multiplicity="1"
					Role="FromRole_Stop_Objects" />
                <End Type="ZUPS_BULK_DATA_ENT.Object" Multiplicity="*"
					Role="ToRole_Stop_Objects" />
                <ReferentialConstraint>
                    <Principal Role="FromRole_Stop_Objects">
                        <PropertyRef Name="StopId" />
                    </Principal>
                    <Dependent Role="ToRole_Stop_Objects">
                        <PropertyRef Name="StopId" />
                    </Dependent>
                </ReferentialConstraint>
            </Association>
            <Association Name="Object_Measurements"
				sap:content-version="1">
                <End Type="ZUPS_BULK_DATA_ENT.Object" Multiplicity="1"
					Role="FromRole_Object_Measurements" />
                <End Type="ZUPS_BULK_DATA_ENT.Measurement" Multiplicity="*"
					Role="ToRole_Object_Measurements" />
                <ReferentialConstraint>
                    <Principal Role="FromRole_Object_Measurements">
                        <PropertyRef Name="ObjectId" />
                    </Principal>
                    <Dependent Role="ToRole_Object_Measurements">
                        <PropertyRef Name="ObjectId" />
                    </Dependent>
                </ReferentialConstraint>
            </Association>
            <EntityContainer Name="ZUPS_BULK_DATA_ENT_Entities"
				m:IsDefaultEntityContainer="true" sap:supported-formats="atom json xlsx">
                <EntitySet Name="Stops" EntityType="ZUPS_BULK_DATA_ENT.Stop"
					sap:creatable="false" sap:updatable="false" sap:deletable="false"
					sap:pageable="false" sap:content-version="1" />
                <EntitySet Name="Routes" EntityType="ZUPS_BULK_DATA_ENT.Route"
					sap:creatable="false" sap:updatable="false" sap:deletable="false"
					sap:pageable="false" sap:content-version="1" />
                <EntitySet Name="Objects" EntityType="ZUPS_BULK_DATA_ENT.Object"
					sap:creatable="false" sap:updatable="false" sap:deletable="false"
					sap:pageable="false" sap:content-version="1" />
                <EntitySet Name="Measurements" EntityType="ZUPS_BULK_DATA_ENT.Measurement"
					sap:creatable="false" sap:updatable="false" sap:deletable="false"
					sap:pageable="false" sap:content-version="1" />
                <AssociationSet Name="Route_StopsSet" Association="ZUPS_BULK_DATA_ENT.Route_Stops"
					sap:creatable="false" sap:updatable="false" sap:deletable="false"
					sap:content-version="1">
                    <End EntitySet="Routes" Role="FromRole_Route_Stops" />
                    <End EntitySet="Stops" Role="ToRole_Route_Stops" />
                </AssociationSet>
                <AssociationSet Name="Stop_ObjectsSet"
					Association="ZUPS_BULK_DATA_ENT.Stop_Objects" sap:creatable="false"
					sap:updatable="false" sap:deletable="false" sap:content-version="1">
                    <End EntitySet="Stops" Role="FromRole_Stop_Objects" />
                    <End EntitySet="Objects" Role="ToRole_Stop_Objects" />
                </AssociationSet>
                <AssociationSet Name="Object_MeasurementsSet"
					Association="ZUPS_BULK_DATA_ENT.Object_Measurements" sap:creatable="false"
					sap:updatable="false" sap:deletable="false" sap:content-version="1">
                    <End EntitySet="Objects" Role="FromRole_Object_Measurements" />
                    <End EntitySet="Measurements" Role="ToRole_Object_Measurements" />
                </AssociationSet>
            </EntityContainer>
        </Schema>
    </edmx:DataServices>
</edmx:Edmx>