<?xml version="1.0" encoding="utf-8"?>
<edmx:Edmx Version="1.0" xmlns:edmx="http://schemas.microsoft.com/ado/2007/06/edmx" xmlns:edmx4="http://docs.oasis-open.org/odata/ns/edmx" xmlns:m="http://schemas.microsoft.com/ado/2007/08/dataservices/metadata">
    <edmx4:Reference Uri="vocabularies/com.sap.cloud.server.odata.sql.v1.xml">
        <edmx4:Include Namespace="com.sap.cloud.server.odata.sql.v1" Alias="SQL"/>
    </edmx4:Reference>
    <edmx:DataServices m:DataServiceVersion="2.0">
        <Schema Namespace="com.family.in" xmlns="http://schemas.microsoft.com/ado/2008/09/edm">
            <EntityType Name="Details">
                <Key>
                    <PropertyRef Name="DetailsID"/>
                </Key>
                <Property Name="Birth" Type="Edm.String" Nullable="false" MaxLength="20"/>
                <Property Name="DetailsID" Type="Edm.Int64" Nullable="false"/>
                <Property Name="MarriedTo" Type="Edm.String" Nullable="false" MaxLength="100"/>
                <Property Name="Name" Type="Edm.String" Nullable="false" MaxLength="100"/>
                <Property Name="Profession" Type="Edm.String" Nullable="false" MaxLength="100"/>
            </EntityType>
            <EntityContainer Name="InService" m:IsDefaultEntityContainer="true">
                <Annotation Term="SQL.TrackChanges" xmlns="http://docs.oasis-open.org/odata/ns/edm"/>
                <EntitySet Name="DetailsSet" EntityType="com.family.in.Details"/>
            </EntityContainer>
        </Schema>
    </edmx:DataServices>
</edmx:Edmx>
