<edmx:Edmx xmlns:edmx="http://schemas.microsoft.com/ado/2007/06/edmx"
	xmlns:m="http://schemas.microsoft.com/ado/2007/08/dataservices/metadata" xmlns:sap="http://www.sap.com/Protocols/SAPData" Version="1.0">
	<edmx:DataServices m:DataServiceVersion="2.0">
		<Schema xmlns="http://schemas.microsoft.com/ado/2008/09/edm" Namespace="ZGW_SCP_REFINERY_WO_COMM_SRV" xml:lang="en" sap:schema-version="1">
			<EntityType Name="WOOperation" sap:content-version="1">
				<Key><PropertyRef Name="WorkOrderID"/>
					<PropertyRef Name="WOOPID"/></Key>
				<Property Name="WorkOrderID" Type="Edm.Int32" Nullable="false" MaxLength="32" sap:unicode="false" sap:label="GUID" sap:creatable="false"
					sap:updatable="false" sap:sortable="false" sap:filterable="false"/>
				<Property Name="Status" Type="Edm.String" sap:unicode="false" sap:label="Status" sap:updatable="false"/>
				<Property Name="Priority" Type="Edm.Int32" sap:unicode="false" sap:label="Priority" sap:updatable="false"/>
				<Property Name="StartTime" Type="Edm.String" sap:unicode="false" sap:label="Start Time" sap:updatable="false"/>
				<Property Name="Description" Type="Edm.String" sap:unicode="false" sap:label="Description" sap:updatable="false"/>
				<Property Name="Unit" Type="Edm.String" sap:unicode="false" sap:label="Unit"/>
				<Property Name="WOOPID" Type="Edm.Int32" sap:unicode="false" sap:label="Work Order Operation ID"/>
				<Property Name="Area" Type="Edm.String" sap:unicode="false" sap:label="Area" sap:filterable="true"/>
				<Property Name="HW" Type="Edm.String" sap:unicode="false" sap:label="HW" sap:updatable="true"/>
				<Property Name="BC" Type="Edm.String" sap:unicode="false" sap:label="BC" sap:updatable="true"/>
				<Property Name="CSE" Type="Edm.String" sap:unicode="false" sap:label="CSE" sap:updatable="true"/>
				<Property Name="EXCV" Type="Edm.String" sap:unicode="false" sap:label="EXCV" sap:updatable="true"/>
				<Property Name="LOTO" Type="Edm.String" sap:unicode="false" sap:label="LOTO" sap:updatable="true"/>
				<Property Name="Comments" Type="Edm.String" sap:unicode="false" sap:label="Comments" sap:updatable="true"/>
					<Property Name="Date" Type="Edm.String" sap:unicode="false" sap:label="Date" sap:updatable="true"/>
			</EntityType>
			<EntityType Name="WOPermit" sap:content-version="1">
				<Key><PropertyRef Name="PermitKey"></PropertyRef></Key>
				<Property Name="PermitKey" Type="Edm.Int32" Nullable="false" MaxLength="32" sap:unicode="false" sap:label="GUID" sap:creatable="false"
					sap:updatable="false" sap:sortable="false" sap:filterable="false"/>
				<Property Name="PermitValue" Type="Edm.String" sap:unicode="false" sap:label="PermitValue" sap:updatable="false"/>
			</EntityType>
			<EntityContainer Name="ZGW_SCP_REFINERY_WO_COMM_SRV_Entities" m:IsDefaultEntityContainer="true" sap:supported-formats="atom json xlsx">
				<EntitySet Name="WOOperations" EntityType="ZGW_SCP_REFINERY_WO_COMM_SRV.WOOperation" sap:searchable="true" sap:content-version="1"/>
			<EntitySet Name="WOPermits" EntityType="ZGW_SCP_REFINERY_WO_COMM_SRV.WOPermit" sap:searchable="true" sap:content-version="1"/>
			
			</EntityContainer>
			<atom:link xmlns:atom="http://www.w3.org/2005/Atom" rel="self" href="./sap/ZGW_SCP_REFINERY_WO_COMM_SRV/$metadata"/>
			<atom:link xmlns:atom="http://www.w3.org/2005/Atom" rel="latest-version" href="./sap/ZGW_SCP_REFINERY_WO_COMM_SRV/$metadata"/>
		</Schema>
	</edmx:DataServices>
</edmx:Edmx>