[{
	"WorkOrderID": 325687,
	"Status": "Exist",
	"Priority": "1",
	"StartTime": "6:30",
	"Description": "Clean internals for inspection, 3F23",
	"Unit": "FCC",
	"WOOPID": 10,
	"__metadata": {
		"uri": "WOOperations(9)",
		"type": "ZGW_SCP_REFINERY_WO_COMM_SRV.WOOperation"
	},
	"Area": "NTH",
	"HW": "N",
	"BC": "Y",
	"CSE": "Y",
	"EXCV": "N",
	"LOTO": "15632",
	"Date": "06.09.2020"
}, {
	"WorkOrderID": 123548,
	"Status": "ExistApp",
	"Priority": 2,
	"StartTime": "10:00",
	"Description": "Install Clamp on BFW line at  3G23",
	"Unit": "FCC",
	"WOOPID": 10,
	"__metadata": {
		"uri": "WOOperations(6671)",
		"type": "ZGW_SCP_REFINERY_WO_COMM_SRV.WOOperation"
	},
	"Area": "STH",
	"HW": "N",
	"BC": "N",
	"CSE": "N",
	"EXCV": "N",
	"LOTO": "N",
	"Date": "06.09.2020"
}, {
	"WorkOrderID": 12354,
	"Status": "NA",
	"Priority": "3",
	"StartTime": "7:00",
	"Description": "Install scaffolding to 3F15 2nd platform",
	"Unit": "Utilities",
	"WOOPID": 30,
	"__metadata": {
		"uri": "WOOperations(7960)",
		"type": "ZGW_SCP_REFINERY_WO_COMM_SRV.WOOperation"
	},
	"Area": "EST",
	"HW": "N",
	"BC": "N",
	"CSE": "N",
	"EXCV": "N",
	"LOTO": "N",
	"Date": "06.09.2020"
}, {
	"WorkOrderID": 14597,
	"Status": "None",
	"Priority": "3",
	"StartTime": "7:00",
	"Description": "Recalibrate LCN rundown analyser",
	"Unit": "FCC",
	"WOOPID": 20,
	"__metadata": {
		"uri": "WOOperations(5101)",
		"type": "ZGW_SCP_REFINERY_WO_COMM_SRV.WOOperation"
	},
	"Area": "MOB",
	"HW": "N",
	"BC": "N",
	"CSE": "N",
	"EXCV": "N",
	"LOTO": "N",
	"Date": "06.09.2020"
}, {
	"WorkOrderID": 85462,
	"Status": "None",
	"Priority": "3",
	"StartTime": "7:30",
	"Description": "Dismantle Scaffolding to Reactor top level",
	"Unit": "FCC",
	"WOOPID": 10,
	"__metadata": {
		"uri": "WOOperations(100)",
		"type": "ZGW_SCP_REFINERY_WO_COMM_SRV.WOOperation"
	},
	"Area": "NTH",
	"HW": "N",
	"BC": "N",
	"CSE": "N",
	"EXCV": "N",
	"LOTO": "N",
	"Date": "06.09.2020"
}, {
	"WorkOrderID": 85462,
	"Status": "NA",
	"Priority": "3",
	"StartTime": "7:30",
	"Description": "Replace NRV flapper on Caustic circ pump.",
	"Unit": "Gastail",
	"WOOPID": 15,
	"__metadata": {
		"uri": "WOOperations(9523)",
		"type": "ZGW_SCP_REFINERY_WO_COMM_SRV.WOOperation"
	},
	"Area": "STH",
	"HW": "N",
	"BC": "Y",
	"CSE": "N",
	"EXCV": "N",
	"LOTO": "12547",
	"Comments": "Circ pump is isolated, ready for field confirmation. Job must be completed by 15:00",
	"Date": "06.09.2020"
}, {
	"WorkOrderID": 789456,
	"Status": "Exist",
	"Priority": "3",
	"StartTime": "7:00",
	"Description": "Remove 3G5 Pump for overhaul",
	"Unit": "Convertor",
	"WOOPID": 40,
	"__metadata": {
		"uri": "WOOperations(3324)",
		"type": "ZGW_SCP_REFINERY_WO_COMM_SRV.WOOperation"
	},
	"Area": "EST",
	"HW": "N",
	"BC": "Y",
	"CSE": "N",
	"EXCV": "N",
	"LOTO": "14855",
	"Comments": "Isolation plan is being modified, Valve not holding, will be available at 09:00",
	"Date": "06.09.2020"
}, {
	"WorkOrderID": 15664,
	"Status": "ExistApp",
	"Priority": "3",
	"StartTime": "8:00",
	"Description": "Installation of new Lube oil pump discharge line, 3G37",
	"Unit": "FCC",
	"WOOPID": 5,
	"__metadata": {
		"uri": "WOOperations(4853)",
		"type": "ZGW_SCP_REFINERY_WO_COMM_SRV.WOOperation"
	},
	"Area": "MOB",
	"HW": "Y",
	"BC": "N",
	"CSE": "N",
	"EXCV": "N",
	"LOTO": "N",
	"Comments": "Hotwork Humpy is not installed, SWMS relates to another job in the POLY. Re-Plan this work.",
	"Date": "06.09.2020"
}]