[{
	"PermitKey": 1,
	"PermitValue": "Permit - HW",
	"__metadata": {
		"uri": "WOPermits(2022)",
		"type": "ZGW_SCP_REFINERY_WO_COMM_SRV.WOPermit"
	}
}, {
	"PermitKey": 2,
	"PermitValue": "Permit - BC",
	"__metadata": {
		"uri": "WOPermits(72)",
		"type": "ZGW_SCP_REFINERY_WO_COMM_SRV.WOPermit"
	}
}, {
	"PermitKey": 3,
	"PermitValue": "Permit - CSE",
	"__metadata": {
		"uri": "WOPermits(4881)",
		"type": "ZGW_SCP_REFINERY_WO_COMM_SRV.WOPermit"
	}
}, {
	"PermitKey": 4,
	"PermitValue": "Permit - EXCV",
	"__metadata": {
		"uri": "WOPermits(7647)",
		"type": "ZGW_SCP_REFINERY_WO_COMM_SRV.WOPermit"
	}
}, {
	"PermitKey": 5,
	"PermitValue": "Lock Out ",
	"__metadata": {
		"uri": "WOPermits(6070)",
		"type": "ZGW_SCP_REFINERY_WO_COMM_SRV.WOPermit"
	}
}]