{
  "run": [
    {
      "filePath": "/ZSRM_SC_APV/index.html",
      "previewMode": 0,
      "dataMode": 1,
      "workspace": "withoutWorkspace",
      "ui5ActiveVersion": null,
      "ui5VerSource": null,
      "isDefaultVersion": 0,
      "urlParameters": [],
      "_metadata": {
        "runnerId": "webapprunner",
        "id": 7203904,
        "displayName": "New Web Application 38",
        "lastRunTimeStamp": 1516692560427
      }
    },
    {
      "filePath": "/ZSRM_SC_APV/index.html",
      "previewMode": 0,
      "dataMode": 1,
      "workspace": "withoutWorkspace",
      "ui5ActiveVersion": null,
      "ui5VerSource": null,
      "isDefaultVersion": 0,
      "urlParameters": [],
      "_metadata": {
        "runnerId": "webapprunner",
        "id": 9753159,
        "displayName": "New Web Application 37"
      }
    },
    {
      "filePath": "/ZSRM_SC_APV/index.html",
      "previewMode": 0,
      "dataMode": 1,
      "workspace": "withoutWorkspace",
      "ui5ActiveVersion": null,
      "ui5VerSource": null,
      "isDefaultVersion": 0,
      "urlParameters": [],
      "_metadata": {
        "runnerId": "webapprunner",
        "id": 8915192,
        "displayName": "New Web Application 21"
      }
    }
  ]
}