{
  "Component.js": "1504693055570",
  "i18n/i18n.properties": "1504693055640",
  "i18n/i18n_ar.properties": "1504693055641",
  "i18n/i18n_bg.properties": "1504693055645",
  "i18n/i18n_cs.properties": "1504693055647",
  "i18n/i18n_de.properties": "1504693055648",
  "i18n/i18n_en.properties": "1504693055649",
  "i18n/i18n_en_US_sappsd.properties": "1504693055653",
  "i18n/i18n_en_US_saptrc.properties": "1504693055651",
  "i18n/i18n_es.properties": "1504693055663",
  "i18n/i18n_fr.properties": "1504693055658",
  "i18n/i18n_hr.properties": "1504693055661",
  "i18n/i18n_hu.properties": "1504693055654",
  "i18n/i18n_it.properties": "1504693055659",
  "i18n/i18n_iw.properties": "1504693055665",
  "i18n/i18n_ja.properties": "1504693055656",
  "i18n/i18n_no.properties": "1504693055666",
  "i18n/i18n_pl.properties": "1504693055668",
  "i18n/i18n_pt.properties": "1504693055670",
  "i18n/i18n_ro.properties": "1504693055672",
  "i18n/i18n_ru.properties": "1504693055674",
  "i18n/i18n_sh.properties": "1504693055677",
  "i18n/i18n_sk.properties": "1504693055675",
  "i18n/i18n_sl.properties": "1504693055679",
  "i18n/i18n_tr.properties": "1504693055681",
  "i18n/i18n_zh_CN.properties": "1504693055682",
  "index.html": "1504693055575",
  "localIndex.html": "1504693055579",
  "model/ForwardingAgentCollection.json": "1504693055594",
  "model/metadata.xml": "1504693055643",
  "model/NotificationCollection.json": "1504693055598",
  "model/SCAAccountingCollection.json": "1504693055600",
  "model/SCAApproverCollection.json": "1504693055604",
  "model/SCAAttachmentCollection.json": "1504693055606",
  "model/SCAHeaderCollection.json": "1504693055609",
  "model/SCAIBAHeaderCollection.json": "1504693055602",
  "model/SCAIBAItemCollection.json": "1504693055607",
  "model/SCAItemCollection.json": "1504693055633",
  "model/SCANoteCollection.json": "1504693055613",
  "model/SubscriptionCollection.json": "1504693055611",
  "model/UserDetailsCollection.json": "1504693055614",
  "model/WorkflowTaskCollection.json": "1504693055635",
  "model/WorkitemCount.json": "1504693055637",
  "util/Formatter.js": "1504693055587",
  "view/itemDetailCustom.controller.js": "1504693055592",
  "view/itemDetailCustom.view.xml": "1504693055596",
  "view/S2Custom.controller.js": "1504693055584",
  "view/S2Custom.view.xml": "1504693055585",
  "view/S3Custom.controller.js": "1504693550604",
  "view/S3Custom.view.xml": "1504693055590"
}