[

	{

	"CategoryName" : "Accessories",

		"Category" : "AC",

		"NumberOfProducts" : 5

	}, {

		"CategoryName" : "Flat Screens",

		"Category" : "FS",

		"NumberOfProducts" : 3

	}, {

		"CategoryName" : "Graphics Cards",

		"Category" : "GC",

		"NumberOfProducts" : 3

	}, {

		"CategoryName" : "Keyboards",

		"Category" : "KB",

		"NumberOfProducts" : 2

	}, {

		"CategoryName" : "Laptops",

		"Category" : "LT",

		"NumberOfProducts" : 1

	}, {

		"CategoryName" : "Printer",

		"Category" : "PR",

		"NumberOfProducts" : 2

	}

]