[

	{

		"ProductId" : "id_1",

		"Name" : "Gladiator MX",

		"Category" : "GC",

		"SupplierName" : "Smartcards",

		"ShortDescription" : "Gladiator MX: DDR2 RoHS 128MB Supporting 512MB Clock rate: 350 MHz Memory Clock: 533 MHz, Bus Type: PCI-Express, Memory Type: DDR2 Memory Bus: 32-bit Highlighted Features: DVI Out, TV Out , HDTV",

		"Weight" : "321",

		"status" : "A",

		"Price" : 81.70,

		"PictureUrl" : "img/product/HT-1071.jpg"

	}, {

		"ProductId" : "id_2",

		"Name" : "Psimax",

		"Category" : "GC",

		"SupplierName" : "Smartcards",

		"ShortDescription" : "PsimaX: High performance of thePsimax is matched by competitive features and extra horsepower to deliver barrier-free entertainment.",

		"Weight" : "301",

		"status" : "A",

		"Price" : 399.99,

		"PictureUrl" :"img/product/HT-1073.jpg"

	}, {

		"ProductId" : "id_3",

		"Name" : "Hurricane GX",

		"Category" : "GC",

		"SupplierName" : "Ultrasonic United",

		"ShortDescription" : "Hurricane GX: DDR2 RoHS 512MB Supporting1024MB Clock rate: 550 MHz Memory Clock: 933 MHz, Bus Type: PCI-Express, Memory Type: DDR2 Memory Bus: 64-bit Highlighted Features: DVI Out, TV-In, TV-Out, HDTV",

		"Weight" : "276",

		"status" : "O",

		"Price" : 219,

		"PictureUrl" :"img/product/HT-1072.jpg"

	}, {

		"ProductId" : "id_4",

		"Name" : "Webcam",

		"Category" : "AC",

		"SupplierName" : "Technocom",

		"ShortDescription" : "Web camera, colour, High-Speed USB",

		"Weight" : "700",

		"status" : "A",

		"Price" : 59,

		"PictureUrl" :"img/product/HT-1112.jpg"

	}, {

		"ProductId" : "id_5",

		"Name" : "Monitor Locking Cable",

		"Category" : "AC",

		"SupplierName" : "Technocom",

		"ShortDescription" : "Lock for Monitor",

		"Weight" : "40",

		"status" : "D",

		"Price" : 13.49,

		"PictureUrl" :"img/product/HT-1111.jpg"

	}, {

		"ProductId" : "id_6",

		"Name" : "Laptop Case",

		"Category" : "AC",

		"SupplierName" : "Red Point Stores",

		"ShortDescription" : "Laptop Case with many room for pencils and other stationaries",

		"Weight" : "789",

		"status" : "A",

		"Price" : 78.99,

		"PictureUrl" :"img/product/HT-1114.jpg"

	}, {

		"ProductId" : "id_7",

		"Name" : "Removable CD/DVD",

		"Category" : "AC",

		"SupplierName" : "Red Point Stores",

		"ShortDescription" : "To archive your self-burned CDs",

		"Weight" : "21",

		"status" : "O",

		"Price" : 7.99,

		"PictureUrl" :"img/product/HT-2027.jpg"

	}, {

		"ProductId" : "id_8",

		"Name" : "USB Stick 16 GByte",

		"Category" : "AC",

		"SupplierName" : "Red Point Stores",

		"ShortDescription" : "USB 2.0 HighSpeed 16GB",

		"Weight" : "11",

		"status" : "A",

		"Price" : 17.19,

		"PictureUrl" :"img/product/HT-6120.jpg"

	}, {

		"ProductId" : "id_9",

		"Name" : "Deskjet Super Highspeed",

		"Category" : "PR",

		"SupplierName" : "Alpha Printers",

		"ShortDescription" : "1200 dpi x 1200 dpi - up to 25 ppm (mono) / up to 24 ppm (colour) - capacity: 100 sheets - Hi-Speed USB2.0, Ethernet",

		"Weight" : "899",

		"status" : "A",

		"Price" : 117.19,

		"PictureUrl" :"img/product/HT-1052.jpg"

	}, {

		"ProductId" : "id_10",

		"Name" : "Laser Allround Pro",

		"Category" : "PR",

		"SupplierName" : "Printer for All",

		"ShortDescription" : "Print up to 25 ppm letter and 24 ppm A4 color or monochrome, with a first-page-out-time of less than 13 seconds for monochrome and less than 15 seconds for color",

		"Weight" : "786",

		"status" : "D",

		"Price" : 39.99,

		"PictureUrl" :"img/product/HT-1040.jpg"

	}, {

		"ProductId" : "id_11",

		"Name" : "Flat S",

		"Category" : "FS",

		"SupplierName" : "Very Best Screens",

		"ShortDescription" : "19 inches Optimum Resolution 1600 x 1200 @ 85Hz, Max resolution 1984 x 1488 @ 75Hz, Dot Pitch: 0.24mm",

		"Weight" : "1230",

		"status" : "A",

		"Price" : 339,

		"PictureUrl" :"img/product/HT-1030.jpg"

	}, {

		"ProductId" : "id_12",

		"Name" : "Flat Medium",

		"Category" : "FS",

		"SupplierName" : "Very Best Screens",

		"ShortDescription" : "21 inches Optimum Resolution 1984 x 1488 @ 85Hz, Max resolution 1720 x 1280 @ 75Hz, Dot Pitch: 0.24mm",

		"Weight" : "1300",

		"status" : "A",

		"Price" : 639,

		"PictureUrl" :"img/product/HT-1032.jpg"

	}, {

		"ProductId" : "id_13",

		"Name" : "Flat X-large II",

		"Category" : "FS",

		"SupplierName" : "Very Best Screens",

		"ShortDescription" : "23 inches Optimum Resolution 2048 Ã— 1536 @ 85Hz, Max resolution 2080 Ã— 1560 @ 75Hz, Dot Pitch: 0.24mm",

		"Weight" : "1500",

		"status" : "O",

		"Price" : 1239,

		"PictureUrl" :"img/product/HT-1138.jpg"

	}, {

		"ProductId" : "id_14",

		"Name" : "High End Laptop 2b",

		"Category" : "LT",

		"SupplierName" : "Titanium",

		"ShortDescription" : "Notebook Professional 17 with 2,3GHz - 17 inches XGA - 2048MB DDR2 SDRAM - 40GB Hard Disc - DVD-Writer (DVD-R/+R/-RW/-RAM)",

		"Weight" : "1190",

		"status" : "A",

		"Price" : 939,

		"PictureUrl" :"img/product/HT-1010.jpg"

	}, {

		"ProductId" : "id_15",

		"Name" : "Very Natural Keyboard",

		"Category" : "KB",

		"SupplierName" : "Oxynum",

		"ShortDescription" : "Corded Keyboard with special keys for Internet Usability, USB",

		"Weight" : "467",

		"status" : "D",

		"Price" : 56.49,

		"PictureUrl" :"img/product/HT-1063.jpg"

	}, {

		"ProductId" : "id_16",

		"Name" : "Hardcore Hacker",

		"Category" : "KB",

		"SupplierName" : "Fasttech",

		"ShortDescription" : "Corded Keyboard with special keys for Media Usability, USB",

		"Weight" : "651",

		"status" : "A",

		"Price" : 89,

		"PictureUrl" :"img/product/HT-1064.jpg"

	}

]