{
  "welcomeFile": "/webapp/test/flpSandbox.html",
  "routes": [
    {
      "path": "/xsodata/SalesConnectServ.xsodata",
      "target": {
        "type": "destination",
        "name": "SalesConnect"
      },
      "description": "SalesConnect"
    },
    {
      "path": "/resources",
      "target": {
        "type": "service",
        "name": "sapui5",
        "preferLocal": true,
        "entryPath": "/resources",
        "version": "1.52.18"
      },
      "description": "SAPUI5 Resources"
    },
    {
      "path": "/sap/ui5/1/resources",
      "target": {
        "type": "service",
        "name": "sapui5",
        "preferLocal": true,
        "version": "1.52.18"
      },
      "description": "SAPUI5 dist layer resources"
    },
    {
      "path": "/webapp/resources",
      "target": {
        "type": "service",
        "name": "sapui5",
        "entryPath": "/resources",
        "version": "1.52.18"
      },
      "description": "SAPUI5 Resources"
    },
    {
      "path": "/webapp/test-resources",
      "target": {
        "type": "service",
        "name": "sapui5",
        "entryPath": "/test-resources",
        "version": "1.52.18"
      },
      "description": "SAPUI5 Test Resources"
    },
    {
      "path": "/test-resources",
      "target": {
        "type": "service",
        "name": "sapui5",
        "entryPath": "/test-resources",
        "version": "1.52.18"
      },
      "description": "SAPUI5 Test Resources"
    },
    {
      "path": "/",
      "target": {
        "type": "application",
        "name": "flpsandbox",
        "preferLocal": true
      },
      "description": "Subscribed Fiori LaunchPad"
    }
  ],
  "sendWelcomeFileRedirect": true
}