{
  "Component.js": "1435730277000",
  "index.html": "1435730277000",
  "localIndex.html": "1435730277000",
  "MyRouter.js": "1435730277000",
  "css/style.css": "1435730277000",
  "i18n/messageBundle.properties": "1435730277000",
  "view/App.controller.js": "1435730277000",
  "view/App.view.xml": "1435730277000",
  "view/Detail.controller.js": "1435730277000",
  "view/Detail.view.xml": "1435730277000",
  "view/Master.controller.js": "1435730277000",
  "view/Master.view.xml": "1435730277000",
  "view/NotFound.controller.js": "1435730277000",
  "view/NotFound.view.xml": "1435730277000",
  "model/metadata.xml": "1435730280000"
}