<core:FragmentDefinition xmlns:core="sap.ui.core" xmlns="sap.m" xmlns:f="sap.ui.layout.form" xmlns:u="sap.ui.unified">

<Dialog id="idTasksComDialog" title="Tasks Long Text" contentWidth="35%" contentHeight="50%">
		<content>
			<f:SimpleForm  maxContainerCols="1"  editable="false" title="" >
	  <f:content>
	  <Label></Label>
		<Text id="idText" text=" "></Text>
	</f:content>
	</f:SimpleForm>
	</content>
		<buttons>
			<Button text="Cancel" press="onClose"></Button>
			
		</buttons>
			
		
</Dialog>
</core:FragmentDefinition>