<core:FragmentDefinition xmlns:core="sap.ui.core" xmlns="sap.m" xmlns:f="sap.ui.layout.form">







<Dialog id="idDialogUserAuthenticate" title="Digital Signature" contentWidth="25%">



		<content>



	



	 <f:SimpleForm  maxContainerCols="1"  editable="false" >



	  <f:content>  



	   <Label text="User Id"></Label>	



	   <Input id="user" value="" enabled="false"></Input>



	   <Label text="Password" required="true" ></Label>	



	   <Input id="pwd" value="" type="Password"></Input>







	 </f:content>



	 </f:SimpleForm>  



	 



	</content>



		<buttons>



		    <Button id="idok" text="OK"  type="Emphasized" press="SubmitAuthenticate"></Button>



			<Button id="idCancel" text="Cancel"  press="onClose"></Button>



			



		</buttons>



			



		



</Dialog>



</core:FragmentDefinition>