<!--



    Copyright (C) 2009-2014 SAP SE or an SAP affiliate company. All rights reserved



-->

<ViewSettingsDialog xmlns="sap.m" id="FilterDialog" confirm="onConfirmFilterDialog" resetFilters="onResetFilterDialog" cancel="onCancelFilterDialog">

	<filterItems>

		<ViewSettingsFilterItem id="FiltertByStatus" key="1" text="{i18n>QT_STATUS_TEXT}">

			<items>

				<ViewSettingsItem id="StatusNew" key="1a" text="{path:'/status1'}" selected="true">

					<customData>

						<CustomData xmlns="sap.ui.core" value="{filters: {path:'Status', operator:'EQ', value1:'I0154'}}"/>

					</customData>

				</ViewSettingsItem>

				<ViewSettingsItem id="StatusInProcess" key="1b" text="{path:'/status2'}" selected="true">

					<customData>

						<CustomData xmlns="sap.ui.core" value="{filters: {path:'Status', operator:'EQ', value1:'I0155'}}"/>

					</customData>

				</ViewSettingsItem>

				<ViewSettingsItem id="StatusCompleted" key="1c" text="{path:'/status3'}" selected="false">

					<customData>

						<CustomData xmlns="sap.ui.core" value="{filters: {path:'Status', operator:'EQ', value1:'I0156'}}"/>

					</customData>

				</ViewSettingsItem>

			</items>

		</ViewSettingsFilterItem>

		<ViewSettingsCustomItem id="FiltertByDate" key="2" text="{i18n>QT_DV_DUE_DATE}">

			<customControl>

				<VBox id="DatesContainer" fitContainer="true" direction="Column">

					<items>

						<Label id="DateFrom" design="Bold" text="{i18n>QT_FROM}" labelFor="DateFromPicker"/>

						<DatePicker xmlns="sap.m" id="DateFromPicker" width="10em" tooltip="{i18n>QT_FROM_TOOLTIP}" change="onChangeDateFrom"/>

						<Label id="DateTo" design="Bold" text="{i18n>QT_TO}" labelFor="DateToPicker"/>

						<DatePicker xmlns="sap.m" id="DateToPicker" width="10em" tooltip="{i18n>QT_TO_TOOLTIP}" change="onChangeDateTo"/>

					</items>

				</VBox>

			</customControl>

		</ViewSettingsCustomItem>

		<ViewSettingsFilterItem id="FiltertByLogicalStatus" key="3" text="Logical Status">

			<items>

				<ViewSettingsItem id="StatusCCReview" key="1a" text="CC Review by QA" selected="false">

					<customData>

						<CustomData xmlns="sap.ui.core" value="{filters: {path:'LogicalStatus', operator:'EQ', value1:'CC Review by QA'}}"/>

					</customData>

				</ViewSettingsItem>

				<ViewSettingsItem id="StatusCCPendingCFT" key="2a" text="Pending with CFT Team" selected="false">

					<customData>

						<CustomData xmlns="sap.ui.core" value="{filters: {path:'LogicalStatus', operator:'EQ', value1:'Pending with CFT Team'}}"/>

					</customData>

				</ViewSettingsItem>

				<ViewSettingsItem id="StatusCCApproval" key="3a" text="CC Approval by QA" selected="false">

					<customData>

						<CustomData xmlns="sap.ui.core" value="{filters: {path:'LogicalStatus', operator:'EQ', value1:'CC Approval by QA'}}"/>

					</customData>

				</ViewSettingsItem>

					<ViewSettingsItem id="StatusCCPendingAction" key="4a" text="Pending with Action Plan Team" selected="false">

					<customData>

						<CustomData xmlns="sap.ui.core" value="{filters: {path:'LogicalStatus', operator:'EQ', value1:'Pending with Action Plan Team'}}"/>

					</customData>

				</ViewSettingsItem>

				<ViewSettingsItem id="StatusCCClosure" key="5a" text="Closure by QA" selected="false">

					<customData>

						<CustomData xmlns="sap.ui.core" value="{filters: {path:'LogicalStatus', operator:'EQ', value1:'Closure by QA'}}"/>

					</customData>

				</ViewSettingsItem>

					<ViewSettingsItem id="StatusCCClosed" key="6a" text="CC Task Closed" selected="false">

					<customData>

						<CustomData xmlns="sap.ui.core" value="{filters: {path:'LogicalStatus', operator:'EQ', value1:'CC Task Closed'}}"/>

					</customData>

				</ViewSettingsItem>

			

				<ViewSettingsItem id="StatusAction" key="7a" text="Assign Action Plan" selected="false">

					<customData>

						<CustomData xmlns="sap.ui.core" value="{filters: {path:'LogicalStatus', operator:'EQ', value1:'Assign Action Plan'}}"/>

					</customData>

				</ViewSettingsItem>

			

					<ViewSettingsItem id="StatusCFTTeam" key="8a" text="Assign to CFT Team" selected="false">

					<customData>

						<CustomData xmlns="sap.ui.core" value="{filters: {path:'LogicalStatus', operator:'EQ', value1:'Assign to CFT Team'}}"/>

					</customData>

				</ViewSettingsItem>

			</items>

		</ViewSettingsFilterItem>

	</filterItems>

</ViewSettingsDialog>