{
  "run": [
    {
      "filePath": "/Devon/index.html",
      "previewMode": 1,
      "dataMode": 1,
      "workspace": "withoutWorkspace",
      "ui5ActiveVersion": null,
      "ui5VerSource": null,
      "isDefaultVersion": 0,
      "urlParameters": [],
      "hashParameter": "",
      "backendSystem": [
        {
          "source": "northwind_activity3",
          "destinations": "northwind_activity3"
        }
      ],
      "_metadata": {
        "runnerId": "webapprunner",
        "id": 9770427,
        "displayName": "New Web Application 31",
        "lastRunTimeStamp": 1499410109843
      }
    }
  ]
}