{
  "model/metadata.xml": "1448449566000",
  "view/NotFound.view.xml": "1448449548000",
  "view/NotFound.controller.js": "1448449548000",
  "view/Master.view.xml": "1448452993000",
  "view/Master.controller.js": "1448454217000",
  "view/Detail.view.xml": "1448453755000",
  "view/Detail.controller.js": "1448449548000",
  "view/App.view.xml": "1448449548000",
  "view/App.controller.js": "1448449548000",
  "i18n/messageBundle.properties": "1448449548000",
  "css/style.css": "1448449548000",
  "MyRouter.js": "1448449548000",
  "localIndex.html": "1448449548000",
  "index.html": "1448449548000",
  "Component.js": "1448454212000"
}