{
	"milk": [{
		"Store Name": "ES01",
		"Revenue": 428214.13,
		"Cost": 94383.52,
		"Consumption": 76855.15368
	}, {
		"Store Name": "ES02",
		"Revenue": 1722148.36,
		"Cost": 274735.17,
		"Consumption": 310292.22
	}, {
		"Store Name": "PT01",
		"Revenue": 1331176.706884,
		"Cost": 233160.58,
		"Consumption": 143432.18
	}, {
		"Store Name": "PT03",
		"Revenue": 1878466.82,
		"Cost": 235072.19,
		"Consumption": 487910.26
	}],
	"milk1": [{
		"Week": "May-17",
		"Revenue": 431000.22,
		"Cost": 230000.00,
		"Cost1": -204800.63,

		"Target": 500000.00
	
	}, {
		"Week": "June-17",
		"Revenue": 494000.30,
		"Cost": 238000.00,
		"Cost1": -99200.39,

		"Target": 500000.00
	
	}, {
		"Week": "July-17",
		"Revenue": 491000.17,
		"Cost": 221000.00,
		"Cost1": -70200.54,

		"Target": 500000.00
		
	}, {
		"Week": "Aug-17",
		"Revenue": 536000.34,
		"Cost": 280000.00,
		"Cost1": -158800.73,
		"Cost2": 121199.27,
		"Target": 500000.00
		
	}, {
		"Week": "Sep -17",
		"Revenue": 675000.00,
		"Cost": 230000.00,
		"Cost1": -140000.91,
		"Cost2": 89999.09,
		"Target": 600000.00
	
	}, {
		"Week": "Oct-17",
		"Revenue": 436000.34,
		"Cost": 180000.00,
		"Cost1": -108800.73,
		"Cost2": 101199.27,
		"Target": 500000.00,
		"Budget": 252000.00
	}, {
		"Week": "Nov -17",
		"Revenue": 605000.00,
		"Cost": 260000.00,
		"Cost1": -180000.91,
		"Cost2": 109999.09,
		"Target": 600000.00,
		"Budget": 266000.00
	}],
	"milkl": [{
		"Week": "May -17",
		"Revenue": 431000.22,
		"Cost": 230000.00,
		"Cost1": 24800.63,
		"Cost2": 205199.37,
		"Target": 500000.00
	
	}, {
		"Week": "June -17",
		"Revenue": 494000.30,
		"Cost": 238000.00,
		"Cost1": 99200.39,
		"Cost2": 138799.61,
		"Target": 500000.00
	
	}, {
		"Week": "July -17",
		"Revenue": 491000.17,
		"Cost": 221000.00,
		"Cost1": 70200.54,
		"Cost2": 150799.46,
		"Target": 500000.00
	
	}, {
		"Week": "Aug -17",
		"Revenue": 536000.34,
		"Cost": 280000.00,
		"Cost1": 158800.73,
		"Cost2": 121199.27,
		"Target": 500000.00
	
	}, {
		"Week": "Sep -17",
		"Revenue": 675000.00,
		"Cost": 230000.00,
		"Cost1": 140000.91,
		"Cost2": 89999.09,
		"Target": 600000.00
	
	}, {
		"Week": "Oct -17",
		"Revenue": 680000.00,
		"Cost": 250000.00,
		"Cost1": 172800.15,
		"Cost2": 77199.85,
		"Target": 600000.00,
		"Budget": 280000.00
	}, {
		"Week": "Nov -17",
		"Revenue": 659000.14,
		"Cost": 325000.00,
		"Cost1": 237200.74,
		"Cost2": 87799.26,
		"Target": 600000.00,
		"Budget": 294000.00
	}, {
		"Week": "Dec -17",
		"Revenue": 610000.00,
		"Cost": 350000.00,
		"Cost1": 243200.18,
		"Cost2": 106799.82,
		"Target": 600000.00,
		"Budget": 308000.00
	}, {
		"Week": "Jan -17",
		"Revenue": 751000.83,
		"Cost": 390000.00,
		"Cost1": 280800.24,
		"Cost2": 109199.76,
		"Target": 600000.00,
		"Budget": 322000.00
	}, {
		"Week": "Feb -17",
		"Revenue": 800000.63,
		"Cost": 450000.00,
		"Cost1": 320000.08,
		"Cost2": 129999.92,
		"Target": 700000.00,
		"Budget": 336000.00
	}, {
		"Week": "Mar -17",
		"Revenue": 881000.19,
		"Cost": 480000.00,
		"Cost1": 360800.09,
		"Cost2": 119199.91,
		"Target": 700000.00,
		"Budget": 350000.00
	}, {
		"Week": "Apr -17",
		"Revenue": 904000.04,
		"Cost": 560000.00,
		"Cost1": 403200.08,
		"Cost2": 156799.92,
		"Target": 700000.00,
		"Budget": 364000.00
	}]
}