<edmx:Edmx xmlns:edmx="http://schemas.microsoft.com/ado/2007/06/edmx" Version="1.0">
	<edmx:DataServices xmlns:m="http://schemas.microsoft.com/ado/2007/08/dataservices/metadata" m:DataServiceVersion="1.0">
		<Schema xmlns:d="http://schemas.microsoft.com/ado/2007/08/dataservices"
			xmlns:m="http://schemas.microsoft.com/ado/2007/08/dataservices/metadata" xmlns="http://schemas.microsoft.com/ado/2008/09/edm"
			Namespace="WorkOrderModel">
			<EntityType Name="Employee">
				<Key>
					<PropertyRef Name="EmployeeID"/>
				</Key>
				<Property xmlns:p8="http://schemas.microsoft.com/ado/2009/02/edm/annotation" Name="EmployeeID" Type="Edm.Int32" Nullable="false"
					p8:StoreGeneratedPattern="Identity"/>
				<Property Name="LastName" Type="Edm.String" Nullable="false" MaxLength="20" Unicode="true" FixedLength="false"/>
				<Property Name="FirstName" Type="Edm.String" Nullable="false" MaxLength="10" Unicode="true" FixedLength="false"/>
				<Property Name="Title" Type="Edm.String" Nullable="true" MaxLength="30" Unicode="true" FixedLength="false"/>
				<Property Name="TitleOfCourtesy" Type="Edm.String" Nullable="true" MaxLength="25" Unicode="true" FixedLength="false"/>
				<Property Name="BirthDate" Type="Edm.DateTime" Nullable="true"/>
				<Property Name="HireDate" Type="Edm.DateTime" Nullable="true"/>
				<Property Name="Address" Type="Edm.String" Nullable="true" MaxLength="60" Unicode="true" FixedLength="false"/>
				<Property Name="City" Type="Edm.String" Nullable="true" MaxLength="15" Unicode="true" FixedLength="false"/>
				<Property Name="Region" Type="Edm.String" Nullable="true" MaxLength="15" Unicode="true" FixedLength="false"/>
				<Property Name="PostalCode" Type="Edm.String" Nullable="true" MaxLength="10" Unicode="true" FixedLength="false"/>
				<Property Name="Country" Type="Edm.String" Nullable="true" MaxLength="15" Unicode="true" FixedLength="false"/>
				<Property Name="HomePhone" Type="Edm.String" Nullable="true" MaxLength="24" Unicode="true" FixedLength="false"/>
				<Property Name="Extension" Type="Edm.String" Nullable="true" MaxLength="4" Unicode="true" FixedLength="false"/>
				<Property Name="Photo" Type="Edm.Binary" Nullable="true" MaxLength="Max" FixedLength="false"/>
				<Property Name="Notes" Type="Edm.String" Nullable="true" MaxLength="Max" Unicode="true" FixedLength="false"/>
				<Property Name="ReportsTo" Type="Edm.Int32" Nullable="true"/>
				<Property Name="PhotoPath" Type="Edm.String" Nullable="true" MaxLength="255" Unicode="true" FixedLength="false"/>
				<NavigationProperty Name="Employees1" Relationship="NorthwindModel.FK_Employees_Employees" FromRole="Employees" ToRole="Employees1"/>
				<NavigationProperty Name="Employee1" Relationship="NorthwindModel.FK_Employees_Employees" FromRole="Employees1" ToRole="Employees"/>
			</EntityType>
			<Association Name="FK_Employees_Employees">
				<End Role="Employees" Type="NorthwindModel.Employee" Multiplicity="0..1"/>
				<End Role="Employees1" Type="NorthwindModel.Employee" Multiplicity="*"/>
				<ReferentialConstraint>
					<Principal Role="Employees">
						<PropertyRef Name="EmployeeID"/>
					</Principal>
					<Dependent Role="Employees1">
						<PropertyRef Name="ReportsTo"/>
					</Dependent>
				</ReferentialConstraint>
			</Association>
		</Schema>
	</edmx:DataServices>
</edmx:Edmx>