{
  "webapp/view/View1.view.xml": "1461693153000",
  "webapp/controller/View1.controller.js": "1461693153000",
  "webapp/i18n/i18n.properties": "1461693153000",
  "webapp/model/models.js": "1461693153000",
  "webapp/Component.js": "1461693153000",
  "webapp/css/style.css": "1461693153000",
  "webapp/manifest.json": "1461693153000",
  "webapp/index.html": "1461693457000",
  "webapp/c3libs/c3.css": "1461693181000",
  "webapp/c3libs/c3.js": "1461693195000",
  "webapp/c3libs/c3.min.css": "1461693214000",
  "webapp/c3libs/c3.min.js": "1461693230000",
  "webapp/chart.js": "1461693268000"
}