{
    "application": {
        "id": "",
        "title": "com.drl.pmsmobile.DRL-11july",
        "type": "SAP_UI5_Component",
        "componentUrl": "/",
        "appUrl": "#DRL11july-Display",
        "navigationComponentName": "com.drl.pmsmobile",
        "intentSemanticObject": "DRL-11july",
        "intentAction": "Display",
        "html5ApplicationName": "drlpmsmobileappniles",
        "HCPParentApplicationName": ""
    },
    "assignment": {
        "groups": [
            "febca96c-1e35-4e51-b197-6e2adc11c758"
        ],
        "contentPackages": [
            "1a83c1de-3258-4032-b1d0-02205b656165"
        ],
        "categories": []
    },
    "tile": {
        "type": "StaticTile",
        "title": "PMS",
        "subtitle": "Employee",
        "searchKeywords": "PMS,Employee",
        "displayIconUrl": "sap-icon://approvals",
        "displayInfoText": "",
        "size": "1x1",
        "serviceURL": "",
        "refreshInterval": ""
    }
}