{
  "Component.js": "1507035345901",
  "controller/AfterSubmit.controller.js": "1507035345981",
  "controller/Goalset.controller.js": "1507036991937",
  "controller/half_year_EMP.controller.js": "1507035345998",
  "controller/Login.controller.js": "1507035345988",
  "controller/noDocFoud.controller.js": "1507035345993",
  "controller/YearSelection.controller.js": "1507096888941",
  "css/dr-reddys-logo-2015.png": "1507035345978",
  "css/i18n_en.properties": "1507035345971",
  "css/i18n_ru.properties": "1507035345976",
  "css/messageBundle.properties": "1507035345983",
  "css/spinner-of-dots.png": "1507035345983",
  "css/style.css": "1507035345986",
  "dev/devapp.js": "1507035345918",
  "dev/devlogon.js": "1507035345923",
  "extended_runnable_file.html": "1507035345911",
  "flp-config.json": "1507035345908",
  "i18n/i18n_en.properties": "1507035345921",
  "i18n/i18n_ru.properties": "1507035345923",
  "i18n/messageBundle.properties": "1507035345933",
  "image/dr-reddys-logo-2015.png": "1507035345946",
  "image/Dr.reddy.jpg": "1507035345968",
  "image/DRL_MAIN_APP_BG.png": "1507035345961",
  "image/drReddys-headerlogo.png": "1507035345951",
  "image/Employee.png": "1507035345991",
  "image/phot.png": "1507035345986",
  "image/ReddyLogo.jpg": "1507035345966",
  "index.html": "1507035477576",
  "model/metadata.xml": "1507035345943",
  "MyRouter.js": "1507035345903",
  "util/Controller.js": "1507035345926",
  "util/Formatter.js": "1507035345938",
  "view/AfterSubmit.view.xml": "1507035345993",
  "view/App.view.xml": "1507035345996",
  "view/Busydialog.fragment.xml": "1507035345998",
  "view/Complgoal.fragment.xml": "1507035346001",
  "view/Detail.controller.js": "1507035346006",
  "view/Detail.view.xml": "1507035346003",
  "view/DetailInfoForm.fragment.xml": "1507035346003",
  "view/Goalset.view.xml": "1507037050618",
  "view/Goal_Lib.fragment.xml": "1507035346008",
  "view/half_year_EMP.view.xml": "1507035346033",
  "view/Login.view.xml": "1507035346008",
  "view/Master.controller.js": "1507035346011",
  "view/Master.view.xml": "1507035346018",
  "view/Menu.fragment.xml": "1507035346013",
  "view/noDocFoud.view.xml": "1507035346033",
  "view/NotFound.view.xml": "1507035346023",
  "view/Owngoal.fragment.xml": "1507035346023",
  "view/Owngoal_proj.fragment.xml": "1507035346028",
  "view/Score_Card.fragment.xml": "1507035346026",
  "view/Setting.fragment.xml": "1507035346026",
  "view/YearSelection.view.xml": "1507098369553"
}