<edmx:Edmx xmlns:edmx="http://schemas.microsoft.com/ado/2007/06/edmx" Version="1.0">
	<edmx:DataServices xmlns:m="http://schemas.microsoft.com/ado/2007/08/dataservices/metadata" m:DataServiceVersion="2.0">
		<Schema xmlns:d="http://schemas.microsoft.com/ado/2007/08/dataservices"
			xmlns:m="http://schemas.microsoft.com/ado/2007/08/dataservices/metadata" xmlns="http://schemas.microsoft.com/ado/2008/09/edm"
			Namespace="default">
			<EntityType Name="TestServiceType">
				<Key>
					<PropertyRef Name="TESTID"/>
				</Key>
				<Property Name="TESTID" Type="Edm.Int32" Nullable="false"/>
				<Property Name="TESTNAME" Type="Edm.String" MaxLength="30"/>
				<Property Name="TESTDESCRIPTION" Type="Edm.String" MaxLength="256"/>
			</EntityType>
			<EntityContainer Name="v2" m:IsDefaultEntityContainer="true">
				<EntitySet Name="TestService" EntityType="default.TestServiceType"/>
			</EntityContainer>
		</Schema>
	</edmx:DataServices>
</edmx:Edmx>