<edmx:Edmx Version="1.0" xmlns:edmx="http://schemas.microsoft.com/ado/2007/06/edmx"
	xmlns:m="http://schemas.microsoft.com/ado/2007/08/dataservices/metadata" xmlns:sap="http://www.sap.com/Protocols/SAPData">
	<edmx:DataServices m:DataServiceVersion="2.0">
		<Schema Namespace="ZOIG_CARRIER_DRIVER_SRV" xml:lang="en" sap:schema-version="1" xmlns="http://schemas.microsoft.com/ado/2008/09/edm">
			<EntityType Name="Driver" sap:content-version="1">
				<Key><PropertyRef Name="Id"/></Key><Property Name="Id" Type="Edm.String" Nullable="false" sap:unicode="false" sap:label="IDM ID" sap:updatable="false" sap:sortable="false"
					sap:filterable="false"/><Property Name="DriverId" Type="Edm.String" Nullable="false" MaxLength="12" sap:unicode="false" sap:label="Driver ID" sap:updatable="false"/>
					<Property Name="FirstName" Type="Edm.String" Nullable="false" sap:unicode="false" sap:label="First Name"/>
					<Property Name="LastName" Type="Edm.String" Nullable="false" sap:unicode="false" sap:label="Last Name"/>
					<Property Name="LicenceNo" Type="Edm.String" Nullable="false" sap:unicode="false" sap:label="Licence No"/>
					<Property Name="Locked" Type="Edm.Boolean" sap:unicode="false" sap:label="Locked" sap:creatable="false"/>
					<Property Name="Password" Type="Edm.String" sap:unicode="false" sap:label="Password" sap:sortable="false" sap:filterable="false"/><Property Name="ShippingPointId" Type="Edm.String" sap:unicode="false" sap:value-list="fixed-values" sap:label="Default Terminal Id"
					sap:creatable="false"/><Property Name="CreationComplete" Type="Edm.Boolean" sap:unicode="false" sap:label="Driver fully created" sap:creatable="false"
					sap:updatable="false"/><Property Name="PasswordBeingSet" Type="Edm.Boolean" sap:unicode="false" sap:label="Password being set" sap:creatable="false"
					sap:updatable="false"/><Property Name="PasswordFailed" Type="Edm.Boolean" sap:unicode="false" sap:label="Password setting failed" sap:creatable="false"
					sap:updatable="false"/><NavigationProperty Name="ShippingPointPreferences" Relationship="ZOIG_CARRIER_DRIVER_SRV.Driver_to_ShippingPointPreferences"
					FromRole="FromRole_Driver_to_ShippingPointPreferences" ToRole="ToRole_Driver_to_ShippingPointPreferences"/></EntityType>
			<EntityType Name="ShippingPoint" sap:content-version="1">
				<Key><PropertyRef Name="ShippingPointId"/></Key><Property Name="ShippingPointId" Type="Edm.String" Nullable="false" MaxLength="4" sap:text="ShippingPointName" sap:unicode="false"
					sap:creatable="false" sap:updatable="false"/><Property Name="ShippingPointName" Type="Edm.String" Nullable="false" MaxLength="30" sap:unicode="false" sap:creatable="false"
					sap:updatable="false"/></EntityType>
			<EntityType Name="ShippingPointPreference" sap:content-version="1">
				<Key><PropertyRef Name="Id"/><PropertyRef Name="ShippingPointId"/></Key><Property Name="Id" Type="Edm.String" Nullable="false" sap:unicode="false" sap:label="IDM internal id" sap:updatable="false"/><Property Name="ShippingPointId" Type="Edm.String" Nullable="false" sap:unicode="false" sap:label="Shipping Point Id"/><Property Name="ShippingPointName" Type="Edm.String" Nullable="false" sap:unicode="false" sap:label="Shipping Point name"
					sap:creatable="false" sap:updatable="false"/></EntityType>
			<Association Name="Driver_to_ShippingPointPreferences" sap:content-version="1"><End Type="ZOIG_CARRIER_DRIVER_SRV.Driver" Multiplicity="1" Role="FromRole_Driver_to_ShippingPointPreferences"/><End Type="ZOIG_CARRIER_DRIVER_SRV.ShippingPointPreference" Multiplicity="*" Role="ToRole_Driver_to_ShippingPointPreferences"/>
				<ReferentialConstraint>
					<Principal Role="FromRole_Driver_to_ShippingPointPreferences"><PropertyRef Name="Id"/></Principal>
					<Dependent Role="ToRole_Driver_to_ShippingPointPreferences"><PropertyRef Name="Id"/></Dependent>
				</ReferentialConstraint>
			</Association>
			<EntityContainer Name="ZOIG_CARRIER_DRIVER_SRV_Entities" m:IsDefaultEntityContainer="true" sap:supported-formats="atom json xlsx"><EntitySet Name="Drivers" EntityType="ZOIG_CARRIER_DRIVER_SRV.Driver" sap:deletable="false" sap:searchable="true" sap:content-version="1"/><EntitySet Name="ShippingPoints" EntityType="ZOIG_CARRIER_DRIVER_SRV.ShippingPoint" sap:creatable="false" sap:updatable="false"
				sap:deletable="false" sap:searchable="true" sap:pageable="false" sap:addressable="false" sap:content-version="1"/><EntitySet Name="ShippingPointPreferences" EntityType="ZOIG_CARRIER_DRIVER_SRV.ShippingPointPreference" sap:updatable="false"
				sap:searchable="true" sap:content-version="1"/>
				<AssociationSet Name="Driver_to_ShippingPointPreferences" Association="ZOIG_CARRIER_DRIVER_SRV.Driver_to_ShippingPointPreferences"
					sap:creatable="false" sap:updatable="false" sap:deletable="false" sap:content-version="1"><End EntitySet="Drivers" Role="FromRole_Driver_to_ShippingPointPreferences"/><End EntitySet="ShippingPointPreferences" Role="ToRole_Driver_to_ShippingPointPreferences"/></AssociationSet>
			</EntityContainer>
			<Annotations Target="ZOIG_CARRIER_DRIVER.Driver/ShippingPointId" xmlns="http://docs.oasis-open.org/odata/ns/edm">
				<Annotation Term="com.sap.vocabularies.Common.v1.ValueList">
					<Record><PropertyValue Property="CollectionPath" String="ShippingPoints"/><PropertyValue Property="SearchSupported" Bool="true"/>
						<PropertyValue Property="Parameters">
							<Collection>
								<Record Type="com.sap.vocabularies.Common.v1.ValueListParameterOut"><PropertyValue Property="LocalDataProperty" PropertyPath="ShippingPointId"/><PropertyValue Property="ValueListProperty" String="ShippingPointId"/></Record>
								<Record Type="com.sap.vocabularies.Common.v1.ValueListParameterDisplayOnly"><PropertyValue Property="ValueListProperty" String="ShippingPointName"/></Record>
							</Collection>
						</PropertyValue>
					</Record>
				</Annotation>
			</Annotations><atom:link rel="self" href="http://AEDSAPDEVD11.caltex.ctx.ads:8045/sap/opu/odata/sap/ZOIG_CARRIER_DRIVER_SRV/$metadata"
				xmlns:atom="http://www.w3.org/2005/Atom"/><atom:link rel="latest-version" href="http://AEDSAPDEVD11.caltex.ctx.ads:8045/sap/opu/odata/sap/ZOIG_CARRIER_DRIVER_SRV/$metadata"
				xmlns:atom="http://www.w3.org/2005/Atom"/></Schema>
	</edmx:DataServices>
</edmx:Edmx>