<?xml version="1.0" encoding="utf-8"?>
<Edmx xmlns:edmx="http://schemas.microsoft.com/ado/2007/06/edmx" xmlns:edmx4="http://docs.oasis-open.org/odata/ns/edmx"
	xmlns:m="http://schemas.microsoft.com/ado/2007/08/dataservices/metadata" Version="1.0">
	<DataServices m:DataServiceVersion="2.0">
		<Schema xmlns="http://schemas.microsoft.com/ado/2008/09/edm" Namespace="com.sample.test">
			<EntityType Name="Product">
				<Key><PropertyRef Name="ProductID"/></Key><Property Name="Description" Type="Edm.String" Nullable="false" MaxLength="50"/><Property Name="Name" Type="Edm.String" Nullable="false" MaxLength="30"/><Property Name="ProductID" Type="Edm.Int64" Nullable="false"/></EntityType>
			<EntityContainer Name="TestService" m:IsDefaultEntityContainer="true"><EntitySet Name="ProductSet" EntityType="com.sample.test.Product"/></EntityContainer>
		</Schema>
	</DataServices>
</Edmx>