{
  "Component.js": "1503031726529",
  "Configuration.js": "1503486240646",
  "css/shoppingcart-dbg.css": "1503031726544",
  "css/shoppingcart.css": "1503031726546",
  "i18n/i18n.properties": "1503031726569",
  "i18n/i18n_en.properties": "1503031726574",
  "i18n/i18n_en_US_sappsd.properties": "1503031726571",
  "i18n/i18n_en_US_saptrc.properties": "1503031726559",
  "img/Book1.jpg": "1503031726556",
  "index.html": "1503031726534",
  "localIndex.html": "1503031726536",
  "model/CATALOG_ITEM.json": "1503031726626",
  "model/ConfigureSectionsFormsCollection.json": "1503031726624",
  "model/DefaultUserSettings.json": "1503031726651",
  "model/metadata.xml": "1503031726751",
  "model/Product.json": "1503031726656",
  "model/ProductCollection.json": "1503031726679",
  "model/PurchaseOrderCollection.json": "1503031726709",
  "model/PurchaseOrderItemCollection.json": "1503031726696",
  "model/ShoppingcartCollection.json": "1503031726681",
  "model/ShoppingcartItemCollection.json": "1503031726716",
  "model/SupplierCollection.json": "1503031726719",
  "model/TempAttachmentCollection.json": "1503031726738",
  "model/ViewConfigurationCollection.json": "1503031726746",
  "util/Formatter.js": "1503031726551",
  "view/S2Custom.controller.js": "1503487112119",
  "view/S2Custom.view.xml": "1503487121624",
  "view/S3Custom.controller.js": "1506329845416",
  "view/S3Custom.view.xml": "1503031726591",
  "view/ShoppingCartCheckoutCustom.controller.js": "1506325916499",
  "view/ShoppingCartCheckoutCustom.view.xml": "1503031726594",
  "view/ShoppingCartItemsCustom.controller.js": "1503031726599",
  "view/ShoppingCartItemsCustom.view.xml": "1503031726596"
}