<edmx:Edmx xmlns:edmx="http://docs.oasis-open.org/odata/ns/edmx" Version="4.0">
	<edmx:Reference Uri="/Northwind_Service/V2/Northwind/Northwind.svc/$metadata">
		<edmx:Include Alias="Metadata" Namespace="NorthwindModel"/>
	</edmx:Reference>
	<edmx:Reference Uri="https://wiki.scn.sap.com/wiki/download/attachments/448470968/UI.xml?api=v2">
		<edmx:Include Alias="UI" Namespace="com.sap.vocabularies.UI.v1"/>
	</edmx:Reference>
	<edmx:Reference Uri="https://wiki.scn.sap.com/wiki/download/attachments/448470974/Common.xml?api=v2">
		<edmx:Include Alias="Common" Namespace="com.sap.vocabularies.Common.v1"/>
	</edmx:Reference>
	<edmx:DataServices>
		<Schema xmlns="http://docs.oasis-open.org/odata/ns/edm" Namespace="SmartFormExt.annotation.annotation0.NorthwindModel">
			<Annotations Target="Metadata.Order">
				<Annotation Term="UI.SelectionFields">
					<Collection>
						<PropertyPath>OrderID</PropertyPath>
						<PropertyPath>ShipName</PropertyPath>
						<PropertyPath>OrderDate</PropertyPath>
					</Collection>
				</Annotation>
				<Annotation Term="UI.Facets">
					<Collection>
						<Record Type="UI.ReferenceFacet">
							<PropertyValue Property="Target" AnnotationPath="@UI.FieldGroup"/>
						</Record>
					</Collection>
				</Annotation>
				<Annotation Term="UI.FilterFacets">
					<Collection>
						<Record Type="UI.ReferenceFacet">
							<PropertyValue Property="Target" AnnotationPath="@UI.LineItem#Orders"/>
						</Record>
					</Collection>
				</Annotation>
				<Annotation Term="UI.FieldGroup">
					<Record Type="UI.FieldGroupType">
						<PropertyValue Property="Data">
							<Collection>
								<Record Type="UI.DataField">
									<PropertyValue Property="Value" Path="OrderID"/>
									<PropertyValue Property="Label" String="Order ID"/>
									<Annotation Term="UI.Importance" EnumMember="UI.ImportanceType/High"/>
								</Record>
								<Record Type="UI.DataField">
									<PropertyValue Property="Value" Path="ShipName"/>
									<PropertyValue Property="Label" String="Ship Name"/>
									<Annotation Term="UI.Importance" EnumMember="UI.ImportanceType/High"/>
								</Record>
								<Record Type="UI.DataField">
									<PropertyValue Property="Value" Path="OrderDate"/>
									<PropertyValue Property="Label" String="Order Date"/>
									<Annotation Term="UI.Importance" EnumMember="UI.ImportanceType/High"/>
								</Record>
							</Collection>
						</PropertyValue>
					</Record>
				</Annotation>
				<Annotation Term="UI.HeaderInfo">
					<Record Type="UI.HeaderInfoType">
						<PropertyValue Property="TypeName" String="Order"/>
						<PropertyValue Property="TypeNamePlural" String="Orders"/>
						<PropertyValue Property="Title" Path=""/>
						<PropertyValue Property="Description" Path=""/>
					</Record>
				</Annotation>
				<Annotation Term="UI.Identification">
					<Collection>
						<Record Type="UI.DataField">
							<PropertyValue Property="Value" Path="OrderID"/>
							<PropertyValue Property="Label" String="Order ID"/>
							<Annotation Term="UI.Importance" EnumMember="UI.ImportanceType/High"/>
						</Record>
						<Record Type="UI.DataField">
							<PropertyValue Property="Value" Path="ShipName"/>
							<PropertyValue Property="Label" String="Ship Name"/>
							<Annotation Term="UI.Importance" EnumMember="UI.ImportanceType/High"/>
						</Record>
						<Record Type="UI.DataField">
							<PropertyValue Property="Value" Path="OrderDate"/>
							<PropertyValue Property="Label" String="Order Date"/>
							<Annotation Term="UI.Importance" EnumMember="UI.ImportanceType/High"/>
						</Record>
					</Collection>
				</Annotation>
				<Annotation Term="UI.PresentationVariant">
					<Record Type="UI.PresentationVariantType">
						<PropertyValue Property="Visualizations">
							<Collection>
								<AnnotationPath>@UI.LineItem#Orders</AnnotationPath>
							</Collection>
						</PropertyValue>
						<PropertyValue Property="SortOrder">
							<Collection>
								<Record Type="Common.SortOrderType">
									<PropertyValue Property="Property" PropertyPath="OrderID"/>
								</Record>
							</Collection>
						</PropertyValue>
					</Record>
				</Annotation>
				<Annotation Term="UI.LineItem" Qualifier="Orders">
					<Collection>
						<Record Type="UI.DataField">
							<PropertyValue Property="Value" Path="OrderID"/>
							<PropertyValue Property="Label" String="Order ID"/>
							<Annotation Term="UI.Importance" EnumMember="UI.ImportanceType/High"/>
						</Record>
						<Record Type="UI.DataField">
							<PropertyValue Property="Value" Path="ShipName"/>
							<PropertyValue Property="Label" String="Ship Name"/>
							<Annotation Term="UI.Importance" EnumMember="UI.ImportanceType/High"/>
						</Record>
						<Record Type="UI.DataField">
							<PropertyValue Property="Value" Path="OrderDate"/>
							<PropertyValue Property="Label" String="Order Date"/>
							<Annotation Term="UI.Importance" EnumMember="UI.ImportanceType/High"/>
						</Record>
					</Collection>
				</Annotation>
			</Annotations>
		</Schema>
	</edmx:DataServices>
</edmx:Edmx>