<!--

    Copyright (C) 2009-2014 SAP SE or an SAP affiliate company. All rights reserved

-->
<ViewSettingsDialog xmlns="sap.m" id="SortDialog" confirm="onConfirmSortDialog">
	<sortItems>
		<ViewSettingsItem id="DateSort" key="1" text="{i18n>QI_DATE}" selected="false">
			<customData>
				<CustomData xmlns="sap.ui.core" value="{sorter: {path:'CreatedOn', descending:false}}"/>
			</customData>
		</ViewSettingsItem>
		<ViewSettingsItem id="StatusSort" key="2" text="{i18n>QI_STATUS_TEXT}" selected="false">
			<customData>
				<CustomData xmlns="sap.ui.core" value="{sorter: {path:'Status', descending:false}}"/>
			</customData>
		</ViewSettingsItem>
		<ViewSettingsItem id="DefectSort" key="3" text="{i18n>QI_DEFECT}" selected="false">
			<customData>
				<CustomData xmlns="sap.ui.core" value="{sorter: {path:'DefectCodeText', descending:false}}"/>
			</customData>
		</ViewSettingsItem>
	</sortItems>
</ViewSettingsDialog>