<!--

    Copyright (C) 2009-2014 SAP SE or an SAP affiliate company. All rights reserved

-->
<ViewSettingsDialog xmlns="sap.m" id="FilterDialog" confirm="onConfirmFilterDialog" resetFilters="onResetFilterDialog" cancel="onCancelFilterDialog">
	<filterItems>
		<ViewSettingsFilterItem id="FiltertByStatus" key="1" text="{i18n>QI_STATUS_TEXT}">
			<items>
				<ViewSettingsItem id="StatusNew" key="1a" text="{path:'/status1'}">
					<customData>
						<CustomData xmlns="sap.ui.core" value="{filters: {path:'Status', operator:'EQ', value1:'I0068'}}"/>
					</customData>
				</ViewSettingsItem>
				<ViewSettingsItem id="StatusInProcess" key="1b" text="{path:'/status2'}">
					<customData>
						<CustomData xmlns="sap.ui.core" value="{filters: {path:'Status', operator:'EQ', value1:'I0070'}}"/>
					</customData>
				</ViewSettingsItem>
				<ViewSettingsItem id="StatusCompleted" key="1c" text="{path:'/status3'}">
					<customData>
						<CustomData xmlns="sap.ui.core" value="{filters: {path:'Status', operator:'EQ', value1:'I0072'}}"/>
					</customData>
				</ViewSettingsItem>
				<ViewSettingsItem id="StatusPostponed" key="1d" text="{path:'/status4'}">
					<customData>
						<CustomData xmlns="sap.ui.core" value="{filters: {path:'Status', operator:'EQ', value1:'I0069'}}"/>
					</customData>
				</ViewSettingsItem>
			</items>
		</ViewSettingsFilterItem>
		<ViewSettingsCustomItem id="FiltertByDate" key="2" text="{i18n>QI_DATE}">
			<customControl>
				<VBox id="DatesContainer" fitContainer="true" direction="Column">
					<items>
						<Label id="DateFrom" design="Bold" text="{i18n>QI_FROM}" labelFor="DateFromPicker"/>
						<DatePicker xmlns="sap.m" id="DateFromPicker" width="10em" tooltip="{i18n>QI_FROM_TOOLTIP}" change="onChangeDateFrom"/>
						<Label id="DateTo" design="Bold" text="{i18n>QI_TO}" labelFor="DateToPicker"/>
						<DatePicker xmlns="sap.m" id="DateToPicker" width="10em" tooltip="{i18n>QI_TO_TOOLTIP}" change="onChangeDateTo"/>
					</items>
				</VBox>
			</customControl>
		</ViewSettingsCustomItem>
	</filterItems>
</ViewSettingsDialog>