[{
	"AppID": "AppID 1",
	"Name": "Name 1",
	"DisplayName": "DisplayName 1",
	"ProviderName": "ProviderName 1",
	"ProviderAccount": "ProviderAccount 1",
	"TestedVersion": "TestedVersion 1",
	"TestedDate": "/Date(967789057000)/",
	"Used": true,
	"__metadata": {
		"uri": "Apps('AppID%201')",
		"type": "ZGW_SCP_MONITOR_SUBSCRIBED_APP_SRV.App"
	}
}, {
	"AppID": "AppID 2",
	"Name": "Name 2",
	"DisplayName": "DisplayName 2",
	"ProviderName": "ProviderName 2",
	"ProviderAccount": "ProviderAccount 2",
	"TestedVersion": "TestedVersion 2",
	"TestedDate": "/Date(1114237057000)/",
	"Used": true,
	"__metadata": {
		"uri": "Apps('AppID%202')",
		"type": "ZGW_SCP_MONITOR_SUBSCRIBED_APP_SRV.App"
	}
}, {
	"AppID": "AppID 3",
	"Name": "Name 3",
	"DisplayName": "DisplayName 3",
	"ProviderName": "ProviderName 3",
	"ProviderAccount": "ProviderAccount 3",
	"TestedVersion": "TestedVersion 3",
	"TestedDate": "/Date(1264141057000)/",
	"Used": false,
	"__metadata": {
		"uri": "Apps('AppID%203')",
		"type": "ZGW_SCP_MONITOR_SUBSCRIBED_APP_SRV.App"
	}
}, {
	"AppID": "AppID 4",
	"Name": "Name 4",
	"DisplayName": "DisplayName 4",
	"ProviderName": "ProviderName 4",
	"ProviderAccount": "ProviderAccount 4",
	"TestedVersion": "TestedVersion 4",
	"TestedDate": "/Date(1509171457000)/",
	"Used": true,
	"__metadata": {
		"uri": "Apps('AppID%204')",
		"type": "ZGW_SCP_MONITOR_SUBSCRIBED_APP_SRV.App"
	}
}, {
	"AppID": "AppID 5",
	"Name": "Name 5",
	"DisplayName": "DisplayName 5",
	"ProviderName": "ProviderName 5",
	"ProviderAccount": "ProviderAccount 5",
	"TestedVersion": "TestedVersion 5",
	"TestedDate": "/Date(1149142657000)/",
	"Used": false,
	"__metadata": {
		"uri": "Apps('AppID%205')",
		"type": "ZGW_SCP_MONITOR_SUBSCRIBED_APP_SRV.App"
	}
}, {
	"AppID": "AppID 6",
	"Name": "Name 6",
	"DisplayName": "DisplayName 6",
	"ProviderName": "ProviderName 6",
	"ProviderAccount": "ProviderAccount 6",
	"TestedVersion": "TestedVersion 6",
	"TestedDate": "/Date(1224656257000)/",
	"Used": true,
	"__metadata": {
		"uri": "Apps('AppID%206')",
		"type": "ZGW_SCP_MONITOR_SUBSCRIBED_APP_SRV.App"
	}
}, {
	"AppID": "AppID 7",
	"Name": "Name 7",
	"DisplayName": "DisplayName 7",
	"ProviderName": "ProviderName 7",
	"ProviderAccount": "ProviderAccount 7",
	"TestedVersion": "TestedVersion 7",
	"TestedDate": "/Date(1190096257000)/",
	"Used": false,
	"__metadata": {
		"uri": "Apps('AppID%207')",
		"type": "ZGW_SCP_MONITOR_SUBSCRIBED_APP_SRV.App"
	}
}, {
	"AppID": "AppID 8",
	"Name": "Name 8",
	"DisplayName": "DisplayName 8",
	"ProviderName": "ProviderName 8",
	"ProviderAccount": "ProviderAccount 8",
	"TestedVersion": "TestedVersion 8",
	"TestedDate": "/Date(1157696257000)/",
	"Used": false,
	"__metadata": {
		"uri": "Apps('AppID%208')",
		"type": "ZGW_SCP_MONITOR_SUBSCRIBED_APP_SRV.App"
	}
}, {
	"AppID": "AppID 9",
	"Name": "Name 9",
	"DisplayName": "DisplayName 9",
	"ProviderName": "ProviderName 9",
	"ProviderAccount": "ProviderAccount 9",
	"TestedVersion": "TestedVersion 9",
	"TestedDate": "/Date(1139206657000)/",
	"Used": true,
	"__metadata": {
		"uri": "Apps('AppID%209')",
		"type": "ZGW_SCP_MONITOR_SUBSCRIBED_APP_SRV.App"
	}
}, {
	"AppID": "AppID 10",
	"Name": "Name 10",
	"DisplayName": "DisplayName 10",
	"ProviderName": "ProviderName 10",
	"ProviderAccount": "ProviderAccount 10",
	"TestedVersion": "TestedVersion 10",
	"TestedDate": "/Date(1405318657000)/",
	"Used": false,
	"__metadata": {
		"uri": "Apps('AppID%2010')",
		"type": "ZGW_SCP_MONITOR_SUBSCRIBED_APP_SRV.App"
	}
}]