<edmx:Edmx xmlns:edmx="http://schemas.microsoft.com/ado/2007/06/edmx"
	xmlns:m="http://schemas.microsoft.com/ado/2007/08/dataservices/metadata" xmlns:sap="http://www.sap.com/Protocols/SAPData" Version="1.0">
	<edmx:DataServices m:DataServiceVersion="2.0">
		<Schema xmlns="http://schemas.microsoft.com/ado/2008/09/edm" Namespace="ZOIR_SITE_ANALYTICS_SRV" xml:lang="en" sap:schema-version="1">
			<EntityType Name="SiteDetail" sap:content-version="1">
				<Key><PropertyRef Name="SiteId"/></Key><Property Name="SiteId" Type="Edm.String" Nullable="false" MaxLength="10" sap:unicode="false" sap:label="Location ID" sap:creatable="false"
					sap:updatable="false" sap:sortable="false" sap:filterable="false"/><Property Name="SiteName" Type="Edm.String" Nullable="false" MaxLength="35" sap:unicode="false" sap:label="Bus.loc. name"
					sap:creatable="false" sap:updatable="false" sap:sortable="false" sap:filterable="false"/><NavigationProperty Name="Products" Relationship="ZOIR_SITE_ANALYTICS_SRV.SiteDetail_to_Product" FromRole="FromRole_SiteDetail_to_Product"
					ToRole="ToRole_SiteDetail_to_Product"/></EntityType>
			<EntityType Name="Product" sap:content-version="1">
				<Key><PropertyRef Name="ProductId"/><PropertyRef Name="SiteId"/></Key><Property Name="ProductId" Type="Edm.String" Nullable="false" MaxLength="18" sap:unicode="false" sap:label="Material" sap:creatable="false"
					sap:updatable="false" sap:sortable="false" sap:filterable="false"/><Property Name="SiteId" Type="Edm.String" Nullable="false" MaxLength="10" sap:unicode="false" sap:label="Location ID" sap:creatable="false"
					sap:updatable="false" sap:sortable="false" sap:filterable="false"/><Property Name="Description" Type="Edm.String" Nullable="false" MaxLength="40" sap:unicode="false" sap:label="Description"
					sap:creatable="false" sap:updatable="false" sap:sortable="false" sap:filterable="false"/><Property Name="UnitOfMeasure" Type="Edm.String" Nullable="false" MaxLength="3" sap:unicode="false" sap:label="Base Unit"
					sap:creatable="false" sap:updatable="false" sap:sortable="false" sap:filterable="false" sap:semantics="unit-of-measure"/><NavigationProperty Name="DipReadings" Relationship="ZOIR_SITE_ANALYTICS_SRV.Product_to_DipReading"
					FromRole="FromRole_Product_to_DipReading" ToRole="ToRole_Product_to_DipReading"/></EntityType>
			<EntityType Name="DipReading" sap:content-version="1">
				<Key><PropertyRef Name="ReadingId"/></Key><Property Name="ReadingId" Type="Edm.Guid" Nullable="false" sap:unicode="false" sap:label="GUID 16" sap:creatable="false"
					sap:updatable="false" sap:sortable="false" sap:filterable="false"/><Property Name="SiteId" Type="Edm.String" Nullable="false" MaxLength="10" sap:unicode="false" sap:label="Location ID" sap:creatable="false"
					sap:updatable="false" sap:sortable="false" sap:filterable="false"/><Property Name="ProductId" Type="Edm.String" Nullable="false" MaxLength="18" sap:unicode="false" sap:label="Material" sap:creatable="false"
					sap:updatable="false" sap:sortable="false" sap:filterable="false"/><Property Name="ReadingTimestamp" Type="Edm.DateTime" Nullable="false" Precision="0" sap:unicode="false" sap:label="Time Stamp"
					sap:creatable="false" sap:updatable="false" sap:sortable="false" sap:filterable="false"/><Property Name="ReadingValue" Type="Edm.Int32" Nullable="false" sap:unicode="false" sap:label="READING_VALUE" sap:creatable="false"
					sap:updatable="false" sap:sortable="false" sap:filterable="false"/></EntityType>
			<Association Name="Product_to_DipReading" sap:content-version="1"><End Type="ZOIR_SITE_ANALYTICS_SRV.Product" Multiplicity="1" Role="FromRole_Product_to_DipReading"/><End Type="ZOIR_SITE_ANALYTICS_SRV.DipReading" Multiplicity="*" Role="ToRole_Product_to_DipReading"/>
				<ReferentialConstraint>
					<Principal Role="FromRole_Product_to_DipReading"><PropertyRef Name="SiteId"/><PropertyRef Name="ProductId"/></Principal>
					<Dependent Role="ToRole_Product_to_DipReading"><PropertyRef Name="SiteId"/><PropertyRef Name="ProductId"/></Dependent>
				</ReferentialConstraint>
			</Association>
			<Association Name="SiteDetail_to_Product" sap:content-version="1"><End Type="ZOIR_SITE_ANALYTICS_SRV.SiteDetail" Multiplicity="1" Role="FromRole_SiteDetail_to_Product"/><End Type="ZOIR_SITE_ANALYTICS_SRV.Product" Multiplicity="*" Role="ToRole_SiteDetail_to_Product"/>
				<ReferentialConstraint>
					<Principal Role="FromRole_SiteDetail_to_Product"><PropertyRef Name="SiteId"/></Principal>
					<Dependent Role="ToRole_SiteDetail_to_Product"><PropertyRef Name="SiteId"/></Dependent>
				</ReferentialConstraint>
			</Association>
			<EntityContainer Name="ZOIR_SITE_ANALYTICS_SRV_Entities" m:IsDefaultEntityContainer="true" sap:supported-formats="atom json xlsx"><EntitySet Name="Sites" EntityType="ZOIR_SITE_ANALYTICS_SRV.SiteDetail" sap:creatable="false" sap:updatable="false" sap:deletable="false"
				sap:pageable="false" sap:content-version="1"/><EntitySet Name="Products" EntityType="ZOIR_SITE_ANALYTICS_SRV.Product" sap:creatable="false" sap:updatable="false" sap:deletable="false"
				sap:pageable="false" sap:content-version="1"/><EntitySet Name="DipReadings" EntityType="ZOIR_SITE_ANALYTICS_SRV.DipReading" sap:creatable="false" sap:updatable="false"
				sap:deletable="false" sap:pageable="false" sap:content-version="1"/>
				<AssociationSet Name="Product_to_DipReading_AssocSet" Association="ZOIR_SITE_ANALYTICS_SRV.Product_to_DipReading" sap:creatable="false"
					sap:updatable="false" sap:deletable="false" sap:content-version="1"><End EntitySet="Products" Role="FromRole_Product_to_DipReading"/><End EntitySet="DipReadings" Role="ToRole_Product_to_DipReading"/></AssociationSet>
				<AssociationSet Name="SiteDetail_to_Product_AssocSet" Association="ZOIR_SITE_ANALYTICS_SRV.SiteDetail_to_Product" sap:creatable="false"
					sap:updatable="false" sap:deletable="false" sap:content-version="1"><End EntitySet="Sites" Role="FromRole_SiteDetail_to_Product"/><End EntitySet="Products" Role="ToRole_SiteDetail_to_Product"/></AssociationSet>
			</EntityContainer><atom:link xmlns:atom="http://www.w3.org/2005/Atom" rel="self" href="./sap/ZOIR_SITE_ANALYTICS_SRV/$metadata"/><atom:link xmlns:atom="http://www.w3.org/2005/Atom" rel="latest-version" href="./sap/ZOIR_SITE_ANALYTICS_SRV/$metadata"/></Schema>
	</edmx:DataServices>
</edmx:Edmx>