{
  "build": {
    "targetFolder": "dist",
    "sourceFolder": "webapp",
    "excludedFolders": [
      "test"
    ],
    "excludedFiles": [
      "test.html"
    ],
    "buildRequired": true
  },
  "projectType": [
    "com.watt.common.builder.sapui5clientbuild",
    "sap.watt.uitools.ide.fiori"
  ],
  "generation": [
    {
      "templateId": "sap.ui.ui5-template-plugin.2masterdetail",
      "templateVersion": "1.32.5",
      "dateTimeStamp": "Tue, 02 Feb 2016 10:25:50 GMT"
    },
    {
      "templateId": "ui5template.basicSAPUI5ApplicationComponent",
      "templateVersion": "1.4.0",
      "dateTimeStamp": "Tue, 02 Feb 2016 10:47:02 GMT"
    }
  ],
  "mockpreview": {
    "mockUri": "/destinations/northwind_activity3",
    "metadataFilePath": "",
    "loadJSONFiles": false,
    "loadCustomRequests": false,
    "mockRequestsFilePath": ""
  },
  "translation": {
    "translationDomain": "",
    "supportedLanguages": "en,fr,de",
    "defaultLanguage": "en",
    "defaultI18NPropertyFile": "i18n.properties",
    "resourceModelName": "i18n"
  }
}