{
  "run": [
    {
      "filePath": "/Categories_Nav/webapp/test/testFLPService.html",
      "previewMode": 1,
      "dataMode": 1,
      "workspace": "withoutWorkspace",
      "urlParameters": [
        {
          "paramName": "",
          "paramValue": "",
          "paramActive": false
        },
        {
          "paramName": "",
          "paramValue": "",
          "paramActive": false
        }
      ],
      "hashParameter": "Categories-display",
      "ui5ActiveVersion": null,
      "ui5VerSource": null,
      "isDefaultVersion": 1,
      "_metadata": {
        "id": 1978926,
        "runnerId": "webapprunner",
        "displayName": "Run with MockServer"
      }
    },
    {
      "filePath": "/Categories_Nav/webapp/test/testFLP.html",
      "previewMode": 1,
      "dataMode": 1,
      "workspace": "withoutWorkspace",
      "urlParameters": [
        {
          "paramName": "",
          "paramValue": "",
          "paramActive": false
        },
        {
          "paramName": "",
          "paramValue": "",
          "paramActive": false
        }
      ],
      "hashParameter": "Categories-display",
      "ui5ActiveVersion": null,
      "ui5VerSource": null,
      "isDefaultVersion": 1,
      "_metadata": {
        "id": 1978925,
        "runnerId": "webapprunner",
        "displayName": "Run with Server"
      }
    },
    {
      "filePath": "/Categories_Nav/webapp/test/unit/unitTests.qunit.html",
      "previewMode": 1,
      "dataMode": 1,
      "workspace": "withoutWorkspace",
      "ui5ActiveVersion": null,
      "ui5VerSource": null,
      "isDefaultVersion": 1,
      "urlParameters": [
        {
          "paramName": "",
          "paramValue": "",
          "paramActive": false
        },
        {
          "paramName": "",
          "paramValue": "",
          "paramActive": false
        }
      ],
      "_metadata": {
        "id": 8735167,
        "runnerId": "webapprunner",
        "displayName": "Run Unit Tests"
      }
    },
    {
      "filePath": "/Categories_Nav/webapp/test/integration/opaTests.qunit.html",
      "previewMode": 1,
      "dataMode": 1,
      "workspace": "withoutWorkspace",
      "ui5ActiveVersion": null,
      "ui5VerSource": null,
      "isDefaultVersion": 1,
      "urlParameters": [
        {
          "paramName": "",
          "paramValue": "",
          "paramActive": false
        },
        {
          "paramName": "",
          "paramValue": "",
          "paramActive": false
        }
      ],
      "hashParameter": "",
      "_metadata": {
        "id": 3635224,
        "runnerId": "webapprunner",
        "displayName": "Run Opa Tests"
      }
    },
    {
      "filePath": "/Categories_Nav/webapp/test/testsuite.qunit.html",
      "previewMode": 1,
      "dataMode": 1,
      "workspace": "withoutWorkspace",
      "ui5ActiveVersion": null,
      "ui5VerSource": null,
      "isDefaultVersion": 1,
      "urlParameters": [
        {
          "paramName": "",
          "paramValue": "",
          "paramActive": false
        },
        {
          "paramName": "",
          "paramValue": "",
          "paramActive": false
        }
      ],
      "hashParameter": "",
      "_metadata": {
        "id": 7524840,
        "runnerId": "webapprunner",
        "displayName": "Run all Tests"
      }
    },
    {
      "filePath": "/Categories_Nav/webapp/Component.js",
      "previewMode": 1,
      "dataMode": 1,
      "workspace": "withoutWorkspace",
      "ui5ActiveVersion": null,
      "ui5VerSource": null,
      "isDefaultVersion": 1,
      "urlParameters": [
        {
          "paramName": "",
          "paramValue": "",
          "paramActive": false
        },
        {
          "paramName": "",
          "paramValue": "",
          "paramActive": false
        }
      ],
      "hashParameter": "",
      "_metadata": {
        "id": 5239014,
        "runnerId": "fiorirunner",
        "displayName": "Fiori Component with Server"
      }
    }
  ]
}