{
  "webapp/controller/App.controller.js": "1454408750000",
  "webapp/controller/BaseController.js": "1454408750000",
  "webapp/controller/Detail.controller.js": "1454478256000",
  "webapp/controller/ErrorHandler.js": "1454408750000",
  "webapp/controller/ListSelector.js": "1454408750000",
  "webapp/controller/Master.controller.js": "1454408750000",
  "webapp/i18n/i18n.properties": "1454408750000",
  "webapp/localService/metadata.xml": "1454408753000",
  "webapp/localService/mockserver.js": "1454408750000",
  "webapp/model/formatter.js": "1454408750000",
  "webapp/model/grouper.js": "1454408750000",
  "webapp/model/GroupSortState.js": "1454408750000",
  "webapp/model/models.js": "1454408750000",
  "webapp/test/integration/pages/App.js": "1454408750000",
  "webapp/test/integration/pages/Browser.js": "1454408750000",
  "webapp/test/integration/pages/Common.js": "1454408750000",
  "webapp/test/integration/pages/Detail.js": "1454408750000",
  "webapp/test/integration/pages/Master.js": "1454408750000",
  "webapp/test/integration/pages/NotFound.js": "1454408750000",
  "webapp/test/integration/AllJourneys.js": "1454408750000",
  "webapp/test/integration/BusyJourney.js": "1454408750000",
  "webapp/test/integration/BusyJourneyPhone.js": "1454408750000",
  "webapp/test/integration/FLPIntegrationJourney.js": "1454408750000",
  "webapp/test/integration/MasterJourney.js": "1454408750000",
  "webapp/test/integration/NavigationJourney.js": "1454408750000",
  "webapp/test/integration/NavigationJourneyPhone.js": "1454408750000",
  "webapp/test/integration/NotFoundJourney.js": "1454408750000",
  "webapp/test/integration/NotFoundJourneyPhone.js": "1454408750000",
  "webapp/test/integration/opaTests.qunit.html": "1454408750000",
  "webapp/test/integration/opaTestsPhone.qunit.html": "1454408750000",
  "webapp/test/integration/PhoneJourneys.js": "1454408750000",
  "webapp/test/unit/controller/App.controller.js": "1454408750000",
  "webapp/test/unit/controller/ListSelector.js": "1454408750000",
  "webapp/test/unit/model/formatter.js": "1454408750000",
  "webapp/test/unit/model/grouper.js": "1454408750000",
  "webapp/test/unit/model/GroupSortState.js": "1454408750000",
  "webapp/test/unit/model/models.js": "1454408750000",
  "webapp/test/unit/allTests.js": "1454408750000",
  "webapp/test/unit/unitTests.qunit.html": "1454408750000",
  "webapp/test/testFLP.html": "1454408750000",
  "webapp/test/testFLPService.html": "1454408750000",
  "webapp/test/testsuite.qunit.html": "1454408750000",
  "webapp/view/App.view.xml": "1454408750000",
  "webapp/view/Detail.view.xml": "1454409575000",
  "webapp/view/DetailNoObjectsAvailable.view.xml": "1454408750000",
  "webapp/view/DetailObjectNotFound.view.xml": "1454408750000",
  "webapp/view/Master.view.xml": "1454408750000",
  "webapp/view/NotFound.view.xml": "1454408750000",
  "webapp/view/ViewSettingsDialog.fragment.xml": "1454408750000",
  "webapp/view/DetailsExpanded.controller.js": "1454479674000",
  "webapp/view/DetailsExpanded.view.xml": "1454418852000",
  "webapp/Component.js": "1454408750000",
  "webapp/manifest.json": "1454419223000",
  "webapp/test.html": "1454408750000",
  "readme.txt": "1454408750000"
}