<core:FragmentDefinition xmlns="sap.m" xmlns:l="sap.ui.layout" xmlns:core="sap.ui.core">
	<Dialog title="Edit Long Text" contentWidth="450px" contentHeight="450px">
		<content>
			<TextArea id="idComments" value="" width="450px" height="450px"></TextArea>
		</content>
		<beginButton>
			<Button text="OK" icon="sap-icon://message-success" press="onLongTextSave"></Button>
		</beginButton>
		<endButton>
			<Button text="Cancel" icon="sap-icon://message-error" press="onCommentsCancel"></Button>
		</endButton>
	</Dialog>
</core:FragmentDefinition>