<core:FragmentDefinition xmlns="sap.m" xmlns:l="sap.ui.layout" xmlns:core="sap.ui.core">
	<Dialog title="Manage Work Permits" contentWidth="400px" contentHeight="250px">
		<content>
			<Table id="idWOPermits">
				<headerToolbar>
					<OverflowToolbar>
						<ToolbarSpacer/>
						<Button icon="sap-icon://add" press="onAddWorkPermits"></Button>
					</OverflowToolbar>
				</headerToolbar>
				<columns>
					<Column width="12em">
						<Text text="Permit"/>
					</Column>
					<Column minScreenWidth="Tablet" demandPopin="true" >
						<Text text="Approval"/>
					</Column>
					<Column minScreenWidth="Desktop" demandPopin="true" hAlign="End">
						<Text text=""/>
					</Column>
				</columns>
				<!--<items>
					<ColumnListItem>
						<cells>
							<Select forceSelection="false"  items="{ path: '/WOPermits', sorter: { path: 'PermitKey' } }">
								<core:Item key="{PermitKey}" text="{PermitValue}"/>
							</Select>
							<Input  value="" width="150px"/>
							<Button icon="sap-icon://delete" />
						</cells>
					</ColumnListItem>
				</items>-->
			</Table>
		</content>
		<beginButton>
			<Button text="OK" icon="sap-icon://message-success" press="onClose"></Button>
		</beginButton>
		<endButton>
			<Button text="Cancel" icon="sap-icon://message-error" press="onCancel"></Button>
		</endButton>
	</Dialog>
</core:FragmentDefinition>