<core:FragmentDefinition xmlns:core="sap.ui.core" xmlns="sap.m" xmlns:f="sap.ui.layout.form" xmlns:u="sap.ui.unified">



<Dialog id="idDialogAcknowledge" title="Acknowledge Book Details" contentWidth="35%">

		<content>

		

	<f:SimpleForm  maxContainerCols="1"  editable="false" title="" >

	  <f:content>

        <Label text="Book Name"></Label>
	   	<Text text="{ItemModel>/ITEM_DESC}"></Text>
	   	<Label text="Doctor Name"></Label>
	   	<Text text="{ItemModel>/Docname}"></Text>
	   	<Label text="Acknowledgement Comments/Feedback"></Label>
	   	<TextArea id="ackComments" value=""></TextArea>

	     </f:content>

	</f:SimpleForm>


	</content>

		<buttons>

		    <Button text="Submit"  type="Emphasized" press="onSubmitAcknowledge"></Button>

			<Button text="Cancel" type="Emphasized"  press="onCloseAcknowledge"></Button>

			

		</buttons>

			

		

</Dialog>

</core:FragmentDefinition>