<edmx:Edmx xmlns:edmx="http://docs.oasis-open.org/odata/ns/edmx" Version="4.0">
	<edmx:Reference Uri="http://docs.oasis-open.org/odata/odata-data-aggregation-ext/v4.0/cs02/vocabularies/Org.OData.Aggregation.V1.xml">
		<edmx:Include Alias="Aggregation" Namespace="Org.OData.Aggregation.V1"/>
	</edmx:Reference>
	<edmx:Reference Uri="http://docs.oasis-open.org/odata/odata/v4.0/errata03/os/complete/vocabularies/Org.OData.Capabilities.V1.xml">
		<edmx:Include Alias="Capabilities" Namespace="Org.OData.Capabilities.V1"/>
	</edmx:Reference>
	<edmx:Reference Uri="https://wiki.scn.sap.com/wiki/download/attachments/448470974/Common.xml?api=v2">
		<edmx:Include Alias="Common" Namespace="com.sap.vocabularies.Common.v1"/>
	</edmx:Reference>
	<edmx:Reference Uri="https://wiki.scn.sap.com/wiki/download/attachments/448470971/Communication.xml?api=v2">
		<edmx:Include Alias="vCard" Namespace="com.sap.vocabularies.Communication.v1"/>
	</edmx:Reference>
	<edmx:Reference Uri="http://docs.oasis-open.org/odata/odata/v4.0/errata03/os/complete/vocabularies/Org.OData.Core.V1.xml">
		<edmx:Include Alias="Core" Namespace="Org.OData.Core.V1"/>
	</edmx:Reference>
	<edmx:Reference Uri="http://docs.oasis-open.org/odata/odata/v4.0/errata03/os/complete/vocabularies/Org.OData.Measures.V1.xml">
		<edmx:Include Alias="CQP" Namespace="Org.OData.Measures.V1"/>
	</edmx:Reference>
	<edmx:Reference Uri="https://wiki.scn.sap.com/wiki/download/attachments/448470968/UI.xml?api=v2">
		<edmx:Include Alias="UI" Namespace="com.sap.vocabularies.UI.v1"/>
	</edmx:Reference>
	<edmx:DataServices>
		<Schema xmlns="http://docs.oasis-open.org/odata/ns/edm">
			<Annotations Target="default.Zc_allocsalesType">
				<Annotation Term="UI.DataPoint">
					<Record Type="UI.DataPointType">
						<PropertyValue Property="Title" String="Assigned By"/>
						<PropertyValue Property="Value" Path="assignedby"/>
						<PropertyValue Property="TargetValue" Path="assignedby"/>
					</Record>
				</Annotation>
				<Annotation Term="UI.Facets">
					<Collection>
						<Record Type="UI.ReferenceFacet">
							<PropertyValue Property="Target" AnnotationPath="to_WorkLog/@UI.LineItem"/>
							<PropertyValue Property="Label" String="Worklog"/>
						</Record>
						<Record Type="UI.ReferenceFacet">
							<PropertyValue Property="Target" AnnotationPath="to_Expense/@UI.LineItem"/>
							<PropertyValue Property="Label" String="Expense"/>
						</Record>
					</Collection>
				</Annotation>
				<Annotation Term="Common.SemanticKey">
					<Collection>
						<PropertyPath>assigmentno</PropertyPath>
					</Collection>
				</Annotation>
				<Annotation Term="UI.DataPoint" Qualifier="SalesTarget">
					<Record Type="UI.DataPointType">
						<PropertyValue Property="Title" String="Sales Target"/>
						<PropertyValue Property="Value" Path="slstrgt"/>
						<PropertyValue Property="TargetValue" Path="slstrgt"/>
					</Record>
				</Annotation>
				<Annotation Term="UI.DataPoint" Qualifier="allocatedExp">
					<Record Type="UI.DataPointType">
						<PropertyValue Property="Title" String="Allocated Expense"/>
						<PropertyValue Property="Value" Path="allctdexpns"/>
						<PropertyValue Property="TargetValue" Path="allctdexpns"/>
					</Record>
				</Annotation>
				<Annotation Term="UI.DataPoint" Qualifier="SalesTargetArc">
					<Record Type="UI.DataPointType">
						<PropertyValue Property="Title" String="Target Achieved"/>
						<PropertyValue Property="Value" Path="SalesTargetAch"/>
						<PropertyValue Property="TargetValue" Path="SalesTargetAch"/>
					</Record>
				</Annotation>
				<Annotation Term="UI.HeaderInfo">
					<Record Type="UI.HeaderInfoType">
						<PropertyValue Property="TypeName" String="Assignment No"/>
						<PropertyValue Property="TypeNamePlural" String="Assignment No"/>
						<PropertyValue Property="Title">
							<Record Type="UI.DataField">
								<PropertyValue Property="Value" Path="assigmentno"/>
							</Record>
						</PropertyValue>
						<PropertyValue Property="Description">
							<Record Type="UI.DataField">
								<PropertyValue Property="Value" Path="assigmentno"/>
							</Record>
						</PropertyValue>
					</Record>
				</Annotation>
				<Annotation Term="UI.Identification">
					<Collection>
						<Record Type="UI.DataField">
							<PropertyValue Property="Value" Path="assigmentno"/>
						</Record>
					</Collection>
				</Annotation>
				<Annotation Term="UI.SelectionFields">
					<Collection>
						<PropertyPath>fromdate
						</PropertyPath>
						<PropertyPath>todate
						</PropertyPath>
						<PropertyPath>Assgstatus
						</PropertyPath>
					</Collection>
				</Annotation>
				<Annotation Term="UI.LineItem">
					<Collection>
						<Record Type="UI.DataField">
							<PropertyValue Property="Value" Path="assigmentno"/>
							<Annotation Term="UI.Importance"/>
							<PropertyValue Property="Label" String="Assignment No"/>
						</Record>
						<Record Type="UI.DataField">
							<PropertyValue Property="Value" Path="rdes"/>
							<Annotation Term="UI.Importance" EnumMember="UI.ImportanceType/High"/>
							<PropertyValue Property="Label" String="Region"/>
						</Record>
						<Record Type="UI.DataField">
							<PropertyValue Property="Value" Path="fromdate"/>
							<Annotation Term="UI.Importance" EnumMember="UI.ImportanceType/High"/>
							<PropertyValue Property="Label" String="From Date"/>
						</Record>
						<Record Type="UI.DataField">
							<PropertyValue Property="Value" Path="todate"/>
							<Annotation Term="UI.Importance" EnumMember="UI.ImportanceType/High"/>
							<PropertyValue Property="Label" String="To Date"/>
						</Record>
						<Record Type="UI.DataField">
							<PropertyValue Property="Value" Path="slstrgt"/>
							<Annotation Term="UI.Importance" EnumMember="UI.ImportanceType/High"/>
							<PropertyValue Property="Label" String="Sales Target"/>
						</Record>
						<Record Type="UI.DataField">
							<PropertyValue Property="Value" Path="cstmrtrgt"/>
							<Annotation Term="UI.Importance" EnumMember="UI.ImportanceType/High"/>
							<PropertyValue Property="Label" String="Customer Visit Target"/>
						</Record>
						<Record Type="UI.DataField">
							<PropertyValue Property="Value" Path="StatusText"/>
							<Annotation Term="UI.Importance" EnumMember="UI.ImportanceType/High"/>
							<PropertyValue Property="Label" String="Status Text"/>
						</Record>
						<Record Type="UI.DataFieldForAction">
							<PropertyValue Property="Action" String="default.v2/Zc_allocsalesAccept"/>
							<PropertyValue Property="Label" String="Accept"/>
							<PropertyValue Property="InvocationGrouping" EnumMember="UI.OperationGroupingType/Isolated"/>
						</Record>
						<Record Type="UI.DataFieldForAction">
							<PropertyValue Property="Action" String="default.v2/Zc_allocsalesReject"/>
							<PropertyValue Property="InvocationGrouping" EnumMember="UI.OperationGroupingType/Isolated"/>
							<PropertyValue Property="Label" String="Reject"/>
						</Record>
					</Collection>
				</Annotation>
			</Annotations>
			<Annotations Target="default.Zc_expensesaleType">
				<Annotation Term="UI.Facets">
					<Collection>
						<Record Type="UI.ReferenceFacet">
							<PropertyValue Property="Target" AnnotationPath="@UI.FieldGroup"/>
							<PropertyValue Property="Label" String="EXPENSE"/>
						</Record>
					</Collection>
				</Annotation>
				<Annotation Term="UI.FieldGroup">
					<Record Type="UI.FieldGroupType">
						<PropertyValue Property="Data">
							<Collection>
								<Record Type="UI.DataField">
									<PropertyValue Property="Value" Path="expcatid"/>
									<Annotation Term="UI.Importance" EnumMember="UI.ImportanceType/High"/>
									<PropertyValue Property="Label" String="Category"/>
								</Record>
								<Record Type="UI.DataField">
									<PropertyValue Property="Value" Path="amount"/>
									<Annotation Term="UI.Importance" EnumMember="UI.ImportanceType/High"/>
									<PropertyValue Property="Label" String="Price"/>
								</Record>
								<Record Type="UI.DataField">
									<PropertyValue Property="Value" Path="frmdate"/>
									<Annotation Term="UI.Importance" EnumMember="UI.ImportanceType/High"/>
									<PropertyValue Property="Label" String="Start Date"/>
								</Record>
								<Record Type="UI.DataField">
									<PropertyValue Property="Value" Path="todate"/>
									<Annotation Term="UI.Importance" EnumMember="UI.ImportanceType/High"/>
									<PropertyValue Property="Label" String="End Date"/>
								</Record>
								<Record Type="UI.DataField">
									<PropertyValue Property="Value" Path="remarks"/>
									<Annotation Term="UI.Importance" EnumMember="UI.ImportanceType/High"/>
									<PropertyValue Property="Label" String="Remarks"/>
								</Record>
							</Collection>
						</PropertyValue>
						<PropertyValue Property="Label" String="Expense Detail"/>
					</Record>
				</Annotation>
				<Annotation Term="UI.HeaderInfo">
					<Record Type="UI.HeaderInfoType">
						<PropertyValue Property="TypeName" String="Assignment No"/>
						<PropertyValue Property="TypeNamePlural" String="Assignment No"/>
						<PropertyValue Property="Title">
							<Record Type="UI.DataField">
								<PropertyValue Property="Value" Path="assigmentno"/>
							</Record>
						</PropertyValue>
					</Record>
				</Annotation>
				<Annotation Term="UI.Identification">
					<Collection>
						<Record Type="UI.DataField">
							<PropertyValue Property="Value" Path="expno"/>
						</Record>
						<Record Type="UI.DataField">
							<PropertyValue Property="Value" Path="assigmentno"/>
						</Record>
					</Collection>
				</Annotation>
				<Annotation Term="Common.SemanticKey">
					<Collection>
						<PropertyPath>expno</PropertyPath>
						<PropertyPath>assigmentno</PropertyPath>
					</Collection>
				</Annotation>
				<Annotation Term="UI.LineItem">
					<Collection>
						<Record Type="UI.DataField">
							<PropertyValue Property="Value" Path="assigmentno"/>
							<Annotation Term="UI.Importance" EnumMember="UI.ImportanceType/High"/>
							<PropertyValue Property="Label" String="Assignment No"/>
						</Record>
						<Record Type="UI.DataField">
							<PropertyValue Property="Value" Path="rdes"/>
							<Annotation Term="UI.Importance" EnumMember="UI.ImportanceType/High"/>
							<PropertyValue Property="Label" String="Region"/>
						</Record>
						<Record Type="UI.DataField">
							<PropertyValue Property="Value" Path="todate"/>
							<Annotation Term="UI.Importance" EnumMember="UI.ImportanceType/High"/>
							<PropertyValue Property="Label" String="To Date"/>
						</Record>
						<Record Type="UI.DataField">
							<PropertyValue Property="Value" Path="frmdate"/>
							<Annotation Term="UI.Importance" EnumMember="UI.ImportanceType/High"/>
							<PropertyValue Property="Label" String="From Date"/>
						</Record>
						<Record Type="UI.DataField">
							<PropertyValue Property="Value" Path="CategoryText"/>
							<Annotation Term="UI.Importance" EnumMember="UI.ImportanceType/High"/>
							<PropertyValue Property="Label" String="Category"/>
						</Record>
						<Record Type="UI.DataField">
							<PropertyValue Property="Value" Path="amount"/>
							<Annotation Term="UI.Importance" EnumMember="UI.ImportanceType/High"/>
							<PropertyValue Property="Label" String="Expense"/>
						</Record>
						<Record Type="UI.DataField">
							<PropertyValue Property="Value" Path="StatusDesc"/>
							<Annotation Term="UI.Importance" EnumMember="UI.ImportanceType/High"/>
							<PropertyValue Property="Label" String="Status"/>
						</Record>
					</Collection>
				</Annotation>
			</Annotations>
			<Annotations Target="default.Zc_worklogsalesType">
				<Annotation Term="UI.Facets">
					<Collection>
						<Record Type="UI.CollectionFacet">
							<PropertyValue Property="Facets">
								<Collection>
									<Record Type="UI.ReferenceFacet">
										<PropertyValue Property="Target" AnnotationPath="@UI.FieldGroup#WorklogDetail"/>
										<PropertyValue Property="Label" String="Worklog Detail"/>
									</Record>
									<Record Type="UI.ReferenceFacet">
										<PropertyValue Property="Target" AnnotationPath="@UI.FieldGroup#CustomerDetail"/>
										<PropertyValue Property="Label" String="Customer Detail"/>
									</Record>
								</Collection>
							</PropertyValue>
							<PropertyValue Property="Label" String="Worklog"/>
						</Record>
					</Collection>
				</Annotation>
				<Annotation Term="UI.FieldGroup" Qualifier="CustomerDetail">
					<Record Type="UI.FieldGroupType">
						<PropertyValue Property="Data">
							<Collection>
								<Record Type="UI.DataField">
									<PropertyValue Property="Value" Path="custdetail"/>
									<Annotation Term="UI.Importance" EnumMember="UI.ImportanceType/High"/>
									<PropertyValue Property="Label" String="Customer Name"/>
								</Record>
								<Record Type="UI.DataField">
									<PropertyValue Property="Value" Path="custaddres"/>
									<Annotation Term="UI.Importance" EnumMember="UI.ImportanceType/High"/>
									<PropertyValue Property="Label" String="Customer Address"/>
								</Record>
								<Record Type="UI.DataField">
									<PropertyValue Property="Value" Path="custphno"/>
									<Annotation Term="UI.Importance" EnumMember="UI.ImportanceType/High"/>
									<PropertyValue Property="Label" String="Customer Phone No"/>
								</Record>
							</Collection>
						</PropertyValue>
						<PropertyValue Property="Label" String="Customer Detail"/>
					</Record>
				</Annotation>
				<Annotation Term="UI.FieldGroup" Qualifier="WorklogDetail">
					<Record Type="UI.FieldGroupType">
						<PropertyValue Property="Data">
							<Collection>
								<Record Type="UI.DataField">
									<PropertyValue Property="Value" Path="prdid"/>
									<Annotation Term="UI.Importance"/>
									<PropertyValue Property="Label" String="Product ID"/>
								</Record>
								<Record Type="UI.DataField">
									<PropertyValue Property="Value" Path="quantity"/>
									<Annotation Term="UI.Importance" EnumMember="UI.ImportanceType/High"/>
									<PropertyValue Property="Label" String="Quantity"/>
								</Record>
								<Record Type="UI.DataField">
									<PropertyValue Property="Value" Path="statu"/>
									<Annotation Term="UI.Importance" EnumMember="UI.ImportanceType/High"/>
									<PropertyValue Property="Label" String="Status"/>
								</Record>
								<Record Type="UI.DataField">
									<PropertyValue Property="Value" Path="feedback"/>
									<Annotation Term="UI.Importance" EnumMember="UI.ImportanceType/High"/>
									<PropertyValue Property="Label" String="Feedback"/>
								</Record>
							</Collection>
						</PropertyValue>
						<PropertyValue Property="Label" String="Worklog Detail"/>
					</Record>
				</Annotation>
				<Annotation Term="UI.HeaderInfo">
					<Record Type="UI.HeaderInfoType">
						<PropertyValue Property="TypeName" String="Assignment No"/>
						<PropertyValue Property="TypeNamePlural" String="Assignment No"/>
						<PropertyValue Property="Title">
							<Record Type="UI.DataField">
								<PropertyValue Property="Value" Path="assigmentno"/>
							</Record>
						</PropertyValue>
					</Record>
				</Annotation>
				<Annotation Term="UI.Identification">
					<Collection>
						<Record Type="UI.DataField">
							<PropertyValue Property="Value" Path="worklogno"/>
						</Record>
						<Record Type="UI.DataField">
							<PropertyValue Property="Value" Path="assigmentno"/>
						</Record>
					</Collection>
				</Annotation>
				<Annotation Term="UI.LineItem">
					<Collection>
						<Record Type="UI.DataField">
							<PropertyValue Property="Value" Path="assigmentno"/>
							<Annotation Term="UI.Importance" EnumMember="UI.ImportanceType/High"/>
							<PropertyValue Property="Label" String="Assignment No"/>
						</Record>
						<Record Type="UI.DataField">
							<PropertyValue Property="Value" Path="rdes"/>
							<Annotation Term="UI.Importance" EnumMember="UI.ImportanceType/High"/>
							<PropertyValue Property="Label" String="Region"/>
						</Record>
						<Record Type="UI.DataField">
							<PropertyValue Property="Value" Path="custdetail"/>
							<Annotation Term="UI.Importance" EnumMember="UI.ImportanceType/High"/>
							<PropertyValue Property="Label" String="Customer Name"/>
						</Record>
						<Record Type="UI.DataField">
							<PropertyValue Property="Value" Path="CreatedTime"/>
							<Annotation Term="UI.Importance" EnumMember="UI.ImportanceType/High"/>
							<PropertyValue Property="Label" String="Date"/>
						</Record>
						<Record Type="UI.DataField">
							<PropertyValue Property="Value" Path="custaddres"/>
							<Annotation Term="UI.Importance" EnumMember="UI.ImportanceType/High"/>
							<PropertyValue Property="Label" String="Customer Address"/>
						</Record>
						<Record Type="UI.DataField">
							<PropertyValue Property="Value" Path="FeedbackDesc"/>
							<Annotation Term="UI.Importance" EnumMember="UI.ImportanceType/High"/>
							<PropertyValue Property="Label" String="Feedbacl"/>
						</Record>
						<Record Type="UI.DataField">
							<PropertyValue Property="Value" Path="amount"/>
							<Annotation Term="UI.Importance" EnumMember="UI.ImportanceType/High"/>
							<PropertyValue Property="Label" String="Price"/>
						</Record>
						<Record Type="UI.DataField">
							<PropertyValue Property="Value" Path="SalesStatusText"/>
							<Annotation Term="UI.Importance" EnumMember="UI.ImportanceType/High"/>
							<PropertyValue Property="Label" String="Status"/>
						</Record>
					</Collection>
				</Annotation>
				<Annotation Term="Common.SemanticKey">
					<Collection>
						<PropertyPath>assigmentno</PropertyPath>
						<PropertyPath>worklogno</PropertyPath>
					</Collection>
				</Annotation>
			</Annotations>
			<Annotations Target="default.Zc_allocsalesType/statu">
				<Annotation Term="Common.ValueList">
					<Record>
						<PropertyValue Property="Label" String="ASSIGNMENT STATUS TEXT"/>
						<PropertyValue Property="CollectionPath" String="Zi_Assstatus_Text"/>
						<PropertyValue Property="SearchSupported" Bool="false"/>
						<PropertyValue Property="Parameters">
							<Collection>
								<Record Type="Common.ValueListParameterInOut">
									<PropertyValue Property="LocalDataProperty" PropertyPath="statu"/>
									<PropertyValue Property="ValueListProperty" String="value"/>
								</Record>
								<Record Type="Common.ValueListParameterDisplayOnly">
									<PropertyValue Property="ValueListProperty" String="domname"/>
								</Record>
								<Record Type="Common.ValueListParameterDisplayOnly">
									<PropertyValue Property="ValueListProperty" String="ddlanguage"/>
								</Record>
								<Record Type="Common.ValueListParameterDisplayOnly">
									<PropertyValue Property="ValueListProperty" String="text"/>
								</Record>
							</Collection>
						</PropertyValue>
					</Record>
				</Annotation>
			</Annotations>
			<Annotations Target="default.Zc_expensesaleType/expcatid">
				<Annotation Term="Common.ValueList">
					<Record>
						<PropertyValue Property="Label" String="Expense Category"/>
						<PropertyValue Property="CollectionPath" String="Zi_Expense_Cat"/>
						<PropertyValue Property="SearchSupported" Bool="false"/>
						<PropertyValue Property="Parameters">
							<Collection>
								<Record Type="Common.ValueListParameterInOut">
									<PropertyValue Property="LocalDataProperty" PropertyPath="expcatid"/>
									<PropertyValue Property="ValueListProperty" String="value"/>
								</Record>
								<Record Type="Common.ValueListParameterDisplayOnly">
									<PropertyValue Property="ValueListProperty" String="domname"/>
								</Record>
								<Record Type="Common.ValueListParameterDisplayOnly">
									<PropertyValue Property="ValueListProperty" String="ddlanguage"/>
								</Record>
								<Record Type="Common.ValueListParameterDisplayOnly">
									<PropertyValue Property="ValueListProperty" String="text"/>
								</Record>
							</Collection>
						</PropertyValue>
					</Record>
				</Annotation>
			</Annotations>
			<Annotations Target="default.Zc_worklogsalesType/statu">
				<Annotation Term="Common.ValueList">
					<Record>
						<PropertyValue Property="Label" String="Worklog status"/>
						<PropertyValue Property="CollectionPath" String="Zi_Worklog_Status"/>
						<PropertyValue Property="SearchSupported" Bool="false"/>
						<PropertyValue Property="Parameters">
							<Collection>
								<Record Type="Common.ValueListParameterInOut">
									<PropertyValue Property="LocalDataProperty" PropertyPath="statu"/>
									<PropertyValue Property="ValueListProperty" String="value"/>
								</Record>
								<Record Type="Common.ValueListParameterDisplayOnly">
									<PropertyValue Property="ValueListProperty" String="domname"/>
								</Record>
								<Record Type="Common.ValueListParameterDisplayOnly">
									<PropertyValue Property="ValueListProperty" String="ddlanguage"/>
								</Record>
								<Record Type="Common.ValueListParameterDisplayOnly">
									<PropertyValue Property="ValueListProperty" String="status_text"/>
								</Record>
							</Collection>
						</PropertyValue>
					</Record>
				</Annotation>
			</Annotations>
			<Annotations Target="default.Zc_worklogsalesType/feedback">
				<Annotation Term="Common.ValueList">
					<Record>
						<PropertyValue Property="Label" String="Worklog Feedback Status"/>
						<PropertyValue Property="CollectionPath" String="Zi_Wrkfb_Status"/>
						<PropertyValue Property="SearchSupported" Bool="false"/>
						<PropertyValue Property="Parameters">
							<Collection>
								<Record Type="Common.ValueListParameterInOut">
									<PropertyValue Property="LocalDataProperty" PropertyPath="feedback"/>
									<PropertyValue Property="ValueListProperty" String="value"/>
								</Record>
								<Record Type="Common.ValueListParameterDisplayOnly">
									<PropertyValue Property="ValueListProperty" String="domname"/>
								</Record>
								<Record Type="Common.ValueListParameterDisplayOnly">
									<PropertyValue Property="ValueListProperty" String="ddlanguage"/>
								</Record>
								<Record Type="Common.ValueListParameterDisplayOnly">
									<PropertyValue Property="ValueListProperty" String="text"/>
								</Record>
							</Collection>
						</PropertyValue>
					</Record>
				</Annotation>
			</Annotations>
			<Annotations Target="default.Zc_worklogsalesType/prdid">
				<Annotation Term="Common.ValueList">
					<Record>
						<PropertyValue Property="Label" String="Product Detail"/>
						<PropertyValue Property="CollectionPath" String="Zi_S_Product"/>
						<PropertyValue Property="SearchSupported" Bool="false"/>
						<PropertyValue Property="Parameters">
							<Collection>
								<Record Type="Common.ValueListParameterInOut">
									<PropertyValue Property="LocalDataProperty" PropertyPath="prdid"/>
									<PropertyValue Property="ValueListProperty" String="prdid"/>
								</Record>
								<Record Type="Common.ValueListParameterDisplayOnly">
									<PropertyValue Property="ValueListProperty" String="descr"/>
								</Record>
							</Collection>
						</PropertyValue>
					</Record>
				</Annotation>
			</Annotations>
		</Schema>
	</edmx:DataServices>
</edmx:Edmx>