<edmx:Edmx xmlns:edmx="http://docs.oasis-open.org/odata/ns/edmx" Version="4.0">
	<edmx:Reference Uri="http://docs.oasis-open.org/odata/odata-data-aggregation-ext/v4.0/cs02/vocabularies/Org.OData.Aggregation.V1.xml">
		<edmx:Include Alias="Aggregation" Namespace="Org.OData.Aggregation.V1"/>
	</edmx:Reference>
	<edmx:Reference Uri="http://docs.oasis-open.org/odata/odata/v4.0/errata03/os/complete/vocabularies/Org.OData.Capabilities.V1.xml">
		<edmx:Include Alias="Capabilities" Namespace="Org.OData.Capabilities.V1"/>
	</edmx:Reference>
	<edmx:Reference Uri="https://wiki.scn.sap.com/wiki/download/attachments/448470974/Common.xml?api=v2">
		<edmx:Include Alias="Common" Namespace="com.sap.vocabularies.Common.v1"/>
	</edmx:Reference>
	<edmx:Reference Uri="https://wiki.scn.sap.com/wiki/download/attachments/448470971/Communication.xml?api=v2">
		<edmx:Include Alias="vCard" Namespace="com.sap.vocabularies.Communication.v1"/>
	</edmx:Reference>
	<edmx:Reference Uri="http://docs.oasis-open.org/odata/odata/v4.0/errata03/os/complete/vocabularies/Org.OData.Core.V1.xml">
		<edmx:Include Alias="Core" Namespace="Org.OData.Core.V1"/>
	</edmx:Reference>
	<edmx:Reference Uri="http://docs.oasis-open.org/odata/odata/v4.0/errata03/os/complete/vocabularies/Org.OData.Measures.V1.xml">
		<edmx:Include Alias="CQP" Namespace="Org.OData.Measures.V1"/>
	</edmx:Reference>
	<edmx:Reference Uri="https://wiki.scn.sap.com/wiki/download/attachments/448470968/UI.xml?api=v2">
		<edmx:Include Alias="UI" Namespace="com.sap.vocabularies.UI.v1"/>
	</edmx:Reference>
	<edmx:DataServices>
		<Schema xmlns="http://docs.oasis-open.org/odata/ns/edm">
		
			<Annotations Target="default.Zc_allocsalesType">
			
			
				<Annotation Term="UI.HeaderInfo">
					<Record Type="UI.HeaderInfoType">
						<PropertyValue Property="TypeName" String="Assignment No"/>
						<PropertyValue Property="TypeNamePlural" String="Assignment No"/>
						<PropertyValue Property="Title">
							<Record Type="UI.DataField">
								<PropertyValue Property="Value" Path="assigmentno"/>
							</Record>
						</PropertyValue>
						<PropertyValue Property="Description">
							<Record Type="UI.DataField">
								<PropertyValue Property="Value" Path="assigmentno"/>
							</Record>
						</PropertyValue>
					</Record>
				</Annotation>
				<Annotation Term="UI.Identification">
					<Collection>
						<Record Type="UI.DataField">
							<PropertyValue Property="Value" Path="assigmentno"/>
						</Record>
					</Collection>
				</Annotation>
				<Annotation Term="UI.SelectionFields">
					<Collection>
						<PropertyPath>fromdate<Annotation Term="Common.Heading" String="Start Date"/>
						</PropertyPath>
						<PropertyPath>todate<Annotation Term="Common.Heading" String="End Date"/>
						</PropertyPath>
						<PropertyPath>Assgstatus<Annotation Term="Common.Heading" String="Assignment Status"/>
						</PropertyPath>
					</Collection>
				</Annotation>
				<Annotation Term="UI.LineItem">
					<Collection>
						<Record Type="UI.DataField">
							<PropertyValue Property="Value" Path="assigmentno"/>
							<Annotation Term="UI.Importance" EnumMember="UI.ImportanceType/High"/>
							<PropertyValue Property="Label" String="Assignment ID"/>
						</Record>
						<Record Type="UI.DataField">
							<PropertyValue Property="Value" Path="rdes"/>
							<Annotation Term="UI.Importance" EnumMember="UI.ImportanceType/High"/>
							<PropertyValue Property="Label" String="Region"/>
						</Record>
						<Record Type="UI.DataField">
							<PropertyValue Property="Value" Path="fromdate"/>
							<Annotation Term="UI.Importance" EnumMember="UI.ImportanceType/High"/>
							<PropertyValue Property="Label" String="Start Date"/>
						</Record>
						<Record Type="UI.DataField">
							<PropertyValue Property="Value" Path="todate"/>
							<Annotation Term="UI.Importance" EnumMember="UI.ImportanceType/High"/>
							<PropertyValue Property="Label" String="End Date"/>
						</Record>
						<Record Type="UI.DataField">
							<PropertyValue Property="Value" Path="slstrgt"/>
							<Annotation Term="UI.Importance"/>
							<PropertyValue Property="Label" String="Sales Target"/>
						</Record>
						<Record Type="UI.DataField">
							<PropertyValue Property="Value" Path="cstmrtrgt"/>
							<Annotation Term="UI.Importance"/>
							<PropertyValue Property="Label" String="Estimated Target"/>
						</Record>
						<Record Type="UI.DataField">
							<PropertyValue Property="Value" Path="StatusText"/>
							<Annotation Term="UI.Importance" EnumMember="UI.ImportanceType/High"/>
							<PropertyValue Property="Label" String="Status"/>
						</Record>
					</Collection>
				</Annotation>
			</Annotations>
		</Schema>
	</edmx:DataServices>
</edmx:Edmx>