<edmx:Edmx xmlns:edmx="http://schemas.microsoft.com/ado/2007/06/edmx" xmlns:sap="http://www.sap.com/Protocols/SAPData" Version="1.0">
	<edmx:DataServices xmlns:m="http://schemas.microsoft.com/ado/2007/08/dataservices/metadata" m:DataServiceVersion="2.0">
		<Schema xmlns:d="http://schemas.microsoft.com/ado/2007/08/dataservices"
			xmlns:m="http://schemas.microsoft.com/ado/2007/08/dataservices/metadata" xmlns="http://schemas.microsoft.com/ado/2008/09/edm"
			Namespace="default">
			<EntityType Name="Zc_allocsalesType">
				<Key>
					<PropertyRef Name="assigmentno"/>
				</Key>
				<Property Name="Accept_ac" Type="Edm.String" MaxLength="8"/>
				<Property Name="Reject_ac" Type="Edm.String" MaxLength="8"/>
				<Property Name="assigmentno" Type="Edm.String" Nullable="false" MaxLength="8"/>
				<Property Name="slstrgt" Type="Edm.Decimal" Precision="10" Scale="2"/>
				<Property Name="curr" Type="Edm.String" MaxLength="5"/>
				<Property Name="Assgstatus" Type="Edm.String" MaxLength="2"/>
				<Property Name="StatusText" Type="Edm.String" MaxLength="160"/>
				<Property Name="SalesTargetAch" Type="Edm.Decimal" Precision="12" Scale="3"/>
				<Property Name="allctdexpns" Type="Edm.Decimal" Precision="12" Scale="3"/>
				<Property Name="remarks" Type="Edm.String" MaxLength="250"/>
				<Property Name="actiontime" Type="Edm.DateTime" sap:display-format="Date"/>
				<Property Name="userid" Type="Edm.String" MaxLength="12"/>
				<Property Name="eassgn_timestamp" Type="Edm.DateTime" sap:display-format="Date"/>
				<Property Name="fromdate" Type="Edm.DateTime" sap:display-format="Date"/>
				<Property Name="assignedby" Type="Edm.String" MaxLength="12"/>
				<Property Name="regkey" Type="Edm.String" MaxLength="10"/>
				<Property Name="rdes" Type="Edm.String" MaxLength="50"/>
				<Property Name="todate" Type="Edm.DateTime" sap:display-format="Date"/>
				<Property Name="cstmrtrgt" Type="Edm.Int32"/>
				<Property Name="to_Expense.assigmentno" Type="Edm.String" MaxLength="8"/>
				<Property Name="to_StatusVH.text" Type="Edm.String" MaxLength="60"/>
				<Property Name="to_WorkLog.assigmentno" Type="Edm.String" MaxLength="8"/>
				<NavigationProperty Name="to_Expense" Relationship="default.to_ExpenseType" FromRole="Zc_allocsalesPrincipal"
					ToRole="Zc_expensesaleDependent" sap:creatable="false" sap:filterable="false"/>
				<NavigationProperty Name="to_StatusVH" Relationship="default.to_StatusVHType" FromRole="Zc_allocsalesPrincipal"
					ToRole="Zi_Assstatus_TextDependent" sap:creatable="false" sap:filterable="false"/>
				<NavigationProperty Name="to_WorkLog" Relationship="default.to_WorkLogType" FromRole="Zc_allocsalesPrincipal"
					ToRole="Zc_worklogsalesDependent" sap:creatable="false" sap:filterable="false"/>
			</EntityType>
			<EntityType Name="Zi_Assstatus_TextType">
				<Key>
					<PropertyRef Name="domname"/>
					<PropertyRef Name="value"/>
					<PropertyRef Name="ddlanguage"/>
				</Key>
				<Property Name="domname" Type="Edm.String" Nullable="false" MaxLength="30"/>
				<Property Name="value" Type="Edm.String" Nullable="false" MaxLength="10"/>
				<Property Name="ddlanguage" Type="Edm.String" Nullable="false" MaxLength="2"/>
				<Property Name="text" Type="Edm.String" MaxLength="60"/>
			</EntityType>
			<EntityType Name="Zc_expensesaleType">
				<Key>
					<PropertyRef Name="expno"/>
					<PropertyRef Name="assigmentno"/>
				</Key>
				<Property Name="expno" Type="Edm.String" Nullable="false" MaxLength="8"/>
				<Property Name="regkey" Type="Edm.String" MaxLength="10"/>
				<Property Name="userid" Type="Edm.String" MaxLength="12"/>
				<Property Name="rdes" Type="Edm.String" MaxLength="50"/>
				<Property Name="statu" Type="Edm.String" MaxLength="3"/>
				<Property Name="StatusDesc" Type="Edm.String" MaxLength="60"/>
				<Property Name="remarks" Type="Edm.String" MaxLength="250"/>
				<Property Name="approvernote" Type="Edm.String" MaxLength="250"/>
				<Property Name="exp_timestamp" Type="Edm.DateTime" sap:display-format="Date"/>
				<Property Name="assigmentno" Type="Edm.String" Nullable="false" MaxLength="8"/>
				<Property Name="expcatid" Type="Edm.String" MaxLength="3"/>
				<Property Name="CategoryText" Type="Edm.String" MaxLength="60"/>
				<Property Name="amount" Type="Edm.Decimal" Precision="12" Scale="3"/>
				<Property Name="curr" Type="Edm.String" MaxLength="5"/>
				<Property Name="frmdate" Type="Edm.DateTime" sap:display-format="Date"/>
				<Property Name="todate" Type="Edm.DateTime" sap:display-format="Date"/>
				<Property Name="lockey" Type="Edm.String" MaxLength="10"/>
				<Property Name="to_alloc.assigmentno" Type="Edm.String" MaxLength="8"/>
				<Property Name="to_CategoryVH.text" Type="Edm.String" MaxLength="60"/>
				<NavigationProperty Name="to_alloc" Relationship="default.to_allocType" FromRole="Zc_expensesalePrincipal" ToRole="Zc_allocsalesDependent"
					sap:creatable="false" sap:filterable="false"/>
				<NavigationProperty Name="to_CategoryVH" Relationship="default.to_CategoryVHType" FromRole="Zc_expensesalePrincipal"
					ToRole="Zi_Expense_CatDependent" sap:creatable="false" sap:filterable="false"/>
			</EntityType>
			<EntityType Name="Zi_Expense_CatType">
				<Key>
					<PropertyRef Name="domname"/>
					<PropertyRef Name="value"/>
					<PropertyRef Name="ddlanguage"/>
				</Key>
				<Property Name="domname" Type="Edm.String" Nullable="false" MaxLength="30"/>
				<Property Name="value" Type="Edm.String" Nullable="false" MaxLength="10"/>
				<Property Name="ddlanguage" Type="Edm.String" Nullable="false" MaxLength="2"/>
				<Property Name="text" Type="Edm.String" MaxLength="60"/>
			</EntityType>
			<EntityType Name="Zc_worklogsalesType">
				<Key>
					<PropertyRef Name="worklogno"/>
					<PropertyRef Name="assigmentno"/>
				</Key>
				<Property Name="worklogno" Type="Edm.String" Nullable="false" MaxLength="8"/>
				<Property Name="custaddres" Type="Edm.String" MaxLength="500"/>
				<Property Name="custphno" Type="Edm.String" MaxLength="10"/>
				<Property Name="amount" Type="Edm.Decimal" Precision="12" Scale="3"/>
				<Property Name="curr" Type="Edm.String" MaxLength="5"/>
				<Property Name="statu" Type="Edm.String" MaxLength="3"/>
				<Property Name="SalesStatusText" Type="Edm.String" MaxLength="60"/>
				<Property Name="feedback" Type="Edm.String" MaxLength="2"/>
				<Property Name="FeedbackDesc" Type="Edm.String" MaxLength="60"/>
				<Property Name="remarks" Type="Edm.String" MaxLength="250"/>
				<Property Name="assigmentno" Type="Edm.String" Nullable="false" MaxLength="8"/>
				<Property Name="salesemp" Type="Edm.String" MaxLength="12"/>
				<Property Name="regkey" Type="Edm.String" MaxLength="10"/>
				<Property Name="rdes" Type="Edm.String" MaxLength="50"/>
				<Property Name="prdid" Type="Edm.String" MaxLength="40"/>
				<Property Name="quantity" Type="Edm.Int32"/>
				<Property Name="custdetail" Type="Edm.String" MaxLength="30"/>
				<Property Name="CreatedTime" Type="Edm.DateTime" sap:display-format="Date"/>
				<Property Name="to_alloc1.assigmentno" Type="Edm.String" MaxLength="8"/>
				<Property Name="to_FeedbackVH.text" Type="Edm.String" MaxLength="60"/>
				<Property Name="to_product.prdid" Type="Edm.String" MaxLength="40"/>
				<Property Name="to_SalesStatusValueHelp.status_text" Type="Edm.String" MaxLength="60"/>
				<NavigationProperty Name="to_alloc1" Relationship="default.to_alloc1Type" FromRole="Zc_worklogsalesPrincipal"
					ToRole="Zc_allocsalesDependent" sap:creatable="false" sap:filterable="false"/>
				<NavigationProperty Name="to_FeedbackVH" Relationship="default.to_FeedbackVHType" FromRole="Zc_worklogsalesPrincipal"
					ToRole="Zi_Wrkfb_StatusDependent" sap:creatable="false" sap:filterable="false"/>
				<NavigationProperty Name="to_product" Relationship="default.to_productType" FromRole="Zc_worklogsalesPrincipal"
					ToRole="Zi_S_ProductDependent" sap:creatable="false" sap:filterable="false"/>
				<NavigationProperty Name="to_SalesStatusValueHelp" Relationship="default.to_SalesStatusValueHelpType" FromRole="Zc_worklogsalesPrincipal"
					ToRole="Zi_Worklog_StatusDependent" sap:creatable="false" sap:filterable="false"/>
			</EntityType>
			<EntityType Name="Zi_Wrkfb_StatusType">
				<Key>
					<PropertyRef Name="domname"/>
					<PropertyRef Name="value"/>
					<PropertyRef Name="ddlanguage"/>
				</Key>
				<Property Name="domname" Type="Edm.String" Nullable="false" MaxLength="30"/>
				<Property Name="value" Type="Edm.String" Nullable="false" MaxLength="10"/>
				<Property Name="ddlanguage" Type="Edm.String" Nullable="false" MaxLength="2"/>
				<Property Name="text" Type="Edm.String" MaxLength="60"/>
			</EntityType>
			<EntityType Name="Zi_S_ProductType">
				<Key>
					<PropertyRef Name="prdid"/>
				</Key>
				<Property Name="prdid" Type="Edm.String" Nullable="false" MaxLength="40"/>
				<Property Name="descr" Type="Edm.String" MaxLength="50"/>
			</EntityType>
			<EntityType Name="Zi_Worklog_StatusType">
				<Key>
					<PropertyRef Name="domname"/>
					<PropertyRef Name="value"/>
					<PropertyRef Name="ddlanguage"/>
				</Key>
				<Property Name="domname" Type="Edm.String" Nullable="false" MaxLength="30"/>
				<Property Name="value" Type="Edm.String" Nullable="false" MaxLength="10"/>
				<Property Name="ddlanguage" Type="Edm.String" Nullable="false" MaxLength="2"/>
				<Property Name="status_text" Type="Edm.String" MaxLength="60"/>
			</EntityType>
			<Association Name="to_ExpenseType">
				<End Type="default.Zc_allocsalesType" Role="Zc_allocsalesPrincipal" Multiplicity="1"/>
				<End Type="default.Zc_expensesaleType" Role="Zc_expensesaleDependent" Multiplicity="*"/>
			</Association>
			<Association Name="to_StatusVHType">
				<End Type="default.Zc_allocsalesType" Role="Zc_allocsalesPrincipal" Multiplicity="1"/>
				<End Type="default.Zi_Assstatus_TextType" Role="Zi_Assstatus_TextDependent" Multiplicity="1"/>
			</Association>
			<Association Name="to_WorkLogType">
				<End Type="default.Zc_allocsalesType" Role="Zc_allocsalesPrincipal" Multiplicity="1"/>
				<End Type="default.Zc_worklogsalesType" Role="Zc_worklogsalesDependent" Multiplicity="*"/>
			</Association>
			<Association Name="to_allocType">
				<End Type="default.Zc_expensesaleType" Role="Zc_expensesalePrincipal" Multiplicity="1"/>
				<End Type="default.Zc_allocsalesType" Role="Zc_allocsalesDependent" Multiplicity="1"/>
			</Association>
			<Association Name="to_CategoryVHType">
				<End Type="default.Zc_expensesaleType" Role="Zc_expensesalePrincipal" Multiplicity="1"/>
				<End Type="default.Zi_Expense_CatType" Role="Zi_Expense_CatDependent" Multiplicity="1"/>
			</Association>
			<Association Name="to_alloc1Type">
				<End Type="default.Zc_worklogsalesType" Role="Zc_worklogsalesPrincipal" Multiplicity="1"/>
				<End Type="default.Zc_allocsalesType" Role="Zc_allocsalesDependent" Multiplicity="1"/>
			</Association>
			<Association Name="to_FeedbackVHType">
				<End Type="default.Zc_worklogsalesType" Role="Zc_worklogsalesPrincipal" Multiplicity="1"/>
				<End Type="default.Zi_Wrkfb_StatusType" Role="Zi_Wrkfb_StatusDependent" Multiplicity="1"/>
			</Association>
			<Association Name="to_productType">
				<End Type="default.Zc_worklogsalesType" Role="Zc_worklogsalesPrincipal" Multiplicity="1"/>
				<End Type="default.Zi_S_ProductType" Role="Zi_S_ProductDependent" Multiplicity="1"/>
			</Association>
			<Association Name="to_SalesStatusValueHelpType">
				<End Type="default.Zc_worklogsalesType" Role="Zc_worklogsalesPrincipal" Multiplicity="1"/>
				<End Type="default.Zi_Worklog_StatusType" Role="Zi_Worklog_StatusDependent" Multiplicity="1"/>
			</Association>
			<EntityContainer Name="v2" m:IsDefaultEntityContainer="true">
				<EntitySet Name="Zc_allocsales" EntityType="default.Zc_allocsalesType"/>
				<EntitySet Name="Zi_Assstatus_Text" EntityType="default.Zi_Assstatus_TextType"/>
				<EntitySet Name="Zc_expensesale" EntityType="default.Zc_expensesaleType"/>
				<EntitySet Name="Zi_Expense_Cat" EntityType="default.Zi_Expense_CatType"/>
				<EntitySet Name="Zc_worklogsales" EntityType="default.Zc_worklogsalesType"/>
				<EntitySet Name="Zi_Wrkfb_Status" EntityType="default.Zi_Wrkfb_StatusType"/>
				<EntitySet Name="Zi_S_Product" EntityType="default.Zi_S_ProductType"/>
				<EntitySet Name="Zi_Worklog_Status" EntityType="default.Zi_Worklog_StatusType"/>
				<AssociationSet Name="to_Expense" Association="default.to_ExpenseType">
					<End Role="Zc_allocsalesPrincipal" EntitySet="Zc_allocsales"/>
					<End Role="Zc_expensesaleDependent" EntitySet="Zc_expensesale"/>
				</AssociationSet>
				<AssociationSet Name="to_StatusVH" Association="default.to_StatusVHType">
					<End Role="Zc_allocsalesPrincipal" EntitySet="Zc_allocsales"/>
					<End Role="Zi_Assstatus_TextDependent" EntitySet="Zi_Assstatus_Text"/>
				</AssociationSet>
				<AssociationSet Name="to_WorkLog" Association="default.to_WorkLogType">
					<End Role="Zc_allocsalesPrincipal" EntitySet="Zc_allocsales"/>
					<End Role="Zc_worklogsalesDependent" EntitySet="Zc_worklogsales"/>
				</AssociationSet>
				<AssociationSet Name="to_alloc" Association="default.to_allocType">
					<End Role="Zc_expensesalePrincipal" EntitySet="Zc_expensesale"/>
					<End Role="Zc_allocsalesDependent" EntitySet="Zc_allocsales"/>
				</AssociationSet>
				<AssociationSet Name="to_CategoryVH" Association="default.to_CategoryVHType">
					<End Role="Zc_expensesalePrincipal" EntitySet="Zc_expensesale"/>
					<End Role="Zi_Expense_CatDependent" EntitySet="Zi_Expense_Cat"/>
				</AssociationSet>
				<AssociationSet Name="to_alloc1" Association="default.to_alloc1Type">
					<End Role="Zc_worklogsalesPrincipal" EntitySet="Zc_worklogsales"/>
					<End Role="Zc_allocsalesDependent" EntitySet="Zc_allocsales"/>
				</AssociationSet>
				<AssociationSet Name="to_FeedbackVH" Association="default.to_FeedbackVHType">
					<End Role="Zc_worklogsalesPrincipal" EntitySet="Zc_worklogsales"/>
					<End Role="Zi_Wrkfb_StatusDependent" EntitySet="Zi_Wrkfb_Status"/>
				</AssociationSet>
				<AssociationSet Name="to_product" Association="default.to_productType">
					<End Role="Zc_worklogsalesPrincipal" EntitySet="Zc_worklogsales"/>
					<End Role="Zi_S_ProductDependent" EntitySet="Zi_S_Product"/>
				</AssociationSet>
				<AssociationSet Name="to_SalesStatusValueHelp" Association="default.to_SalesStatusValueHelpType">
					<End Role="Zc_worklogsalesPrincipal" EntitySet="Zc_worklogsales"/>
					<End Role="Zi_Worklog_StatusDependent" EntitySet="Zi_Worklog_Status"/>
				</AssociationSet>
			</EntityContainer>
		</Schema>
	</edmx:DataServices>
</edmx:Edmx>