<mvc:View controllerName="report.zmonthly.controller.View1" xmlns:html="http://www.w3.org/1999/xhtml" xmlns:mvc="sap.ui.core.mvc"
	displayBlock="true" xmlns="sap.m" xmlns:l="sap.ui.layout.form" xmlns:m="sap.m" xmlns:me="sap.me" xmlns:core="sap.ui.core"
	xmlns:u="sap.ui.unified">
	<App id="idAppControl">
		<pages>
			<Page title="{i18n>title}">
				<content>
					<VBox>
						<Label text="File Name"></Label>
					<u:FileUploader id="idfileUploader" width="50%" sameFilenameAllowed="false" buttonText="" fileType="CSV" placeholder="Choose a CSV file"
						style="Emphasized"></u:FileUploader>
					<Button text="Upload" press="onUpload"></Button>
					</VBox>
					<Table id="idMonthTable" inset="false" items="{/}" growing="true" growingThreshold="50">
						<columns>
							<Column minScreenWidth="Tablet" demandPopin="true">
								<Text text="Date"/>
							</Column>
							<Column minScreenWidth="Tablet" demandPopin="true">
								<Text text="Origin"/>
							</Column>
							<Column minScreenWidth="Tablet" demandPopin="true">
								<Text text="Destination"/>
							</Column>
							<Column minScreenWidth="Tablet" demandPopin="true">
								<Text text="Met With"/>
							</Column>
							
							<Column minScreenWidth="Tablet" demandPopin="true">
								<Text text="Domain"/>
							</Column>
							
							<Column minScreenWidth="Tablet" demandPopin="true">
								<Text text="Doctor ID"/>
							</Column>
							
							<Column minScreenWidth="Tablet" demandPopin="true">
								<Text text="Doctor Name"/>
							</Column>
							
							<Column minScreenWidth="Tablet" demandPopin="true">
								<Text text="Chemist ID"/>
							</Column>
							
							<Column minScreenWidth="Tablet" demandPopin="true">
								<Text text="Chemist Name"/>
							</Column>
							
							<Column minScreenWidth="Tablet" demandPopin="true">
								<Text text="Speciliazation"/>
							</Column>
							<Column minScreenWidth="Tablet" demandPopin="true">
								<Text text="Visit Per Day"/>
							</Column>
							
							<Column minScreenWidth="Tablet" demandPopin="true">
								<Text text="Remarks"/>
							</Column>
							
						</columns>
						<items>
							<ColumnListItem >
								<cells>
									<Text text="{Date}"/>
									<Text text="{Origin}"/>
									<Text text="{Destination}"/>
									<Text text="{Consultant}"/>
									<Text text="{Domain}"/>
									<Text text="{DoctorID}"/>
									<Text text="{DoctorName}"/>
									<Text text="{ChemistName}"/>
									<Text text="{ChemistID}"/>
									<Text text="{Specialization}"/>
									<Text text="{VisitPerDay}"/>
									<Text text="{Remarks}"/>
								</cells>
							</ColumnListItem>
						</items>
					</Table>
				</content>
				<footer>
					<Bar>
						<contentRight>
							<Button icon="sap-icon://process" text="Save" press="OnSaveMonth"></Button>
							<Button icon="sap-icon://Submit" text="Submit" press="OnSUbmitMonth"></Button>
						</contentRight>
					</Bar>
				</footer>
			</Page>
		</pages>
	</App>
</mvc:View>