{
  "run": [
    {
      "filePath": "/RouterExample/index.html",
      "previewMode": 1,
      "dataMode": 1,
      "workspace": "withoutWorkspace",
      "ui5ActiveVersion": null,
      "ui5VerSource": null,
      "isDefaultVersion": 0,
      "urlParameters": [],
      "hashParameter": "",
      "backendSystem": [
        {
          "source": "northwind_activity3",
          "destinations": "northwind_activity3"
        }
      ],
      "_metadata": {
        "runnerId": "webapprunner",
        "id": 3123866,
        "displayName": "New Web Application 32",
        "lastRunTimeStamp": 1499411155987
      }
    }
  ]
}