{
  "Component.js": "1450344328000",
  "index.html": "1450344328000",
  "localIndex.html": "1450344328000",
  "MyRouter.js": "1450344328000",
  "css/style.css": "1450344328000",
  "i18n/messageBundle.properties": "1450344328000",
  "view/App.controller.js": "1450344328000",
  "view/App.view.xml": "1450344328000",
  "view/Detail.controller.js": "1450344328000",
  "view/Detail.view.xml": "1450344328000",
  "view/Master.controller.js": "1450439156000",
  "view/Master.view.xml": "1450344328000",
  "view/NotFound.controller.js": "1450344328000",
  "view/NotFound.view.xml": "1450344328000",
  "model/metadata.xml": "1450344338000"
}