{
	"zipInfo": {
		"creatorName": "Theming Engine",
		"creatorVersion": "1.45.3",
		"created": "2019-09-26T07:32:34Z",
		"lessVersion": "1.6.3",
		"compression": "none",
		"exportMode": "DESIGNTIME"
	},
	"contentInfo": {
		"sourcePath": "https://mdtheme-p1941489552trial.dispatcher.hanatrial.ondemand.com/themedesigner/theming/repository/~v=Base:11.1.11,UR:10.30.7.317431.0,UI5:1.65.11",
		"frameworks": {
			"Base": {
				"version": "11.1.11"
			},
			"UR": {
				"version": "10.30.7.317431.0"
			},
			"UI5": {
				"version": "1.65.11"
			}
		},
		"libraries": {
			"Base.baseLib": {
				"version": "11.1.11"
			},
			"UR.baseLib": {
				"version": "10.30.7.317431.0"
			},
			"UI5.sap/f": {
				"version": "1.65.8"
			},
			"UI5.sap/m": {
				"version": "1.65.8"
			},
			"UI5.sap/ui/core": {
				"version": "1.65.8"
			},
			"UI5.sap/ui/layout": {
				"version": "1.65.8"
			},
			"UI5.sap/ushell": {
				"version": "1.65.8"
			}
		},
		"themes": {
			"theme1": {
				"id": "theme1",
				"extends": "sap_belize",
				"label": "theme1",
				"vendor": "",
				"textDirections": "LTR"
			},
			"theme1--Contrast": {
				"id": "theme1--Contrast",
				"extends": "sap_belize_plus",
				"label": "",
				"vendor": "",
				"textDirections": ""
			}
		}
	}
}