{
  "authenticationMethod": "none",
  "routes": [
    {
      "path": "/UI5",
      "target": {
        "type": "service",
        "name": "sapui5",
        "version": "1.65.11",
        "preferLocal": true,
        "entryPath": "/resources"
      },
      "description": "SAPUI5 Resources"
    },
    {
      "path": "/resources",
      "target": {
        "type": "service",
        "name": "sapui5",
        "entryPath": "/resources"
      },
      "description": "SAPUI5 Resources"
    },
    {
      "path": "/test-resources",
      "target": {
        "type": "service",
        "name": "sapui5",
        "entryPath": "/test-resources"
      },
      "description": "SAPUI5 Test Resources"
    }
  ]
}