{
  "run": [
    {
      "filePath": "/FioriMasterDetail/index.html",
      "previewMode": 1,
      "dataMode": 1,
      "workspace": "withoutWorkspace",
      "ui5ActiveVersion": null,
      "ui5VerSource": null,
      "isDefaultVersion": 0,
      "urlParameters": [],
      "hashParameter": "",
      "backendSystem": [
        {
          "source": "northwind_activity3",
          "destinations": "northwind_activity3"
        }
      ],
      "destBackendSystem": [
        "SAP_AIC_ANG",
        "Employee_Service"
      ],
      "_metadata": {
        "runnerId": "webapprunner",
        "id": 5223179,
        "displayName": "New Web Application 15",
        "lastRunTimeStamp": 1516698882511
      }
    }
  ]
}