{
  "model/metadata.xml": "1444905997000",
  "view/NotFound.view.xml": "1444905983000",
  "view/NotFound.controller.js": "1444905983000",
  "view/Master.view.xml": "1448452303000",
  "view/Master.controller.js": "1448452283000",
  "view/Detail.view.xml": "1444905983000",
  "view/Detail.controller.js": "1444905983000",
  "view/App.view.xml": "1444905983000",
  "view/App.controller.js": "1444905983000",
  "i18n/messageBundle.properties": "1444905983000",
  "css/style.css": "1444905983000",
  "MyRouter.js": "1444905983000",
  "localIndex.html": "1444905983000",
  "index.html": "1444905983000",
  "Component.js": "1444905983000"
}