{
  ".Ui5RepositoryBinaryFiles": "1476438517171",
  ".Ui5RepositoryIgnore": "1476438517171",
  ".Ui5RepositoryTextFiles": "1476438517218",
  "Component-dbg.js": "1476438517171",
  "Component-preload-dbg.js": "1476438517218",
  "Component-preload.js": "1483963183193",
  "Component.js": "1476439035024",
  "Configuration-dbg.js": "1476438517171",
  "Configuration.js": "1476439093313",
  "css/shoppingcart-dbg.css": "1476438517171",
  "css/shoppingcart.css": "1488437501178",
  "i18n/i18n.properties": "1476438517187",
  "i18n/i18n_ar.properties": "1476438517187",
  "i18n/i18n_bg.properties": "1476438517187",
  "i18n/i18n_cs.properties": "1476438517187",
  "i18n/i18n_de.properties": "1476438517187",
  "i18n/i18n_en.properties": "1476438517187",
  "i18n/i18n_en_US_sappsd.properties": "1476438517187",
  "i18n/i18n_en_US_saptrc.properties": "1476438517187",
  "i18n/i18n_es.properties": "1476438517187",
  "i18n/i18n_fr.properties": "1476438517187",
  "i18n/i18n_hr.properties": "1476438517187",
  "i18n/i18n_hu.properties": "1476438517187",
  "i18n/i18n_it.properties": "1476438517187",
  "i18n/i18n_iw.properties": "1476438517187",
  "i18n/i18n_ja.properties": "1476438517187",
  "i18n/i18n_no.properties": "1476438517187",
  "i18n/i18n_pl.properties": "1476438517202",
  "i18n/i18n_pt.properties": "1476438517202",
  "i18n/i18n_ro.properties": "1476438517202",
  "i18n/i18n_ru.properties": "1476438517202",
  "i18n/i18n_sh.properties": "1476438517202",
  "i18n/i18n_sk.properties": "1476438517202",
  "i18n/i18n_sl.properties": "1476438517202",
  "i18n/i18n_tr.properties": "1476438517202",
  "i18n/i18n_zh_CN.properties": "1476438517202",
  "img/home/114_iPhone_Retina_Web_Clip.png": "1476438517218",
  "img/home/144_iPad_Retina_Web_Clip.png": "1476438517218",
  "img/home/57_iPhone_Desktop_Launch.png": "1476438517218",
  "img/home/72_iPad_Desktop_Launch.png": "1476438517218",
  "img/home/favicon.ico": "1476438517218",
  "Main-dbg.controller.js": "1476438517171",
  "Main.controller.js": "1476439723759",
  "Main.view.xml": "1476438517171",
  "model/metadata.xml": "1476438517171",
  "model/Product.json": "1476438517171",
  "model/PurchaseOrder.json": "1476438517171",
  "model/PurchaseOrderItem.json": "1476438517171",
  "model/Supplier.json": "1476438517171",
  "resources/.theming": "1476438517187",
  "util/Formatter-dbg.js": "1476438517218",
  "util/Formatter.js": "1484544615011",
  "util/TrackCaller-dbg.js": "1476438517218",
  "util/TrackCaller.js": "1484544652481",
  "version.json": "1476438517171",
  "view/S2-dbg.controller.js": "1476438517202",
  "view/S2.controller.js": "1476438624390",
  "view/S2.view.xml": "1476438517202",
  "view/S3-dbg.controller.js": "1476438517202",
  "view/S3.controller.js": "1480399917833",
  "view/S3.view.xml": "1476438517202",
  "view/ShoppingCartCheckout-dbg.controller.js": "1476438517202",
  "view/ShoppingCartCheckout.controller.js": "1483962459022",
  "view/ShoppingCartCheckout.view.xml": "1490948742006",
  "view/ShoppingCartItems-dbg.controller.js": "1476438517218",
  "view/ShoppingCartItems.controller.js": "1483962482818",
  "view/ShoppingCartItems.view.xml": "1476438517218"
}