<!--







    Copyright (C) 2009-2014 SAP SE or an SAP affiliate company. All rights reserved







-->



<mvc:View



        xmlns:core="sap.ui.core"



        xmlns:mvc="sap.ui.core.mvc"



        xmlns:layout="sap.ui.layout"



        xmlns:f="sap.ui.layout.form"



        xmlns:m="sap.m"



        xmlns:suite="sap.suite.ui.commons" 



        controllerName="hcm.people.profile.blocks.QualificationsExpandedController">



        



            <!--<m:Table id="ctrlQualificationsTbl" items="{qualifications}" backgroundDesign="Transparent">-->



            <!--            <m:columns>-->



            <!--             <m:Column demandPopin="true" popinHAlign="Left" popinDisplay="Block">-->



            <!--                <m:Text text="{i18n>TOPIC}" />-->



            <!--             </m:Column>-->



            <!--             <m:Column demandPopin="true" popinHAlign="Left" popinDisplay="Block">-->



            <!--                <m:Text text="{i18n>COMPETENCY_LEVEL}" />-->



            <!--             </m:Column>     -->



            <!--            </m:columns>-->



            <!--            <m:items>-->



            <!--            <m:ColumnListItem id="ctrlQualificationItem">-->



            <!--              <m:cells>-->



            <!--                <layout:VerticalLayout>-->



            <!--                <m:Label text="{Name}" design="Bold" />-->



            <!--                <m:Text text="{ValidUntil}" wrapping="true"/>-->



            <!--                </layout:VerticalLayout>-->



            <!--                <suite:BulletChart size="M" targetValue="{RequiredRating}" minValue="0" maxValue="{Scalecount}" class="marginTopLeft">-->



            <!--                    <suite:actual>-->



            <!--                    <suite:BulletChartData value="{Rating}" color="{Color}"/>-->



            <!--                    </suite:actual>-->



            <!--                    <suite:thresholds>-->



            <!--                    <suite:BulletChartData value="0"/>-->



            <!--                    </suite:thresholds>-->



            <!--                </suite:BulletChart>      -->



            <!--              </m:cells>-->



            <!--            </m:ColumnListItem>-->



            <!--            </m:items>-->



            <!--</m:Table>-->



 



        <layout:Grid  id="ctrlQualificationContainer" defaultSpan="L12 M12 S12" hSpacing="0">  



        </layout:Grid>



        <m:Label id="dispStatusMsg" visible="false"></m:Label>



 



</mvc:View>