<mvc:View controllerName="hcm.people.profile.blocks.QualificationsCollapsedController" xmlns:core="sap.ui.core" xmlns:f="sap.ui.layout.form"
	xmlns:layout="sap.ui.layout" xmlns:m="sap.m" xmlns:mvc="sap.ui.core.mvc" xmlns:suite="sap.suite.ui.commons">
	<!--<m:Table id="ctrlQualificationsTbl" items="{qualifications}" backgroundDesign="Transparent">-->
	<!--            <m:columns>-->
	<!--             <m:Column demandPopin="true" popinHAlign="Left" popinDisplay="Block">-->
	<!--                <m:Text text="{i18n>TOPIC}"/>-->
	<!--             </m:Column>-->
	<!--             <m:Column demandPopin="true" popinHAlign="Left" popinDisplay="Block">-->
	<!--                <m:Text text="{i18n>COMPETENCY_LEVEL}"/>-->
	<!--             </m:Column>     -->
	<!--            </m:columns>-->
	<!--            <m:items>-->
	<!--            <m:ColumnListItem id="ctrlQualificationItem">-->
	<!--              <m:cells>-->
	<!--                <layout:VerticalLayout>-->
	<!--                <m:Label text="{Name}" design="Bold"/>-->
	<!--                <m:Text text="{ValidUntil}" wrapping="true"/>-->
	<!--                </layout:VerticalLayout>-->
	<!--                <suite:BulletChart size="M" targetValue="{RequiredRating}" minValue="0" maxValue="{Scalecount}" class="marginTopLeft">-->
	<!--                    <suite:actual>-->
	<!--                    <suite:BulletChartData value="{Rating}" color="{Color}"/>-->
	<!--                    </suite:actual>-->
	<!--                    <suite:thresholds>-->
	<!--                    <suite:BulletChartData value="0"/>-->
	<!--                    </suite:thresholds>-->
	<!--                </suite:BulletChart>      -->
	<!--              </m:cells>-->
	<!--            </m:ColumnListItem>-->
	<!--            </m:items>-->
	<!--</m:Table>-->
	<layout:Grid defaultSpan="L12 M12 S12" hSpacing="0" id="ctrlQualificationContainer"></layout:Grid>
	<m:Label design="Bold" id="dispStatusMsg" visible="false" width="100%"></m:Label>
</mvc:View>