{
  "run": [
    {
      "filePath": "/Z_UI_QM_TASKEXT/index.html",
      "previewMode": 0,
      "dataMode": 1,
      "workspace": "withoutWorkspace",
      "ui5ActiveVersion": null,
      "ui5VerSource": null,
      "isDefaultVersion": 0,
      "urlParameters": [],
      "_metadata": {
        "runnerId": "webapprunner",
        "id": 9182163,
        "displayName": "New Web Application 3"
      }
    },
    {
      "filePath": "/Z_UI_QM_TASKExt/index.html",
      "previewMode": 0,
      "dataMode": 1,
      "workspace": "withoutWorkspace",
      "ui5ActiveVersion": null,
      "ui5VerSource": null,
      "isDefaultVersion": 0,
      "urlParameters": [],
      "_metadata": {
        "runnerId": "webapprunner",
        "id": 7021571,
        "displayName": "New Web Application 6"
      }
    },
    {
      "filePath": "/Z_UI_QM_TASKExt/Component.js",
      "previewMode": 0,
      "dataMode": 1,
      "workspace": "withoutWorkspace",
      "ui5ActiveVersion": null,
      "ui5VerSource": null,
      "isDefaultVersion": 0,
      "urlParameters": [],
      "_metadata": {
        "runnerId": "fiorirunner",
        "id": 2793584,
        "displayName": "New SAP Fiori Component on Sandbox"
      }
    }
  ]
}