{
  "Component.js": "1480579320643",
  "css/qt_style-dbg.css": "1476684713282",
  "css/qt_style.css": "1476684713286",
  "fragments/PerResSelectDialog.fragment.xml": "1476684713289",
  "fragments/PerResSelectDialogCustom.fragment.xml": "1476786375552",
  "fragments/TaskComments.fragment.xml": "1481281586024",
  "fragments/TaskSelectDialog.fragment.xml": "1476684713288",
  "fragments/userAuthenticateDialog.fragment.xml": "1476684713292",
  "fragments/ViewSettingsFilterDialog.fragment.xml": "1491373502697",
  "i18n/i18n.properties": "1480503996549",
  "i18n/i18n_ar.properties": "1476684713335",
  "i18n/i18n_bg.properties": "1476684713344",
  "i18n/i18n_cs.properties": "1476684713338",
  "i18n/i18n_de.properties": "1476684713336",
  "i18n/i18n_en.properties": "1480504033722",
  "i18n/i18n_en_US_sappsd.properties": "1476684713349",
  "i18n/i18n_en_US_saptrc.properties": "1476684713347",
  "i18n/i18n_es.properties": "1476684713350",
  "i18n/i18n_fr.properties": "1476684713354",
  "i18n/i18n_hr.properties": "1476684713352",
  "i18n/i18n_hu.properties": "1476684713355",
  "i18n/i18n_it.properties": "1476684713356",
  "i18n/i18n_iw.properties": "1476684713366",
  "i18n/i18n_ja.properties": "1476684713358",
  "i18n/i18n_no.properties": "1476684713363",
  "i18n/i18n_pl.properties": "1476684713361",
  "i18n/i18n_pt.properties": "1476684713359",
  "i18n/i18n_ro.properties": "1476684713368",
  "i18n/i18n_ru.properties": "1476684713372",
  "i18n/i18n_sh.properties": "1476684713370",
  "i18n/i18n_sk.properties": "1476684713371",
  "i18n/i18n_sl.properties": "1476684713373",
  "i18n/i18n_tr.properties": "1476684713384",
  "i18n/i18n_zh_CN.properties": "1476684713385",
  "index.html": "1476684713278",
  "localIndex.html": "1476684713277",
  "model/metadata.xml": "1476684713314",
  "model/Product.json": "1476684713309",
  "model/PurchaseOrder.json": "1476684713307",
  "model/PurchaseOrderItem.json": "1476684713308",
  "model/Supplier.json": "1476684713311",
  "utils/FragmentHelperExt.js": "1491372865190",
  "utils/HelperExt.js": "1481527146331",
  "utils/StatusHelperExt.js": "1481793286250",
  "view/AddTask.controller.js": "1476776376334",
  "view/AddTask.view.xml": "1497431140629",
  "view/ReAssign.controller.js": "1481523172704",
  "view/ReAssign.view.xml": "1481523187673",
  "view/S2Custom.controller.js": "1481529241051",
  "view/S2Custom.view.xml": "1480659010788",
  "view/S3Custom.controller.js": "1481793889693",
  "view/S3Custom.view.xml": "1481788561310",
  "visual_ext_index.html": "1483939272101"
}