<edmx:Edmx xmlns:edmx="http://docs.oasis-open.org/odata/ns/edmx" Version="4.0">
	<edmx:Reference Uri="http://docs.oasis-open.org/odata/odata-data-aggregation-ext/v4.0/cs02/vocabularies/Org.OData.Aggregation.V1.xml">
		<edmx:Include Alias="Aggregation" Namespace="Org.OData.Aggregation.V1"/>
	</edmx:Reference>
	<edmx:Reference Uri="http://docs.oasis-open.org/odata/odata/v4.0/errata03/os/complete/vocabularies/Org.OData.Capabilities.V1.xml">
		<edmx:Include Alias="Capabilities" Namespace="Org.OData.Capabilities.V1"/>
	</edmx:Reference>
	<edmx:Reference Uri="https://wiki.scn.sap.com/wiki/download/attachments/448470974/Common.xml?api=v2">
		<edmx:Include Alias="Common" Namespace="com.sap.vocabularies.Common.v1"/>
	</edmx:Reference>
	<edmx:Reference Uri="https://wiki.scn.sap.com/wiki/download/attachments/448470971/Communication.xml?api=v2">
		<edmx:Include Alias="vCard" Namespace="com.sap.vocabularies.Communication.v1"/>
	</edmx:Reference>
	<edmx:Reference Uri="http://docs.oasis-open.org/odata/odata/v4.0/errata03/os/complete/vocabularies/Org.OData.Core.V1.xml">
		<edmx:Include Alias="Core" Namespace="Org.OData.Core.V1"/>
	</edmx:Reference>
	<edmx:Reference Uri="http://docs.oasis-open.org/odata/odata/v4.0/errata03/os/complete/vocabularies/Org.OData.Measures.V1.xml">
		<edmx:Include Alias="CQP" Namespace="Org.OData.Measures.V1"/>
	</edmx:Reference>
	<edmx:Reference Uri="https://wiki.scn.sap.com/wiki/download/attachments/448470968/UI.xml?api=v2">
		<edmx:Include Alias="UI" Namespace="com.sap.vocabularies.UI.v1"/>
	</edmx:Reference>
	<edmx:DataServices>
		<Schema xmlns="http://docs.oasis-open.org/odata/ns/edm">
			<Annotations Target="default.AssignmentType">
				<Annotation Term="UI.FieldGroup" Qualifier="Worklog">
					<Record Type="UI.FieldGroupType">
						<PropertyValue Property="Data">
							<Collection>
								<Record Type="UI.DataField">
									<PropertyValue Property="Value" Path="assWork/Region"/>
									<PropertyValue Property="Label" String="Region"/>
								</Record>
								<Record Type="UI.DataField">
									<PropertyValue Property="Value" Path="assWork/CustonerName"/>
									<PropertyValue Property="Label" String="Customer Name"/>
								</Record>
								<Record Type="UI.DataField">
									<PropertyValue Property="Value" Path="assWork/Date"/>
									<PropertyValue Property="Label" String="Date"/>
								</Record>
								<Record Type="UI.DataField">
									<PropertyValue Property="Value" Path="assWork/CustomerAddress"/>
									<PropertyValue Property="Label" String="Customer Address"/>
								</Record>
								<Record Type="UI.DataField">
									<PropertyValue Property="Value" Path="assWork/Feedback"/>
									<PropertyValue Property="Label" String="Feedback"/>
								</Record>
								<Record Type="UI.DataField">
									<PropertyValue Property="Value" Path="assWork/Status"/>
									<PropertyValue Property="Label" String="Status"/>
								</Record>
								<Record Type="UI.DataField">
									<PropertyValue Property="Value" Path="assWork/Price"/>
									<PropertyValue Property="Label" String="Price"/>
								</Record>
							</Collection>
						</PropertyValue>
					</Record>
				</Annotation>
				<Annotation Term="UI.Facets">
					<Collection>
						<Record Type="UI.ReferenceFacet">
							<PropertyValue Property="Target" AnnotationPath="@UI.FieldGroup#Worklog"/>
							<PropertyValue Property="Label" String="Worklog"/>
						</Record>
						<Record Type="UI.ReferenceFacet">
							<PropertyValue Property="Target" AnnotationPath="@UI.LineItem#Worklog"/>
							<PropertyValue Property="Label" String="Expense"/>
						</Record>
					</Collection>
				</Annotation>
				<Annotation Term="UI.LineItem" Qualifier="Worklog">
					<Collection>
						<Record Type="UI.DataField">
							<PropertyValue Property="Value" Path="assWork/Region"/>
							<PropertyValue Property="Label" String="Region"/>
						</Record>
						<Record Type="UI.DataField">
							<PropertyValue Property="Value" Path="assWork/CustonerName"/>
							<PropertyValue Property="Label" String="Customer Name"/>
						</Record>
						<Record Type="UI.DataField">
							<PropertyValue Property="Value" Path="assWork/Date"/>
							<PropertyValue Property="Label" String="Date"/>
						</Record>
						<Record Type="UI.DataField">
							<PropertyValue Property="Value" Path="assWork/CustomerAddress"/>
							<PropertyValue Property="Label" String="Customer Address"/>
						</Record>
						<Record Type="UI.DataField">
							<PropertyValue Property="Value" Path="assWork/Feedback"/>
							<PropertyValue Property="Label" String="Feedback"/>
						</Record>
						<Record Type="UI.DataField">
							<PropertyValue Property="Value" Path="assWork/Status"/>
							<PropertyValue Property="Label" String="Status"/>
						</Record>
						<Record Type="UI.DataField">
							<PropertyValue Property="Value" Path="assWork/Price"/>
							<PropertyValue Property="Label" String="Price"/>
						</Record>
					</Collection>
				</Annotation>
				<Annotation Term="UI.FieldGroup" Qualifier="Expense">
					<Record Type="UI.FieldGroupType">
						<PropertyValue Property="Data">
							<Collection>
								<Record Type="UI.DataField">
									<PropertyValue Property="Value" Path="assExp/Category"/>
									<PropertyValue Property="Label" String="Category"/>
								</Record>
								<Record Type="UI.DataField">
									<PropertyValue Property="Value" Path="assExp/Region"/>
									<PropertyValue Property="Label" String="Region"/>
								</Record>
								<Record Type="UI.DataField">
									<PropertyValue Property="Value" Path="assExp/FromDate"/>
									<PropertyValue Property="Label" String="From Date"/>
								</Record>
								<Record Type="UI.DataField">
									<PropertyValue Property="Value" Path="assExp/ToDate"/>
									<PropertyValue Property="Label" String="To Date"/>
								</Record>
								<Record Type="UI.DataField">
									<PropertyValue Property="Value" Path="assExp/Expense"/>
									<PropertyValue Property="Label" String="Expense"/>
								</Record>
								<Record Type="UI.DataField">
									<PropertyValue Property="Value" Path="assExp/Status"/>
									<PropertyValue Property="Label" String="Status"/>
								</Record>
							</Collection>
						</PropertyValue>
					</Record>
				</Annotation>
				<Annotation Term="UI.DataPoint" Qualifier="TargetAch">
					<Record Type="UI.DataPointType">
						<PropertyValue Property="Title" String="Target Achieved"/>
						<PropertyValue Property="Value" Path="TargetAchieved"/>
					</Record>
				</Annotation>
				<Annotation Term="UI.DataPoint" Qualifier="AllocatedExp">
					<Record Type="UI.DataPointType">
						<PropertyValue Property="Title" String="Allocated Expense"/>
						<PropertyValue Property="Value" Path="AllocatedExp"/>
					</Record>
				</Annotation>
				<Annotation Term="UI.DataPoint" Qualifier="AssignedBy">
					<Record Type="UI.DataPointType">
						<PropertyValue Property="Title" String="Assigned By"/>
						<PropertyValue Property="Value" Path="AssignedBy"/>
					</Record>
				</Annotation>
				<Annotation Term="UI.DataPoint" Qualifier="SalesTarget">
					<Record Type="UI.DataPointType">
						<PropertyValue Property="Title" String="Sales Target"/>
						<PropertyValue Property="Value" Path="SalesTarget"/>
					</Record>
				</Annotation>
				<Annotation Term="UI.SelectionFields" Qualifier="StatusText">
					<Collection>
						<PropertyPath>StatusText</PropertyPath>
					</Collection>
				</Annotation>
				<Annotation Term="UI.SelectionFields" Qualifier="EndDate">
					<Collection>
						<PropertyPath>EndDate</PropertyPath>
					</Collection>
				</Annotation>
				<Annotation Term="UI.SelectionFields" Qualifier="StartDate">
					<Collection>
						<PropertyPath>StartDate</PropertyPath>
					</Collection>
				</Annotation>
				<Annotation Term="UI.LineItem">
					<Collection>
						<Record Type="UI.DataField">
							<PropertyValue Property="Value" Path="AllocationID"/>
						</Record>
						<Record Type="UI.DataField">
							<PropertyValue Property="Value" Path="Region"/>
						</Record>
						<Record Type="UI.DataField">
							<PropertyValue Property="Value" Path="StartDate"/>
						</Record>
						<Record Type="UI.DataField">
							<PropertyValue Property="Value" Path="EndDate"/>
						</Record>
						<Record Type="UI.DataField">
							<PropertyValue Property="Value" Path="SalesTarget"/>
						</Record>
						<Record Type="UI.DataField">
							<PropertyValue Property="Value" Path="CustomerVTarget"/>
						</Record>
						<Record Type="UI.DataField">
							<PropertyValue Property="Value" Path="StatusText"/>
						</Record>
					</Collection>
				</Annotation>
			</Annotations>
		</Schema>
	</edmx:DataServices>
</edmx:Edmx>