{
  "Component.js": "1439311604000",
  ".Ui5RepositoryIgnore": "1439311604000",
  ".Ui5RepositoryBinaryFiles": "1439311604000",
  ".Ui5RepositoryTextFiles": "1439311604000",
  "Component-dbg.js": "1439311604000",
  "Configuration.js": "1439311604000",
  "Main.view.xml": "1439311604000",
  "Main.controller.js": "1439311604000",
  "Configuration-dbg.js": "1439311604000",
  "Main-dbg.controller.js": "1439311604000",
  "version.json": "1439311604000",
  "model/PurchaseOrder.json": "1439311604000",
  "model/PurchaseOrderItem.json": "1439311604000",
  "model/Supplier.json": "1439311604000",
  "model/Product.json": "1439311604000",
  "model/metadata.xml": "1439311604000",
  "frag/JamShareItemDisplay.fragment.xml": "1439311604000",
  "frag/UserPicker.fragment.xml": "1439311604000",
  "frag/SubstituteProfile.fragment.xml": "1439311604000",
  "frag/AddSubstitute.fragment.xml": "1439311604000",
  "css/inbox-dbg.css": "1439311604000",
  "css/inbox.css": "1439311604000",
  "util/Conversions-dbg.js": "1439311604000",
  "util/Conversions.js": "1439311604000",
  "util/Forward-dbg.js": "1439311604000",
  "util/Forward.js": "1439311604000",
  "util/MultiSelect-dbg.js": "1439311604000",
  "util/MultiSelect.js": "1439311604000",
  "util/ODataModelExtension-dbg.js": "1439311604000",
  "util/ODataModelExtension.js": "1439311604000",
  "util/ProcessLogConfig.json": "1439311604000",
  "util/Substitution-dbg.js": "1439311604000",
  "util/DataManager.js": "1439311604000",
  "util/DataManager-dbg.js": "1439311604000",
  "util/SupportInfo.js": "1439311604000",
  "util/Substitution.js": "1439311604000",
  "util/oDataReadExtension-dbg.js": "1439311604000",
  "util/oDataReadExtension.js": "1439311604000",
  "util/SupportInfo-dbg.js": "1439311604000",
  "i18n/i18n_de.properties": "1439311604000",
  "i18n/i18n.properties": "1439311604000",
  "i18n/i18n_ar.properties": "1439311604000",
  "i18n/i18n_bg.properties": "1439311604000",
  "i18n/i18n_en_US_saptrc.properties": "1439311604000",
  "i18n/i18n_en.properties": "1439311604000",
  "i18n/i18n_cs.properties": "1439311604000",
  "i18n/i18n_es.properties": "1439311604000",
  "i18n/i18n_fr.properties": "1439311604000",
  "i18n/i18n_hr.properties": "1439311604000",
  "i18n/i18n_hu.properties": "1439311604000",
  "i18n/i18n_it.properties": "1439311604000",
  "i18n/i18n_en_US_sappsd.properties": "1439311604000",
  "i18n/i18n_pl.properties": "1439311604000",
  "i18n/i18n_pt.properties": "1439311604000",
  "i18n/i18n_ja.properties": "1439311604000",
  "i18n/i18n_iw.properties": "1439311604000",
  "i18n/i18n_no.properties": "1439311604000",
  "i18n/i18n_sh.properties": "1439311604000",
  "i18n/i18n_ru.properties": "1439311604000",
  "i18n/i18n_ro.properties": "1439311604000",
  "i18n/i18n_sk.properties": "1439311604000",
  "i18n/i18n_sl.properties": "1439311604000",
  "i18n/i18n_tr.properties": "1439311604000",
  "i18n/i18n_zh_CN.properties": "1439311604000",
  "view/Forward.view.xml": "1439311604000",
  "view/Forward.controller.js": "1439311604000",
  "view/Forward-dbg.controller.js": "1439311604000",
  "view/MultiSelectDetail.controller.js": "1439311604000",
  "view/MultiSelectDetail-dbg.controller.js": "1439311604000",
  "view/MultiSelectDetail.view.xml": "1439311604000",
  "view/MultiSelectFilter.controller.js": "1439311604000",
  "view/MultiSelectFilter.view.xml": "1439311604000",
  "view/MultiSelectMessage.controller.js": "1439311604000",
  "view/MultiSelectMessage-dbg.controller.js": "1439311604000",
  "view/MultiSelectMessage.view.xml": "1439311604000",
  "view/MultiSelectFilter-dbg.controller.js": "1439311604000",
  "view/MultiSelectSummary-dbg.controller.js": "1439311604000",
  "view/MultiSelectSummary.view.xml": "1439311604000",
  "view/MultiSelectSummary.controller.js": "1439311604000",
  "view/S2.view.xml": "1439311604000",
  "view/S3.view.xml": "1439311604000",
  "view/S3.controller.js": "1439311604000",
  "view/SupportInfo.controller.js": "1439311604000",
  "view/SupportInfo.view.xml": "1439311604000",
  "view/SupportInfo-dbg.controller.js": "1439311604000",
  "view/ViewSubstitution.view.xml": "1439311604000",
  "view/ViewSubstitution.controller.js": "1439311604000",
  "view/S2.controller.js": "1439311604000",
  "view/ViewSubstitution-dbg.controller.js": "1439311604000",
  "view/S3-dbg.controller.js": "1439311604000",
  "view/S2-dbg.controller.js": "1439311604000",
  "img/home/144_iPad_Retina_Web_Clip.png": "1439311604000",
  "img/home/57_iPhone_Desktop_Launch.png": "1439311604000",
  "img/home/114_iPhone_Retina_Web_Clip.png": "1439311604000",
  "img/home/72_iPad_Desktop_Launch.png": "1439311604000",
  "img/home/favicon.ico": "1439311604000",
  "Component-preload.js": "1439311604000",
  "Component-preload-dbg.js": "1439311604000"
}