<!--



    Copyright (C) 2009-2014 SAP SE or an SAP affiliate company. All rights reserved



-->

<ViewSettingsDialog xmlns="sap.m" id="FilterDialog" confirm="onConfirmFilterDialog" resetFilters="onResetFilterDialog" cancel="onCancelFilterDialog">

	<filterItems>

		<ViewSettingsFilterItem id="FiltertByStatus" key="1" text="Status">

			<items>

				<ViewSettingsItem id="StatusSaved" key="1a" text="Submitted" selected="false">

					<customData>

						<CustomData xmlns="sap.ui.core" value="{filters: {path:'STATUS', operator:'EQ', value1:'I1009'}}"/>

					</customData>

				</ViewSettingsItem>

				<ViewSettingsItem id="StatusApproved" key="1b" text="Approved" selected="false">

					<customData>

						<CustomData xmlns="sap.ui.core" value="{filters: {path:'STATUS', operator:'EQ', value1:'I1129'}}"/>

					</customData>

				</ViewSettingsItem>

				<ViewSettingsItem id="StatusAwaiting" key="1c" text="Awaiting Approval" selected="false">

					<customData>

						<CustomData xmlns="sap.ui.core" value="{filters: {path:'STATUS', operator:'EQ', value1:'I1015'}}"/>

					</customData>

				</ViewSettingsItem>

			</items>

		</ViewSettingsFilterItem>

	    	<ViewSettingsCustomItem id="FiltertByDate" key="2" text="Date">

			<customControl>

				<VBox id="DatesContainer" fitContainer="true" direction="Column">

					<items>

						<Label id="DateFrom" design="Bold" text="From Date" labelFor="DateFromPicker"/>

						<DatePicker xmlns="sap.m" id="DateFromPicker" width="10em"  change="onChangeDateFrom"/>

						<Label id="DateTo" design="Bold" text="To Date" labelFor="DateToPicker"/>

						<DatePicker xmlns="sap.m" id="DateToPicker" width="10em" change="onChangeDateTo"/>

					</items>

				</VBox>

			</customControl>

		</ViewSettingsCustomItem>

	</filterItems>

</ViewSettingsDialog>