<core:FragmentDefinition xmlns:core="sap.ui.core" xmlns:f="sap.ui.layout.form" xmlns:u="sap.ui.unified" xmlns="sap.m">
	<Dialog contentWidth="30%" id="idDialogEmployeeNo" title="Enter Personnel Number">
		<content>
				<f:SimpleForm id="idFormEmp" editable="true" layout="ResponsiveGridLayout" labelSpanXL="4" labelSpanL="4" labelSpanM="12" labelSpanS="12"
											adjustLabelSpan="false" emptySpanXL="0" emptySpanL="0" emptySpanM="0" emptySpanS="0" columnsXL="2" columnsL="2" columnsM="1"
											singleContainerFullSize="false">
											<f:content>
												<Label text=""/>
												<Input value=""/>
											</f:content>
										</f:SimpleForm>
									
		</content>
		<buttons>
			<Button press="onEmpNoSubmit" text="{i18n>submit}" type="Emphasized"></Button>
		</buttons>
	</Dialog>
</core:FragmentDefinition>