{
  "run": [
    {
      "filePath": "/UI_QM_CREATEExtension/index.html",
      "previewMode": 0,
      "dataMode": 1,
      "workspace": "withoutWorkspace",
      "ui5ActiveVersion": null,
      "ui5VerSource": null,
      "isDefaultVersion": 0,
      "urlParameters": [],
      "_metadata": {
        "runnerId": "webapprunner",
        "id": 44523,
        "displayName": "New Web Application"
      }
    },
    {
      "filePath": "/UI_QM_CREATEExtension/index.html",
      "previewMode": 0,
      "dataMode": 1,
      "workspace": "withoutWorkspace",
      "ui5ActiveVersion": null,
      "ui5VerSource": null,
      "isDefaultVersion": 0,
      "urlParameters": [],
      "_metadata": {
        "runnerId": "webapprunner",
        "id": 1815253,
        "displayName": "New Web Application"
      }
    }
  ]
}