{
  ".Ui5RepositoryBinaryFiles": "1468406238606",
  ".Ui5RepositoryIgnore": "1468406238606",
  ".Ui5RepositoryTextFiles": "1468406238606",
  "Component-dbg.js": "1468406238606",
  "Component-preload-dbg.js": "1468406238689",
  "Component-preload.js": "1468489039521",
  "Component.js": "1468478085669",
  "Configuration-dbg.js": "1468406238606",
  "Configuration.js": "1468489014346",
  "control/AddPicture-dbg.js": "1468406238609",
  "control/AddPicture.js": "1468406238609",
  "control/AddPictureRenderer-dbg.js": "1468406238609",
  "control/AddPictureRenderer.js": "1468406238609",
  "control/PictureItem-dbg.js": "1468406238609",
  "control/PictureItem.js": "1468406238609",
  "control/PictureItemRenderer-dbg.js": "1468406238609",
  "control/PictureItemRenderer.js": "1468406238609",
  "css/qi_style-dbg.css": "1468406238609",
  "css/qi_style.css": "1468406238609",
  "fragments/CategorySelectDialog.fragment.xml": "1468406238606",
  "fragments/CustomSettingsDialog.fragment.xml": "1468406238606",
  "fragments/CustomSettingsDialogHeader.fragment.xml": "1468406238720",
  "fragments/CustomSettingsList.fragment.xml": "1468406238606",
  "fragments/CustomSettingsNumberOfIssues.fragment.xml": "1468406238606",
  "fragments/CustomSettingsPlantsList.fragment.xml": "1468406238606",
  "fragments/DefectSelectDialog.fragment.xml": "1468406238606",
  "fragments/ViewSettingsFilterDialog.fragment.xml": "1468406238606",
  "fragments/ViewSettingsSortDialog.fragment.xml": "1468406238609",
  "i18n/i18n.properties": "1468406238609",
  "i18n/i18n_ar.properties": "1468406238658",
  "i18n/i18n_bg.properties": "1468406238611",
  "i18n/i18n_cs.properties": "1468406238609",
  "i18n/i18n_de.properties": "1468406238609",
  "i18n/i18n_en.properties": "1468406238609",
  "i18n/i18n_en_US_sappsd.properties": "1468406238611",
  "i18n/i18n_en_US_saptrc.properties": "1468406238658",
  "i18n/i18n_es.properties": "1468406238658",
  "i18n/i18n_fr.properties": "1468406238658",
  "i18n/i18n_hr.properties": "1468406238658",
  "i18n/i18n_hu.properties": "1468406238658",
  "i18n/i18n_it.properties": "1468406238720",
  "i18n/i18n_iw.properties": "1468406238658",
  "i18n/i18n_ja.properties": "1468406238658",
  "i18n/i18n_no.properties": "1468406238658",
  "i18n/i18n_pl.properties": "1468406238658",
  "i18n/i18n_pt.properties": "1468406238674",
  "i18n/i18n_ro.properties": "1468406238674",
  "i18n/i18n_ru.properties": "1468406238705",
  "i18n/i18n_sh.properties": "1468406238674",
  "i18n/i18n_sk.properties": "1468406238689",
  "i18n/i18n_sl.properties": "1468406238689",
  "i18n/i18n_tr.properties": "1468406238689",
  "i18n/i18n_zh_CN.properties": "1468406238689",
  "img/home/114_iPhone_Retina_Web_Clip.png": "1468406238720",
  "img/home/144_iPad_Retina_Web_Clip.png": "1468406238720",
  "img/home/57_iPhone_Desktop_Launch.png": "1468406238720",
  "img/home/72_iPad_Desktop_Launch.png": "1468406238720",
  "img/home/favicon.ico": "1468406238720",
  "Main-dbg.controller.js": "1468406238606",
  "Main.controller.js": "1468489102062",
  "Main.view.xml": "1468491412775",
  "utils/DateTimeConversions-dbg.js": "1468406238689",
  "utils/DateTimeConversions.js": "1472122643806",
  "utils/ErrorDialog-dbg.js": "1468406238689",
  "utils/ErrorDialog.js": "1495452726927",
  "utils/FragmentHelper-dbg.js": "1468406238689",
  "utils/FragmentHelper.js": "1468566168419",
  "utils/Helper-dbg.js": "1468406238689",
  "utils/Helper.js": "1468567312272",
  "utils/InteropServiceHelper-dbg.js": "1468406238689",
  "utils/InteropServiceHelper.js": "1468580955667",
  "utils/StatusHelper-dbg.js": "1468406238705",
  "utils/StatusHelper.js": "1468491673822",
  "utils/StorageHelper-dbg.js": "1468406238705",
  "utils/StorageHelper.js": "1468491646745",
  "version.json": "1468406238606",
  "view/S2-dbg.controller.js": "1468406238705",
  "view/S2.controller.js": "1468478869513",
  "view/S2.view.xml": "1468406238705",
  "view/S3-dbg.controller.js": "1468406238705",
  "view/S3.controller.js": "1468478914681",
  "view/S3.view.xml": "1468406238705",
  "view/S4-dbg.controller.js": "1468406238705",
  "view/S4.controller.js": "1470642136613",
  "view/S4.view.xml": "1468406238705",
  "view/Viewer-dbg.controller.js": "1468406238705",
  "view/Viewer.controller.js": "1469519721416",
  "view/Viewer.view.xml": "1468406238720"
}