{
  "Component-dbg.js": "1487846579619",
  "Component-preload-dbg.js": "1487846579647",
  "Component-preload.js": "1487846579664",
  "Component.js": "1488201582782",
  "Configuration-dbg.js": "1487846579622",
  "Configuration.js": "1487846579581",
  "css/mtc-dbg.css": "1487846579709",
  "css/mtc.css": "1487846579717",
  "i18n/i18n.properties": "1487846579787",
  "i18n/i18n_ar.properties": "1487846579799",
  "i18n/i18n_bg.properties": "1487846579804",
  "i18n/i18n_cs.properties": "1487846579837",
  "i18n/i18n_de.properties": "1487846579847",
  "i18n/i18n_en.properties": "1487846579842",
  "i18n/i18n_en_ar.properties": "1487846579877",
  "i18n/i18n_en_cs.properties": "1487846579912",
  "i18n/i18n_en_de.properties": "1487846579917",
  "i18n/i18n_en_en.properties": "1487846579920",
  "i18n/i18n_en_es.properties": "1487846579930",
  "i18n/i18n_en_fr.properties": "1487846579932",
  "i18n/i18n_en_hu.properties": "1487846579925",
  "i18n/i18n_en_it.properties": "1487846579937",
  "i18n/i18n_en_iw.properties": "1487846579940",
  "i18n/i18n_en_ja.properties": "1487846579945",
  "i18n/i18n_en_no.properties": "1487846579947",
  "i18n/i18n_en_pl.properties": "1487846579950",
  "i18n/i18n_en_pt.properties": "1487846579955",
  "i18n/i18n_en_ru.properties": "1487846579957",
  "i18n/i18n_en_tr.properties": "1487846579960",
  "i18n/i18n_en_US_sappsd.properties": "1487846579860",
  "i18n/i18n_en_US_saptrc.properties": "1487846579870",
  "i18n/i18n_en_zh_CN.properties": "1487846579965",
  "i18n/i18n_es.properties": "1487846579967",
  "i18n/i18n_fr.properties": "1487846579972",
  "i18n/i18n_hr.properties": "1487846580032",
  "i18n/i18n_hu.properties": "1487846579975",
  "i18n/i18n_it.properties": "1487846580035",
  "i18n/i18n_iw.properties": "1487846580048",
  "i18n/i18n_ja.properties": "1487846580058",
  "i18n/i18n_no.properties": "1487846580060",
  "i18n/i18n_pl.properties": "1487846580065",
  "i18n/i18n_pt.properties": "1487846580085",
  "i18n/i18n_ro.properties": "1487846580090",
  "i18n/i18n_ru.properties": "1487846580098",
  "i18n/i18n_sh.properties": "1487846580103",
  "i18n/i18n_sk.properties": "1487846580105",
  "i18n/i18n_sl.properties": "1487846580138",
  "i18n/i18n_tr.properties": "1487846580148",
  "i18n/i18n_zh_CN.properties": "1487846580160",
  "Main-dbg.controller.js": "1487846579627",
  "Main.controller.js": "1487846579624",
  "Main.view.xml": "1487846579632",
  "model/metadata.xml": "1487846579724",
  "version.json": "1487846579672",
  "view/ConcurrentEmployment-dbg.js": "1487846579732",
  "view/ConcurrentEmployment.js": "1488278097610",
  "view/S1-dbg.controller.js": "1487846579797",
  "view/S1.controller.js": "1488278779769",
  "view/S1.view.xml": "1487846579792"
}