<?xml version="1.0" encoding="utf-8"?>
<edmx:Edmx Version="1.0" xmlns:edmx="http://schemas.microsoft.com/ado/2007/06/edmx"
	xmlns:m="http://schemas.microsoft.com/ado/2007/08/dataservices/metadata" xmlns:sap="http://www.sap.com/Protocols/SAPData">
	<edmx:DataServices m:DataServiceVersion="2.0">
		<Schema Namespace="ZGW_PO_HUB_FIORI_SRV" xml:lang="en" sap:schema-version="1" xmlns="http://schemas.microsoft.com/ado/2008/09/edm">
			<EntityType Name="Subscription" sap:semantics="subscriptions" sap:content-version="1">
				<Key><PropertyRef Name="ID"/></Key><Property Name="ID" Type="Edm.String" Nullable="false" MaxLength="32" sap:label="Sub. ID" sap:creatable="false" sap:updatable="false"
					sap:filterable="false"/><Property Name="user" Type="Edm.String" MaxLength="12" m:FC_TargetPath="SyndicationAuthorName" m:FC_KeepInContent="false"
					sap:label="User Name" sap:creatable="false" sap:filterable="false"/><Property Name="updated" Type="Edm.DateTime" Precision="0" m:FC_TargetPath="SyndicationUpdated" m:FC_KeepInContent="false"
					sap:label="Time Stamp" sap:creatable="false" sap:filterable="false"/><Property Name="title" Type="Edm.String" MaxLength="255" m:FC_TargetPath="SyndicationTitle" m:FC_KeepInContent="false" sap:label="Title"
					sap:filterable="false"/><Property Name="deliveryAddress" Type="Edm.String" sap:label="Delivery Address" sap:filterable="false"/><Property Name="persistNotifications" Type="Edm.Boolean" sap:label="Persist Notification" sap:filterable="false"/><Property Name="collection" Type="Edm.String" MaxLength="40" sap:label="Collection" sap:filterable="false"/><Property Name="filter" Type="Edm.String" sap:label="Filter" sap:filterable="false"/><Property Name="select" Type="Edm.String" MaxLength="255" sap:label="Select" sap:filterable="false"/><Property Name="changeType" Type="Edm.String" MaxLength="30" sap:label="Change Type"/></EntityType>
			<EntityType Name="Notification" sap:semantics="notifications" sap:content-version="1">
				<Key><PropertyRef Name="ID"/></Key><Property Name="ID" Type="Edm.String" Nullable="false" MaxLength="32" sap:label="Notification ID"/><Property Name="collection" Type="Edm.String" MaxLength="40" sap:label="Collection"/><Property Name="title" Type="Edm.String" m:FC_TargetPath="SyndicationTitle" m:FC_KeepInContent="false" sap:label="Notif. Text"/><Property Name="updated" Type="Edm.DateTime" Precision="0" m:FC_TargetPath="SyndicationUpdated" m:FC_KeepInContent="false"
					sap:label="Time Stamp"/><Property Name="changeType" Type="Edm.String" MaxLength="30" sap:label="Change Type"/><Property Name="entriesOfInterest" Type="Edm.Int32" sap:label="No. of Entries"/><Property Name="recipient" Type="Edm.String" MaxLength="112" sap:label="Recipient" sap:creatable="false" sap:updatable="false"/></EntityType>
			<EntityType Name="GrnHub" sap:content-version="1">
				<Key><PropertyRef Name="DataType"/></Key><Property Name="Charg" Type="Edm.String" Nullable="false" MaxLength="10" sap:unicode="false" sap:label="Batch" sap:creatable="false"
					sap:updatable="false" sap:sortable="false" sap:filterable="false"/><Property Name="AsnNum" Type="Edm.String" Nullable="false" MaxLength="35" sap:unicode="false" sap:label="CHAR35" sap:creatable="false"
					sap:updatable="false" sap:sortable="false" sap:filterable="false"/><Property Name="PoObjectId" Type="Edm.String" Nullable="false" MaxLength="10" sap:unicode="false" sap:label="Transaction Number"
					sap:creatable="false" sap:updatable="false" sap:sortable="false" sap:filterable="false"/><Property Name="Mblnr" Type="Edm.String" Nullable="false" MaxLength="10" sap:unicode="false" sap:label="Material Document"
					sap:creatable="false" sap:updatable="false" sap:sortable="false" sap:filterable="false"/><Property Name="CpudtMkpf" Type="Edm.String" Nullable="false" MaxLength="8" sap:unicode="false" sap:label="char8" sap:creatable="false"
					sap:updatable="false" sap:sortable="false" sap:filterable="false"/><Property Name="DataRange" Type="Edm.String" Nullable="false" MaxLength="3" sap:unicode="false" sap:label="3-Byte field"
					sap:creatable="false" sap:updatable="false" sap:sortable="false" sap:filterable="false"/><Property Name="DataType" Type="Edm.String" Nullable="false" MaxLength="3" sap:unicode="false" sap:label="3-Byte field"
					sap:creatable="false" sap:updatable="false" sap:sortable="false" sap:filterable="false"/><Property Name="Status" Type="Edm.String" Nullable="false" MaxLength="2" sap:unicode="false" sap:label="Version Number Component"
					sap:creatable="false" sap:updatable="false" sap:sortable="false" sap:filterable="false"/></EntityType>
			<EntityType Name="PoHub" sap:content-version="1">
				<Key><PropertyRef Name="DataType"/></Key><Property Name="PoObjectId" Type="Edm.String" Nullable="false" MaxLength="10" sap:unicode="false" sap:label="Transaction Number"
					sap:creatable="false" sap:updatable="false" sap:sortable="false" sap:filterable="false"/><Property Name="PoAmount" Type="Edm.Decimal" Nullable="false" Precision="15" Scale="2" sap:unicode="false" sap:label="Release Value"
					sap:creatable="false" sap:updatable="false" sap:sortable="false" sap:filterable="false"/><Property Name="RfxObjectId" Type="Edm.String" Nullable="false" MaxLength="10" sap:unicode="false" sap:label="Transaction Number"
					sap:creatable="false" sap:updatable="false" sap:sortable="false" sap:filterable="false"/><Property Name="PoStat" Type="Edm.String" Nullable="false" MaxLength="5" sap:unicode="false" sap:label="System status" sap:creatable="false"
					sap:updatable="false" sap:sortable="false" sap:filterable="false"/><Property Name="PoStatTxt" Type="Edm.String" Nullable="false" MaxLength="30" sap:unicode="false" sap:label="Status" sap:creatable="false"
					sap:updatable="false" sap:sortable="false" sap:filterable="false"/><Property Name="DataRange" Type="Edm.String" Nullable="false" MaxLength="3" sap:unicode="false" sap:label="3-Byte field"
					sap:creatable="false" sap:updatable="false" sap:sortable="false" sap:filterable="false"/><Property Name="DataType" Type="Edm.String" Nullable="false" MaxLength="3" sap:unicode="false" sap:label="3-Byte field"
					sap:creatable="false" sap:updatable="false" sap:sortable="false" sap:filterable="false"/><Property Name="Status" Type="Edm.String" Nullable="false" MaxLength="2" sap:unicode="false" sap:label="Version Number Component"
					sap:creatable="false" sap:updatable="false" sap:sortable="false" sap:filterable="false"/></EntityType>
			<EntityType Name="PoHubCount" sap:content-version="1">
				<Key><PropertyRef Name="DataType"/></Key><Property Name="UserName" Type="Edm.String" Nullable="false" sap:unicode="false" sap:label="User Name" sap:creatable="false"
					sap:updatable="false" sap:sortable="false" sap:filterable="false"/><Property Name="Count" Type="Edm.Int32" Nullable="false" sap:unicode="false" sap:label="Edited Database Rows" sap:creatable="false"
					sap:updatable="false" sap:sortable="false" sap:filterable="false"/><Property Name="Status" Type="Edm.String" Nullable="false" MaxLength="2" sap:unicode="false" sap:label="Version Number Component"
					sap:creatable="false" sap:updatable="false" sap:sortable="false" sap:filterable="false"/><Property Name="StatusText" Type="Edm.String" Nullable="false" MaxLength="30" sap:unicode="false" sap:label="Text" sap:creatable="false"
					sap:updatable="false" sap:sortable="false" sap:filterable="false"/><Property Name="DataRange" Type="Edm.String" Nullable="false" MaxLength="3" sap:unicode="false" sap:label="3-Byte field"
					sap:creatable="false" sap:updatable="false" sap:sortable="false" sap:filterable="false"/><Property Name="DataType" Type="Edm.String" Nullable="false" MaxLength="3" sap:unicode="false" sap:label="3-Byte field"
					sap:creatable="false" sap:updatable="false" sap:sortable="false" sap:filterable="false"/><Property Name="Status1" Type="Edm.String" Nullable="false" MaxLength="2" sap:unicode="false" sap:label="Version Number Component"
					sap:creatable="false" sap:updatable="false" sap:sortable="false" sap:filterable="false"/></EntityType>
			<EntityType Name="AsnHub" sap:content-version="1">
				<Key><PropertyRef Name="DataType"/></Key><Property Name="InvDate" Type="Edm.DateTime" Precision="0" sap:unicode="false" sap:label="Invoice Date" sap:creatable="false"
					sap:updatable="false" sap:sortable="false" sap:filterable="false"/><Property Name="InvNum" Type="Edm.String" Nullable="false" MaxLength="16" sap:unicode="false" sap:label="Invoice Number"
					sap:creatable="false" sap:updatable="false" sap:sortable="false" sap:filterable="false"/><Property Name="PODate" Type="Edm.DateTime" Precision="0" sap:unicode="false" sap:label="Posting Date for a Business Transaction"
					sap:creatable="false" sap:updatable="false" sap:sortable="false" sap:filterable="false"/><Property Name="AsnObjectId" Type="Edm.String" Nullable="false" MaxLength="10" sap:unicode="false" sap:label="Transaction Number"
					sap:creatable="false" sap:updatable="false" sap:sortable="false" sap:filterable="false"/><Property Name="PoObjectId" Type="Edm.String" Nullable="false" MaxLength="10" sap:unicode="false" sap:label="Transaction Number"
					sap:creatable="false" sap:updatable="false" sap:sortable="false" sap:filterable="false"/><Property Name="AsnDate" Type="Edm.DateTime" Nullable="false" Precision="0" sap:unicode="false" sap:label="Character Field Length = 10"
					sap:creatable="false" sap:updatable="false" sap:sortable="false" sap:filterable="false"/><Property Name="AsnStat" Type="Edm.String" Nullable="false" MaxLength="5" sap:unicode="false" sap:label="System status"
					sap:creatable="false" sap:updatable="false" sap:sortable="false" sap:filterable="false"/><Property Name="AsnStatTxt" Type="Edm.String" Nullable="false" MaxLength="30" sap:unicode="false" sap:label="Status" sap:creatable="false"
					sap:updatable="false" sap:sortable="false" sap:filterable="false"/><Property Name="DataRange" Type="Edm.String" Nullable="false" MaxLength="3" sap:unicode="false" sap:label="3-Byte field"
					sap:creatable="false" sap:updatable="false" sap:sortable="false" sap:filterable="false"/><Property Name="DataType" Type="Edm.String" Nullable="false" MaxLength="3" sap:unicode="false" sap:label="3-Byte field"
					sap:creatable="false" sap:updatable="false" sap:sortable="false" sap:filterable="false"/><Property Name="Status" Type="Edm.String" Nullable="false" MaxLength="2" sap:unicode="false" sap:label="Version Number Component"
					sap:creatable="false" sap:updatable="false" sap:sortable="false" sap:filterable="false"/></EntityType>
			<EntityType Name="AsnHubCount" sap:content-version="1">
				<Key><PropertyRef Name="DataType"/></Key><Property Name="Count" Type="Edm.Int32" Nullable="false" sap:unicode="false" sap:label="Edited Database Rows" sap:creatable="false"
					sap:updatable="false" sap:sortable="false" sap:filterable="false"/><Property Name="Status" Type="Edm.String" Nullable="false" MaxLength="2" sap:unicode="false" sap:label="Version Number Component"
					sap:creatable="false" sap:updatable="false" sap:sortable="false" sap:filterable="false"/><Property Name="StatusText" Type="Edm.String" Nullable="false" MaxLength="30" sap:unicode="false" sap:label="Text" sap:creatable="false"
					sap:updatable="false" sap:sortable="false" sap:filterable="false"/><Property Name="DataRange" Type="Edm.String" Nullable="false" MaxLength="3" sap:unicode="false" sap:label="3-Byte field"
					sap:creatable="false" sap:updatable="false" sap:sortable="false" sap:filterable="false"/><Property Name="DataType" Type="Edm.String" Nullable="false" MaxLength="3" sap:unicode="false" sap:label="3-Byte field"
					sap:creatable="false" sap:updatable="false" sap:sortable="false" sap:filterable="false"/><Property Name="Status1" Type="Edm.String" Nullable="false" MaxLength="2" sap:unicode="false" sap:label="Version Number Component"
					sap:creatable="false" sap:updatable="false" sap:sortable="false" sap:filterable="false"/></EntityType>
			<EntityType Name="InvHubCount" sap:content-version="1">
				<Key><PropertyRef Name="DataType"/></Key><Property Name="Count" Type="Edm.Int32" Nullable="false" sap:unicode="false" sap:label="Edited Database Rows" sap:creatable="false"
					sap:updatable="false" sap:sortable="false" sap:filterable="false"/><Property Name="Status" Type="Edm.String" Nullable="false" MaxLength="2" sap:unicode="false" sap:label="Version Number Component"
					sap:creatable="false" sap:updatable="false" sap:sortable="false" sap:filterable="false"/><Property Name="StatusText" Type="Edm.String" Nullable="false" MaxLength="30" sap:unicode="false" sap:label="Text" sap:creatable="false"
					sap:updatable="false" sap:sortable="false" sap:filterable="false"/><Property Name="DataRange" Type="Edm.String" Nullable="false" MaxLength="3" sap:unicode="false" sap:label="3-Byte field"
					sap:creatable="false" sap:updatable="false" sap:sortable="false" sap:filterable="false"/><Property Name="DataType" Type="Edm.String" Nullable="false" MaxLength="3" sap:unicode="false" sap:label="3-Byte field"
					sap:creatable="false" sap:updatable="false" sap:sortable="false" sap:filterable="false"/><Property Name="Status1" Type="Edm.String" Nullable="false" MaxLength="2" sap:unicode="false" sap:label="Version Number Component"
					sap:creatable="false" sap:updatable="false" sap:sortable="false" sap:filterable="false"/></EntityType>
			<EntityType Name="InvcHub" sap:content-version="1">
				<Key><PropertyRef Name="DataType"/></Key><Property Name="PODate" Type="Edm.DateTime" Precision="0" sap:unicode="false" sap:label="Posting Date for a Business Transaction"
					sap:creatable="false" sap:updatable="false" sap:sortable="false" sap:filterable="false"/><Property Name="PersonAssign" Type="Edm.String" MaxLength="12" sap:unicode="false" sap:label="User Name" sap:creatable="false"
					sap:updatable="false" sap:sortable="false" sap:filterable="false"/><Property Name="InvDate" Type="Edm.DateTime" Precision="0" sap:unicode="false" sap:label="Invoice Date" sap:creatable="false"
					sap:updatable="false" sap:sortable="false" sap:filterable="false"/><Property Name="PONum" Type="Edm.String" sap:unicode="false" sap:label="Purchasing Document Number" sap:creatable="false"
					sap:updatable="false" sap:sortable="false" sap:filterable="false"/><Property Name="InvNum" Type="Edm.String" MaxLength="16" sap:unicode="false" sap:label="Invoice Number" sap:creatable="false"
					sap:updatable="false" sap:sortable="false" sap:filterable="false"/><Property Name="InvAmt" Type="Edm.Decimal" Precision="15" Scale="2" sap:unicode="false" sap:label="Invoice Amount" sap:creatable="false"
					sap:updatable="false" sap:sortable="false" sap:filterable="false"/><Property Name="InvApprAmt" Type="Edm.Decimal" Precision="15" Scale="2" sap:unicode="false" sap:label="Invoice Amount" sap:creatable="false"
					sap:updatable="false" sap:sortable="false" sap:filterable="false"/><Property Name="PayDueDate" Type="Edm.DateTime" Precision="0" sap:unicode="false" sap:label="Character Field Length = 10"
					sap:creatable="false" sap:updatable="false" sap:sortable="false" sap:filterable="false"/><Property Name="StatusDate" Type="Edm.DateTime" Precision="0" sap:unicode="false" sap:label="Character Field Length = 10"
					sap:creatable="false" sap:updatable="false" sap:sortable="false" sap:filterable="false"/><Property Name="StatusDescription" Type="Edm.String" MaxLength="150" sap:unicode="false" sap:label="Text content" sap:creatable="false"
					sap:updatable="false" sap:sortable="false" sap:filterable="false"/><Property Name="DeviationName" Type="Edm.String" MaxLength="100" sap:unicode="false" sap:label="Character 100" sap:creatable="false"
					sap:updatable="false" sap:sortable="false" sap:filterable="false"/><Property Name="PersonName" Type="Edm.String" MaxLength="80" sap:unicode="false" sap:label="Changed by" sap:creatable="false"
					sap:updatable="false" sap:sortable="false" sap:filterable="false"/><Property Name="DataRange" Type="Edm.String" MaxLength="3" sap:unicode="false" sap:label="3-Byte field" sap:creatable="false"
					sap:updatable="false" sap:sortable="false" sap:filterable="false"/><Property Name="DataType" Type="Edm.String" Nullable="false" MaxLength="3" sap:unicode="false" sap:label="3-Byte field"
					sap:creatable="false" sap:updatable="false" sap:sortable="false" sap:filterable="false"/><Property Name="Status1" Type="Edm.String" MaxLength="2" sap:unicode="false" sap:label="Version Number Component" sap:creatable="false"
					sap:updatable="false" sap:sortable="false" sap:filterable="false"/></EntityType>
			<EntityType Name="InvcHub01" sap:content-version="1">
				<Key><PropertyRef Name="DataType"/></Key><Property Name="PODate" Type="Edm.DateTime" Nullable="false" Precision="0" sap:unicode="false"
					sap:label="Posting Date for a Business Transaction" sap:creatable="false" sap:updatable="false" sap:sortable="false" sap:filterable="false"/><Property Name="AsnObjectId" Type="Edm.String" Nullable="false" MaxLength="10" sap:unicode="false" sap:label="Transaction Number"
					sap:creatable="false" sap:updatable="false" sap:sortable="false" sap:filterable="false"/><Property Name="PoObjectId" Type="Edm.String" Nullable="false" MaxLength="10" sap:unicode="false" sap:label="Transaction Number"
					sap:creatable="false" sap:updatable="false" sap:sortable="false" sap:filterable="false"/><Property Name="AsnDate" Type="Edm.DateTime" Nullable="false" Precision="0" sap:unicode="false" sap:label="Character Field Length = 10"
					sap:creatable="false" sap:updatable="false" sap:sortable="false" sap:filterable="false"/><Property Name="AsnStat" Type="Edm.String" Nullable="false" MaxLength="5" sap:unicode="false" sap:label="System status"
					sap:creatable="false" sap:updatable="false" sap:sortable="false" sap:filterable="false"/><Property Name="AsnStatTxt" Type="Edm.String" Nullable="false" MaxLength="30" sap:unicode="false" sap:label="Status" sap:creatable="false"
					sap:updatable="false" sap:sortable="false" sap:filterable="false"/><Property Name="DataRange" Type="Edm.String" Nullable="false" MaxLength="3" sap:unicode="false" sap:label="3-Byte field"
					sap:creatable="false" sap:updatable="false" sap:sortable="false" sap:filterable="false"/><Property Name="DataType" Type="Edm.String" Nullable="false" MaxLength="3" sap:unicode="false" sap:label="3-Byte field"
					sap:creatable="false" sap:updatable="false" sap:sortable="false" sap:filterable="false"/><Property Name="Status" Type="Edm.String" Nullable="false" MaxLength="2" sap:unicode="false" sap:label="Version Number Component"
					sap:creatable="false" sap:updatable="false" sap:sortable="false" sap:filterable="false"/></EntityType>
			<EntityType Name="GrnHubCount" sap:content-version="1">
				<Key><PropertyRef Name="DataType"/></Key><Property Name="Count" Type="Edm.Int32" Nullable="false" sap:unicode="false" sap:label="Edited Database Rows" sap:creatable="false"
					sap:updatable="false" sap:sortable="false" sap:filterable="false"/><Property Name="Status" Type="Edm.String" Nullable="false" MaxLength="2" sap:unicode="false" sap:label="Version Number Component"
					sap:creatable="false" sap:updatable="false" sap:sortable="false" sap:filterable="false"/><Property Name="StatusText" Type="Edm.String" Nullable="false" MaxLength="30" sap:unicode="false" sap:label="Text" sap:creatable="false"
					sap:updatable="false" sap:sortable="false" sap:filterable="false"/><Property Name="DataRange" Type="Edm.String" Nullable="false" MaxLength="3" sap:unicode="false" sap:label="3-Byte field"
					sap:creatable="false" sap:updatable="false" sap:sortable="false" sap:filterable="false"/><Property Name="DataType" Type="Edm.String" Nullable="false" MaxLength="3" sap:unicode="false" sap:label="3-Byte field"
					sap:creatable="false" sap:updatable="false" sap:sortable="false" sap:filterable="false"/><Property Name="Status1" Type="Edm.String" Nullable="false" MaxLength="2" sap:unicode="false" sap:label="Version Number Component"
					sap:creatable="false" sap:updatable="false" sap:sortable="false" sap:filterable="false"/></EntityType>
			<EntityContainer Name="ZGW_PO_HUB_FIORI_SRV_Entities" m:IsDefaultEntityContainer="true" sap:supported-formats="atom json xlsx"><EntitySet Name="SubscriptionCollection" EntityType="ZGW_PO_HUB_FIORI_SRV.Subscription" sap:content-version="1"/><EntitySet Name="NotificationCollection" EntityType="ZGW_PO_HUB_FIORI_SRV.Notification" sap:creatable="false" sap:updatable="false"
				sap:deletable="false" sap:addressable="false" sap:content-version="1"/><EntitySet Name="GrnHubSet" EntityType="ZGW_PO_HUB_FIORI_SRV.GrnHub" sap:searchable="true" sap:requires-filter="true"
				sap:content-version="1"/><EntitySet Name="PoHubSet" EntityType="ZGW_PO_HUB_FIORI_SRV.PoHub" sap:searchable="true" sap:requires-filter="true" sap:content-version="1"/><EntitySet Name="PoHubCountSet" EntityType="ZGW_PO_HUB_FIORI_SRV.PoHubCount" sap:searchable="true" sap:requires-filter="true"
				sap:content-version="1"/><EntitySet Name="AsnHubSet" EntityType="ZGW_PO_HUB_FIORI_SRV.AsnHub" sap:searchable="true" sap:requires-filter="true"
				sap:content-version="1"/><EntitySet Name="AsnHubCountSet" EntityType="ZGW_PO_HUB_FIORI_SRV.AsnHubCount" sap:searchable="true" sap:requires-filter="true"
				sap:content-version="1"/><EntitySet Name="InvHubCountSet" EntityType="ZGW_PO_HUB_FIORI_SRV.InvHubCount" sap:searchable="true" sap:requires-filter="true"
				sap:content-version="1"/><EntitySet Name="InvcHubSet" EntityType="ZGW_PO_HUB_FIORI_SRV.InvcHub" sap:searchable="true" sap:requires-filter="true"
				sap:content-version="1"/><EntitySet Name="InvcHub01Set" EntityType="ZGW_PO_HUB_FIORI_SRV.InvcHub01" sap:searchable="true" sap:requires-filter="true"
				sap:content-version="1"/><EntitySet Name="GrnHubCountSet" EntityType="ZGW_PO_HUB_FIORI_SRV.GrnHubCount" sap:searchable="true" sap:requires-filter="true"
				sap:content-version="1"/></EntityContainer><atom:link rel="self" href="http://sapnwg75d.mydrreddys.com:8001/sap/opu/odata/sap/ZGW_PO_HUB_FIORI_SRV/$metadata"
				xmlns:atom="http://www.w3.org/2005/Atom"/><atom:link rel="latest-version" href="http://sapnwg75d.mydrreddys.com:8001/sap/opu/odata/sap/ZGW_PO_HUB_FIORI_SRV/$metadata"
				xmlns:atom="http://www.w3.org/2005/Atom"/></Schema>
	</edmx:DataServices>
</edmx:Edmx>