<?xml version="1.0" encoding="utf-8"?>

<edmx:Edmx Version="1.0"

    xmlns:edmx="http://schemas.microsoft.com/ado/2007/06/edmx"

    xmlns:m="http://schemas.microsoft.com/ado/2007/08/dataservices/metadata"

    xmlns:sap="http://www.sap.com/Protocols/SAPData">

    <edmx:DataServices m:DataServiceVersion="2.0">

        <Schema Namespace="ZQM_TASK_SRV" xml:lang="en" sap:schema-version="1"

            xmlns="http://schemas.microsoft.com/ado/2008/09/edm">

            <EntityType Name="QMNotifAttachment" sap:content-version="1">

                <Key>

                    <PropertyRef Name="DocumentNumber"/>

                </Key>

                <Property Name="DocFileSize" Type="Edm.String" MaxLength="22" sap:label="Document Size"/>

                <Property Name="CreatedAt" Type="Edm.String" MaxLength="14"/>

                <Property Name="CreatorName" Type="Edm.String" MaxLength="35" sap:label="List name"/>

                <Property Name="CreatedBy" Type="Edm.String" MaxLength="12" sap:label="User"/>

                <Property Name="DocumentNumber" Type="Edm.String" Nullable="false" MaxLength="25" sap:label="Document"/>

                <Property Name="TaskNum" Type="Edm.String" MaxLength="4" sap:label="Task"/>

                <Property Name="NotificationID" Type="Edm.String" MaxLength="12" sap:label="Notification"/>

                <Property Name="DocOrigin" Type="Edm.String"/>

                <Property Name="DocType" Type="Edm.String" MaxLength="3" sap:label="Document Type"/>

                <Property Name="DocPart" Type="Edm.String" MaxLength="3" sap:label="Document Part"/>

                <Property Name="DocVersion" Type="Edm.String" MaxLength="2" sap:label="Doc. Version"/>

                <Property Name="DocAppl" Type="Edm.String" MaxLength="3" sap:label="Applic."/>

                <Property Name="DocData" Type="Edm.String"/>

                <NavigationProperty Name="QMTask" Relationship="ZQM_TASK_SRV.QMTaskQMAttachments" FromRole="ToRole_QMTaskQMAttachments" ToRole="FromRole_QMTaskQMAttachments"/>

            </EntityType>

            <EntityType Name="QMSettings" sap:content-version="1">

                <Key>

                    <PropertyRef Name="MaxHits"/>

                </Key>

                <Property Name="MaxHits" Type="Edm.Int16" Nullable="false" sap:label="Max. Records"/>

            </EntityType>

            <EntityType Name="QMTask" sap:content-version="1">

                <Key>

                    <PropertyRef Name="NotificationID"/>

                    <PropertyRef Name="TaskNum"/>

                </Key>

                <Property Name="ModificationMode" Type="Edm.Int16"/>

                <Property Name="PartnerCompany" Type="Edm.String" MaxLength="42" sap:label="Company"/>

                <Property Name="PartnerEmail" Type="Edm.String" MaxLength="241" sap:label="E-Mail Address"/>

                <Property Name="PartnerWorkPhone" Type="Edm.String" MaxLength="30" sap:label="Telephone"/>

                <Property Name="PartnerMobilePhone" Type="Edm.String" MaxLength="30" sap:label="Telephone"/>

                <Property Name="PartnerName" Type="Edm.String" MaxLength="35" sap:label="List name"/>

                <Property Name="PartnerID" Type="Edm.String" MaxLength="12" sap:label="Partner"/>

                <Property Name="TaskLongtext" Type="Edm.String"/>

                <Property Name="TaskShortText" Type="Edm.String" MaxLength="40" sap:label="Task text"/>

                <Property Name="NotifAttCount" Type="Edm.Int16" sap:label="Int2"/>

                <Property Name="NotifPirorityText" Type="Edm.String" MaxLength="40" sap:label="Description"/>

                <Property Name="NotifShortText" Type="Edm.String" MaxLength="40" sap:label="Description"/>

                <Property Name="NotifTypeText" Type="Edm.String" MaxLength="40" sap:label="Description"/>

                <Property Name="NotificationID" Type="Edm.String" Nullable="false" MaxLength="12" sap:label="Notification"/>

                <Property Name="DefectCodeText" Type="Edm.String" MaxLength="80" sap:label="Description"/>

                <Property Name="DefectDescription" Type="Edm.String" MaxLength="40" sap:label="Description"/>

                <Property Name="DefectRelNum" Type="Edm.Int16" sap:label="Item"/>

                <Property Name="StatusText" Type="Edm.String"/>

                <Property Name="Status" Type="Edm.String" MaxLength="30" sap:label="Status"/>

                <Property Name="DueDate" Type="Edm.DateTime" Precision="0" sap:label="Planned finish"/>

                <Property Name="StartDate" Type="Edm.DateTime" Precision="0" sap:label="Planned start"/>

                <Property Name="TaskCodeText" Type="Edm.String" MaxLength="80" sap:label="Description"/>

                <Property Name="TaskNum" Type="Edm.String" Nullable="false" MaxLength="4" sap:label="Task"/>

                <Property Name="Password" Type="Edm.String" MaxLength="132" sap:label=""/>

                <NavigationProperty Name="QMNotifAttachmentSet" Relationship="ZQM_TASK_SRV.QMTaskQMAttachments" FromRole="FromRole_QMTaskQMAttachments" ToRole="ToRole_QMTaskQMAttachments"/>

            </EntityType>

            <EntityType Name="QMTaskStatus" sap:content-version="1">

                <Key>

                    <PropertyRef Name="Status"/>

                </Key>

                <Property Name="Status" Type="Edm.String" Nullable="false" MaxLength="5" sap:label="System status"/>

                <Property Name="Default" Type="Edm.String" MaxLength="1" sap:label="Default"/>

                <Property Name="Color" Type="Edm.String" MaxLength="12" sap:label="Color"/>

                <Property Name="Language" Type="Edm.String" MaxLength="2" sap:label="Language"/>

                <Property Name="Text" Type="Edm.String" MaxLength="16" sap:label="Status Text"/>

            </EntityType>

            <EntityType Name="QMUser" sap:content-version="1">

                <Key>

                    <PropertyRef Name="FullName"/>

                    <PropertyRef Name="UserName"/>

                </Key>

                <Property Name="FullName" Type="Edm.String" Nullable="false" MaxLength="80" sap:label="Complete name"/>

                <Property Name="UserName" Type="Edm.String" Nullable="false" MaxLength="12" sap:label="User"/>

            </EntityType>

            <EntityType Name="QMStream" m:HasStream="true" sap:content-version="1">

                <Key>

                    <PropertyRef Name="DocumentNumber"/>

                    <PropertyRef Name="Notification"/>

                </Key>

                <Property Name="Stream" Type="Edm.Binary"/>

                <Property Name="DocumentNumber" Type="Edm.String" Nullable="false" MaxLength="25" sap:label="Document"/>

                <Property Name="Notification" Type="Edm.String" Nullable="false" MaxLength="12" sap:label="Notification"/>

            </EntityType>

            <Association Name="QMTaskQMAttachments" sap:content-version="1">

                <End Type="ZQM_TASK_SRV.QMTask" Multiplicity="1" Role="FromRole_QMTaskQMAttachments"/>

                <End Type="ZQM_TASK_SRV.QMNotifAttachment" Multiplicity="*" Role="ToRole_QMTaskQMAttachments"/>

                <ReferentialConstraint>

                    <Principal Role="FromRole_QMTaskQMAttachments">

                        <PropertyRef Name="NotificationID"/>

                        <PropertyRef Name="TaskNum"/>

                    </Principal>

                    <Dependent Role="ToRole_QMTaskQMAttachments">

                        <PropertyRef Name="NotificationID"/>

                        <PropertyRef Name="TaskNum"/>

                    </Dependent>

                </ReferentialConstraint>

            </Association>

            <EntityContainer Name="ZQM_TASK_SRV_Entities" m:IsDefaultEntityContainer="true" sap:supported-formats="atom json xlsx">

                <EntitySet Name="QMSettingsSet" EntityType="ZQM_TASK_SRV.QMSettings" sap:content-version="1"/>

                <EntitySet Name="QMTaskSet" EntityType="ZQM_TASK_SRV.QMTask" sap:content-version="1"/>

                <EntitySet Name="QMTaskStatusSet" EntityType="ZQM_TASK_SRV.QMTaskStatus" sap:content-version="1"/>

                <EntitySet Name="QMUserSet" EntityType="ZQM_TASK_SRV.QMUser" sap:content-version="1"/>

                <EntitySet Name="QMStreamSet" EntityType="ZQM_TASK_SRV.QMStream" sap:content-version="1"/>

                <EntitySet Name="QMNotifAttachmentSet" EntityType="ZQM_TASK_SRV.QMNotifAttachment" sap:content-version="1"/>

                <AssociationSet Name="QMTaskQMAttachmentsSet" Association="ZQM_TASK_SRV.QMTaskQMAttachments" sap:creatable="false" sap:updatable="false" sap:deletable="false" sap:content-version="1">

                    <End EntitySet="QMTaskSet" Role="FromRole_QMTaskQMAttachments"/>

                    <End EntitySet="QMNotifAttachmentSet" Role="ToRole_QMTaskQMAttachments"/>

                </AssociationSet>

                <FunctionImport Name="GetAttData" ReturnType="Collection(ZQM_TASK_SRV.QMNotifAttachment)" EntitySet="QMNotifAttachmentSet" m:HttpMethod="GET" sap:action-for="ZQM_TASK_SRV.QMTask">

                    <Parameter Name="NotificationID" Type="Edm.String" Mode="In"/>

                    <Parameter Name="DocumentNumber" Type="Edm.String" Mode="In"/>

                </FunctionImport>

            </EntityContainer>

            <atom:link rel="self" href="http://localhost:9090/webidedispatcher/destinations/QM/sap/opu/odata/sap/ZQM_TASK_SRV/$metadata"

                xmlns:atom="http://www.w3.org/2005/Atom"/>

                <atom:link rel="latest-version" href="http://localhost:9090/webidedispatcher/destinations/QM/sap/opu/odata/sap/ZQM_TASK_SRV/$metadata"

                    xmlns:atom="http://www.w3.org/2005/Atom"/>

                </Schema>

            </edmx:DataServices>

        </edmx:Edmx>