{
  "Component.js": "1436854535000",
  "index.html": "1436854535000",
  "localIndex.html": "1436854535000",
  "MyRouter.js": "1436854535000",
  "css/style.css": "1436854535000",
  "i18n/messageBundle.properties": "1436854535000",
  "view/App.controller.js": "1436854535000",
  "view/App.view.xml": "1436854535000",
  "view/Detail.controller.js": "1437028356000",
  "view/Detail.view.xml": "1437028124000",
  "view/Master.controller.js": "1436854535000",
  "view/Master.view.xml": "1436854535000",
  "view/NotFound.controller.js": "1436854535000",
  "view/NotFound.view.xml": "1436854535000",
  "model/metadata.xml": "1436854561000"
}