<core:FragmentDefinition xmlns:core="sap.ui.core" xmlns:f="sap.ui.layout.form" xmlns:u="sap.ui.unified" xmlns="sap.m">



	<Dialog contentWidth="35%" id="idDialogService" title="Upload Documents for Service">



		<content>



			<f:SimpleForm editable="false" maxContainerCols="1" title="">



				<f:content>



					<Label text="Service Rendering State"></Label>



					<Text text="{ItemServiceModel>/StateTxt}"></Text>



				</f:content>



			</f:SimpleForm>



			<u:FileUploader placeholder="Choose a file for Upload..." id="fileUploaderService" change="handleValueChange"



				fileType="pdf,jpg,jpeg,doc,docx,gif,txt,tiff,xml,mpp,xls,xlsx" multiple="false" name="myFileUpload" sameFilenameAllowed="false" tooltip="Upload the attachment" typeMissmatch="handleTypeMissmatch"



				uploadComplete="handleUploadComplete" uploadUrl="upload/" width="400px"/>



			<Button press="handleUploadPress" text="Upload File"/>



			<Table id="idFileTableServ" includeItemInSelection="true" items="{ path: '/myFilesServ' }" mode="SingleSelectMaster">



				<columns>



					<Column demandPopin="true" hAlign="Center" minScreenWidth="Tablet" visible="true">



						<Label text="File Name"/>



					</Column>



					<Column demandPopin="true" hAlign="Center" minScreenWidth="Tablet">



						<Label text="Delete"/>



					</Column>



					<Column demandPopin="true" hAlign="Center" minScreenWidth="Tablet" visible="false">



						<Label text="Delete Flag"/>



					</Column>



				</columns>



				<items>



					<ColumnListItem>



						<cells>



							<Text text="{fileName}"/>



							<Button icon="sap-icon://delete" press="onDeleteFile"/>



							<Input value="{Updkz}" visible="false"/>



						</cells>



					</ColumnListItem>



				</items>



			</Table>



		</content>



		<buttons>



			<!-- <Button text="Done"  type="Emphasized" press="onUploadDocs"></Button>-->



			<Button press="onClose" text="Ok" type="Emphasized"></Button>



		</buttons>



	</Dialog>



</core:FragmentDefinition>