{
  "Blocks/Material/MaterialBlock.js": "1496913787133",
  "Blocks/Material/MaterialBlock.view.xml": "1496913787136",
  "Blocks/Material/MaterialBlockController.controller.js": "1501091457377",
  "Blocks/Service/ServiceBlock.js": "1496913787144",
  "Blocks/Service/ServiceBlock.view.xml": "1499408287866",
  "Blocks/Service/ServiceBlockController.controller.js": "1496913884080",
  "Component.js": "1496913787164",
  "controller/App.controller.js": "1496913787169",
  "controller/gst.controller.js": "1499695113345",
  "controller/Home.controller.js": "1496913787176",
  "css/style.css": "1496913787179",
  "fragments/GoodsSupplierDetails.fragment.xml": "1496913787184",
  "fragments/ServiceDetails.fragment.xml": "1496913787186",
  "fragments/ServiceDocs.fragment.xml": "1496913787188",
  "fragments/UploadDocs.fragment.xml": "1496913787189",
  "fragments/VendorDocs.fragment.xml": "1496913787191",
  "i18n/i18n.properties": "1496913787194",
  "images/dr-reddys-logo-2015.png": "1496913787196",
  "index.html": "1499422420989",
  "manifest.json": "1498044457277",
  "model/models.js": "1496913787203",
  "utils/Formatter.js": "1496913787210",
  "view/App.view.xml": "1496913787213",
  "view/gst.view.xml": "1496913787215",
  "view/Home.view.xml": "1496913787217"
}