{
  "view/home.controller.js": "1435923457000",
  "view/R2.view.js": "1436165056000",
  "view/home.view.js": "1437128169000",
  "view/R1.view.js": "1436163133000",
  "view/R3.view.js": "1436165181000",
  "view/R1.controller.js": "1435924164000",
  "view/R2.controller.js": "1436165308000",
  "view/R3.controller.js": "1436165302000",
  "index.html": "1436164533000",
  "images/Penguins.jpg": "1435925857000",
  "images/Chrysanthemum.jpg": "1436164079000",
  "images/Hydrangeas.jpg": "1436164146000",
  "images/Tulips.jpg": "1436164634000",
  "images/Jellyfish.jpg": "1437127926000",
  "images/Koala.jpg": "1437127992000",
  "images/Lighthouse.jpg": "1437128043000"
}