{
  "run": [
    {
      "filePath": "/LayoutActivity4/index.html",
      "previewMode": 0,
      "dataMode": 1,
      "workspace": "withoutWorkspace",
      "ui5ActiveVersion": null,
      "ui5VerSource": null,
      "isDefaultVersion": 0,
      "urlParameters": [],
      "_metadata": {
        "runnerId": "webapprunner",
        "id": 3699696,
        "displayName": "New Web Application 13"
      }
    },
    {
      "filePath": "/SMPActivity/index.html",
      "previewMode": 0,
      "dataMode": 1,
      "workspace": "withoutWorkspace",
      "ui5ActiveVersion": null,
      "isDefaultVersion": 0,
      "urlParameters": [],
      "_metadata": {
        "runnerId": "webapprunner",
        "id": 123158,
        "displayName": "New Web Application 20"
      }
    }
  ]
}