<core:FragmentDefinition xmlns="sap.m" xmlns:core="sap.ui.core">

<Dialog title="New Allocation">

<beginButton>

<Button text="Cancel" press="onCancelCreation"/>

</beginButton>

<endButton>

<Button text="Done" type="Emphasized" press="onCreateAllocation" enabled="{/doneButtonActive}"/>

</endButton>

<content>

<VBox width="100%" direction="Column" displayInline="true">

<items>

<Input width="100%" value="{/assigmentno}" placeholder="{/assgNoPlaceholder}"/>

<Input width="100%" value="{/rdes}" placeholder="{/regionPlaceholder}"/>

<Input width="100%" value="{/slstrgt}" placeholder="{/slstrgtPlaceholder}"/>

<Input width="100%" value="{/cstmrtrgt}" placeholder="{/cstmrtrgtPlaceholder}"/>

<Input width="100%" value="{/statusText}" placeholder="{/stText}"/>

<Input width="100%" value="{/allctdexpns}" placeholder="{/allctedPlaceholder}"/>

<Input width="100%" value="{/userid}" placeholder="{/userIdPlaceholder}"/>

<Input width="100%" value="{/assignedby}" placeholder="{/assignedPlaceholder}"/>

<DatePicker
			 value="{/fromdate}"  placeholder="{/fromDatePlaceholder}"
			displayFormat="short"
			change="handleChange"/>

<DatePicker
			 value="{/todate}"  placeholder="{/toDatePlaceholder}"
			displayFormat="short"
			change="handleChange"/>

<Input width="100%" value="{/SalesTargetAch}" placeholder="{/SalesTargetAchPlaceholder}"/>
			

</items>

</VBox>

</content>

</Dialog>

</core:FragmentDefinition>