<core:FragmentDefinition xmlns="sap.m" xmlns:core="sap.ui.core" >
	<Dialog title="Update Allocation" >
		<beginButton>
			<Button text="Cancel" press="onCancelUpdation"/>
		</beginButton>
		<endButton>
			<Button text="Done" type="Emphasized" press="onUpdateAllocation" enabled="true"/>
		</endButton>
		<content>
			<VBox width="100%" direction="Column" displayInline="true">
				<Label text="Enter Allocation ID"></Label>
				<Input width="100%" value="{updateModel>/assigmentno}" enabled="false"/>
				<Label text="Enter Region Description"></Label>
				<Input width="100%" value="{updateModel>/rdes}" />
				<Label text="Enter Sales Target"></Label>
				<Input width="100%" value="{updateModel>/slstrgt}" />
				<Label text="Enter Estimated Sales Target"></Label>
				<Input width="100%" value="{updateModel>/cstmrtrgt}" />
				<Label text="Enter Status"></Label>
				<Input width="100%" value="{updateModel>/StatusText}" />
				<Label text="Enter Allocated Expenses"></Label>
				<Input width="100%" value="{updateModel>/allctdexpns}" />
					<Label text="Enter User Id"></Label>
				<Input width="100%" value="{updateModel>/userid}" />
					<Label text="Enter Assigned By name"></Label>
				<Input width="100%" value="{updateModel>/assignedby}" />
					<Label text="Enter Start Date"></Label>
				<DatePicker value="{updateModel>/fromdate}" displayFormat="short" change="handleChange"/>
					<Label text="Enter End Date"></Label>
				<DatePicker value="{updateModel>/todate}"  displayFormat="short" change="handleChange"/>
					<Label text="Enter Sales Target Archieved"></Label>
				<Input width="100%" value="{updateModel>/SalesTargetAch}" />
			</VBox>
		</content>
	</Dialog>
</core:FragmentDefinition>